2026-05-03 09:51:36,777 [INFO] Projeto selecionado: mapbiomas-caatinga-cloud04
2026-05-03 09:51:38,494 [INFO] Earth Engine inicializado com sucesso.
2026-05-03 09:51:38,494 [INFO] Carregando feature collection de regiões fotovoltaicas...
2026-05-03 09:51:38,993 [INFO] Total de regiões: 88 | Processando [0:50]
2026-05-03 09:51:40,219 [INFO] 
============================================================
2026-05-03 09:51:40,219 [INFO] [1/88] Região: 00000000000000000000
2026-05-03 09:51:41,345 [INFO]   Grade: 169 patches (stride 200px = 954m | patch 256px = 1221m)
2026-05-03 09:51:41,345 [INFO] 
  --- Ano 2016 ---
2026-05-03 09:51:41,966 [INFO]   Já no disco: 0/169
2026-05-03 09:51:43,085 [WARNING]     r0000_c0000 tentativa 1/5: Expression does not evaluate to an image. — aguardando 15s
2026-05-03 09:51:58,512 [WARNING]     r0000_c0000 tentativa 2/5: Expression does not evaluate to an image. — aguardando 30s
2026-05-03 09:52:29,679 [WARNING]     r0000_c0000 tentativa 3/5: Expression does not evaluate to an image. — aguardando 60s
2026-05-03 09:53:30,814 [WARNING]     r0000_c0000 tentativa 4/5: Expression does not evaluate to an image. — aguardando 120s
2026-05-03 09:55:31,977 [ERROR]   Falha definitiva em r0000_c0000: Expression does not evaluate to an image.
2026-05-03 09:55:34,310 [WARNING]     r0000_c0001 tentativa 1/5: Expression does not evaluate to an image. — aguardando 15s
2026-05-03 09:55:49,871 [WARNING]     r0000_c0001 tentativa 2/5: Expression does not evaluate to an image. — aguardando 30s
2026-05-03 09:56:20,591 [WARNING]     r0000_c0001 tentativa 3/5: Expression does not evaluate to an image. — aguardando 60s
2026-05-03 09:57:21,111 [WARNING]     r0000_c0001 tentativa 4/5: Expression does not evaluate to an image. — aguardando 120s
2026-05-03 09:59:22,560 [ERROR]   Falha definitiva em r0000_c0001: Expression does not evaluate to an image.
2026-05-03 09:59:25,120 [WARNING]     r0000_c0002 tentativa 1/5: Expression does not evaluate to an image. — aguardando 15s
2026-05-03 09:59:41,298 [WARNING]     r0000_c0002 tentativa 2/5: Expression does not evaluate to an image. — aguardando 30s
2026-05-03 10:00:11,712 [WARNING]     r0000_c0002 tentativa 3/5: Expression does not evaluate to an image. — aguardando 60s
2026-05-03 10:01:12,848 [WARNING]     r0000_c0002 tentativa 4/5: Expression does not evaluate to an image. — aguardando 120s
2026-05-03 10:03:14,196 [ERROR]   Falha definitiva em r0000_c0002: Expression does not evaluate to an image.
2026-05-03 10:03:15,936 [WARNING]     r0000_c0003 tentativa 1/5: Expression does not evaluate to an image. — aguardando 15s
2026-05-03 10:03:31,403 [WARNING]     r0000_c0003 tentativa 2/5: Expression does not evaluate to an image. — aguardando 30s
2026-05-03 10:04:02,733 [WARNING]     r0000_c0003 tentativa 3/5: Expression does not evaluate to an image. — aguardando 60s
2026-05-03 10:05:03,189 [WARNING]     r0000_c0003 tentativa 4/5: Expression does not evaluate to an image. — aguardando 120s
2026-05-03 10:07:04,396 [ERROR]   Falha definitiva em r0000_c0003: Expression does not evaluate to an image.
2026-05-03 10:07:06,034 [WARNING]     r0000_c0004 tentativa 1/5: Expression does not evaluate to an image. — aguardando 15s
2026-05-03 10:07:22,110 [WARNING]     r0000_c0004 tentativa 2/5: Expression does not evaluate to an image. — aguardando 30s
2026-05-03 10:07:52,627 [WARNING]     r0000_c0004 tentativa 3/5: Expression does not evaluate to an image. — aguardando 60s
2026-05-03 10:08:53,864 [WARNING]     r0000_c0004 tentativa 4/5: Expression does not evaluate to an image. — aguardando 120s
2026-05-03 10:10:54,393 [ERROR]   Falha definitiva em r0000_c0004: Expression does not evaluate to an image.
2026-05-03 10:10:56,135 [WARNING]     r0000_c0005 tentativa 1/5: Expression does not evaluate to an image. — aguardando 15s
2026-05-03 10:11:11,592 [WARNING]     r0000_c0005 tentativa 2/5: Expression does not evaluate to an image. — aguardando 30s
2026-05-03 10:11:42,000 [WARNING]     r0000_c0005 tentativa 3/5: Expression does not evaluate to an image. — aguardando 60s
2026-05-03 10:12:42,529 [WARNING]     r0000_c0005 tentativa 4/5: Expression does not evaluate to an image. — aguardando 120s
2026-05-03 10:14:43,772 [ERROR]   Falha definitiva em r0000_c0005: Expression does not evaluate to an image.
2026-05-03 10:14:46,129 [WARNING]     r0000_c0006 tentativa 1/5: Expression does not evaluate to an image. — aguardando 15s
2026-05-03 10:15:01,792 [WARNING]     r0000_c0006 tentativa 2/5: Expression does not evaluate to an image. — aguardando 30s
2026-05-03 10:15:32,923 [WARNING]     r0000_c0006 tentativa 3/5: Expression does not evaluate to an image. — aguardando 60s
2026-05-03 10:16:34,159 [WARNING]     r0000_c0006 tentativa 4/5: Expression does not evaluate to an image. — aguardando 120s
2026-05-03 10:26:35,945 [INFO] Carregando feature collection de regiões fotovoltaicas...
2026-05-03 10:26:36,416 [INFO] Total de regiões: 88 | Processando [0:50]
2026-05-03 10:26:36,416 [INFO] primeira região 00000000000000000000
2026-05-03 10:27:10,544 [INFO] Carregando feature collection de regiões fotovoltaicas...
2026-05-03 10:27:10,931 [INFO] Total de regiões: 88 | Processando [0:50]
2026-05-03 10:27:10,931 [INFO] primeira região 00000000000000000000
2026-05-03 10:28:33,405 [INFO] Carregando feature collection de regiões fotovoltaicas...
2026-05-03 10:28:34,555 [INFO] Total de regiões: 88 | Processando [0:50]
2026-05-03 10:28:34,556 [INFO] primeira região 00000000000000000000
2026-05-03 10:28:34,556 [INFO]  ---- processing   0/88  >> 00000000000000000000
2026-05-03 10:28:35,062 [INFO]   Grade: 169 patches (stride 200px = 954m | patch 256px = 1221m)
2026-05-03 10:30:07,286 [INFO] Carregando feature collection de regiões fotovoltaicas...
2026-05-03 10:30:08,351 [INFO] Total de regiões: 88 | Processando [0:50]
2026-05-03 10:30:08,351 [INFO] primeira região 00000000000000000000
2026-05-03 10:30:08,351 [INFO]  ---- processing   0/88  >> id << 00000000000000000000
2026-05-03 10:30:09,476 [INFO]   Grade: 121 patches (stride 230px = 1097m | patch 256px = 1221m)
2026-05-03 10:34:55,409 [INFO] Carregando feature collection de regiões fotovoltaicas...
2026-05-03 10:34:56,712 [INFO] Total de regiões: 88 | Processando [0:50]
2026-05-03 10:34:56,712 [INFO] primeira região 00000000000000000000
2026-05-03 10:34:56,712 [INFO] 
  --- Processing year 2016 ---
2026-05-03 10:34:57,838 [INFO]  ---- processing   0/88  >> id << 00000000000000000000
2026-05-03 10:34:58,964 [INFO]   Grade: 121 patches (stride 230px = 1097m | patch 256px = 1221m)
2026-05-03 10:39:24,883 [INFO] Carregando feature collection de regiões fotovoltaicas...
2026-05-03 10:39:25,221 [INFO] Total de regiões: 88 | Processando [0:50]
2026-05-03 10:39:25,221 [INFO] primeira região 00000000000000000000
2026-05-03 10:39:25,222 [INFO] 
  --- Processing year 2016 ---
2026-05-03 10:39:26,132 [INFO]  ---- processing   0/88  >> id << 00000000000000000000
2026-05-03 10:39:26,644 [INFO]   Grade: 121 patches (stride 230px = 1097m | patch 256px = 1221m)
2026-05-03 10:53:53,780 [INFO] Carregando feature collection de regiões fotovoltaicas...
2026-05-03 10:53:54,291 [INFO] Total de regiões: 88 | Processando [0:50]
2026-05-03 10:53:54,292 [INFO] 
============================================================
2026-05-03 10:53:54,292 [INFO] --- Ano 2016 ---
2026-05-03 10:53:54,804 [INFO] 
[1/88] Região: 00000000000000000000
2026-05-03 10:53:58,285 [INFO]   Grade: 121 patches (stride 230px = 0.009855° | patch 256px = 0.010970°)
2026-05-03 10:53:58,289 [INFO]   Já no disco: 0/121
2026-05-03 12:12:27,773 [INFO] Carregando feature collection de regiões fotovoltaicas...
2026-05-03 12:12:28,853 [INFO] Total de regiões: 88 | Processando [0:50]
2026-05-03 12:12:28,853 [INFO] 
============================================================
2026-05-03 12:12:28,853 [INFO] --- Ano 2016 ---
2026-05-03 12:12:29,470 [INFO] 
[1/88] Região: 00000000000000000000
2026-05-03 12:12:29,878 [INFO]   Grade: 121 patches (stride 230px = 0.009855° | patch 256px = 0.010970°)
2026-05-03 12:12:29,883 [INFO]   Já no disco: 4/121
2026-05-03 12:14:03,532 [INFO] Carregando feature collection de regiões fotovoltaicas...
2026-05-03 12:14:04,599 [INFO] Total de regiões: 88 | Processando [0:50]
2026-05-03 12:14:04,599 [INFO] 
============================================================
2026-05-03 12:14:04,599 [INFO] --- Ano 2016 ---
2026-05-03 12:14:05,725 [INFO] 
[1/88] Região: 00000000000000000000
2026-05-03 12:14:06,135 [INFO]   Grade: 121 patches (stride 230px = 0.009855° | patch 256px = 0.010970°)
2026-05-03 12:14:06,141 [INFO]   Já no disco: 0/121
2026-05-03 12:15:47,205 [INFO] Carregando feature collection de regiões fotovoltaicas...
2026-05-03 12:15:47,615 [INFO] Total de regiões: 88 | Processando [0:50]
2026-05-03 12:15:47,615 [INFO] 
============================================================
2026-05-03 12:15:47,615 [INFO] --- Ano 2016 ---
2026-05-03 12:15:48,024 [INFO] 
[1/88] Região: 00000000000000000000
2026-05-03 12:15:49,151 [INFO]   Grade: 121 patches (stride 230px = 0.009855° | patch 256px = 0.010970°)
2026-05-03 12:15:49,154 [INFO]   Já no disco: 0/121
2026-05-03 18:30:56,447 [WARNING] Encountered 403 Forbidden with reason "PERMISSION_DENIED"
2026-05-03 18:33:37,064 [WARNING] Encountered 403 Forbidden with reason "PERMISSION_DENIED"
2026-05-03 18:35:51,762 [WARNING] Encountered 403 Forbidden with reason "PERMISSION_DENIED"
2026-05-03 18:37:30,468 [INFO] Carregando feature collection de regiões fotovoltaicas...
2026-05-03 18:37:30,882 [INFO] Total de regiões: 88 | Processando [0:50]
2026-05-03 18:37:30,883 [INFO] 
============================================================
2026-05-03 18:37:30,883 [INFO] --- Ano 2016 ---
2026-05-03 18:37:31,199 [INFO] 
[1/88] Região: 00000000000000000000
2026-05-03 18:37:32,278 [INFO]   Grade: 121 patches (stride 230px = 0.009855° | patch 256px = 0.010970°)
2026-05-03 18:37:32,286 [INFO]   Já no disco: 0/121
2026-05-04 15:11:16,098 [INFO] Carregando feature collection de regiões fotovoltaicas...
2026-05-04 15:11:16,546 [INFO] Total de regiões: 88 | Processando [0:90]
2026-05-04 15:11:16,546 [INFO] 
============================================================
2026-05-04 15:11:16,547 [INFO] --- Ano 2016 ---
2026-05-04 15:11:17,087 [INFO] 
[1/88] Região: 00000000000000000000
2026-05-04 15:11:17,768 [INFO]   Grade: 121 patches (stride 230px = 0.009855° | patch 256px = 0.010970°)
2026-05-04 15:11:17,785 [INFO]   Já no disco: 121/121
2026-05-04 15:17:04,939 [INFO] Carregando feature collection de regiões fotovoltaicas...
2026-05-04 15:17:05,382 [INFO] Total de regiões: 88 | Processando [0:90]
2026-05-04 15:17:05,382 [INFO] 
============================================================
2026-05-04 15:17:05,383 [INFO] --- Ano 2016 ---
2026-05-04 15:17:05,763 [INFO] 
[1/88] Região: 00000000000000000000
2026-05-04 15:17:06,088 [INFO]   Grade: 121 patches (stride 230px = 0.009855° | patch 256px = 0.010970°)
2026-05-04 15:17:06,092 [INFO]   Já no disco: 227/121
2026-05-04 15:17:06,093 [INFO]   Todos os patches já existem. Pulando.
2026-05-04 15:17:06,093 [INFO] 
[2/88] Região: 00000000000000000001
2026-05-04 15:17:06,424 [INFO]   Grade: 120 patches (stride 230px = 0.009855° | patch 256px = 0.010970°)
2026-05-04 15:17:06,431 [INFO]   Já no disco: 120/120
2026-05-04 15:17:06,431 [INFO]   Todos os patches já existem. Pulando.
2026-05-04 15:17:06,431 [INFO] 
[3/88] Região: 00000000000000000002
2026-05-04 15:17:06,869 [INFO]   Grade: 132 patches (stride 230px = 0.009855° | patch 256px = 0.010970°)
2026-05-04 15:17:06,877 [INFO]   Já no disco: 132/132
2026-05-04 15:17:06,877 [INFO]   Todos os patches já existem. Pulando.
2026-05-04 15:17:06,878 [INFO] 
[4/88] Região: 00000000000000000003
2026-05-04 15:17:07,285 [INFO]   Grade: 63 patches (stride 230px = 0.009855° | patch 256px = 0.010970°)
2026-05-04 15:17:07,291 [INFO]   Já no disco: 63/63
2026-05-04 15:17:07,291 [INFO]   Todos os patches já existem. Pulando.
2026-05-04 15:17:07,291 [INFO] 
[5/88] Região: 00000000000000000004
2026-05-04 15:17:07,638 [INFO]   Grade: 9 patches (stride 230px = 0.009855° | patch 256px = 0.010970°)
2026-05-04 15:17:07,645 [INFO]   Já no disco: 9/9
2026-05-04 15:17:07,645 [INFO]   Todos os patches já existem. Pulando.
2026-05-04 15:17:07,645 [INFO] 
[6/88] Região: 00000000000000000005
2026-05-04 15:17:07,988 [INFO]   Grade: 90 patches (stride 230px = 0.009855° | patch 256px = 0.010970°)
2026-05-04 15:17:07,996 [INFO]   Já no disco: 90/90
2026-05-04 15:17:07,996 [INFO]   Todos os patches já existem. Pulando.
2026-05-04 15:17:07,996 [INFO] 
[7/88] Região: 00000000000000000006
2026-05-04 15:17:08,360 [INFO]   Grade: 238 patches (stride 230px = 0.009855° | patch 256px = 0.010970°)
2026-05-04 15:17:08,370 [INFO]   Já no disco: 238/238
2026-05-04 15:17:08,370 [INFO]   Todos os patches já existem. Pulando.
2026-05-04 15:17:08,370 [INFO] 
[8/88] Região: 00000000000000000007
2026-05-04 15:17:08,753 [INFO]   Grade: 110 patches (stride 230px = 0.009855° | patch 256px = 0.010970°)
2026-05-04 15:17:08,761 [INFO]   Já no disco: 110/110
2026-05-04 15:17:08,761 [INFO]   Todos os patches já existem. Pulando.
2026-05-04 15:17:08,761 [INFO] 
[9/88] Região: 00000000000000000008
2026-05-04 15:17:09,273 [INFO]   Grade: 132 patches (stride 230px = 0.009855° | patch 256px = 0.010970°)
2026-05-04 15:17:09,281 [INFO]   Já no disco: 132/132
2026-05-04 15:17:09,282 [INFO]   Todos os patches já existem. Pulando.
2026-05-04 15:17:09,282 [INFO] 
[10/88] Região: 00000000000000000009
2026-05-04 15:17:09,623 [INFO]   Grade: 121 patches (stride 230px = 0.009855° | patch 256px = 0.010970°)
2026-05-04 15:17:09,631 [INFO]   Já no disco: 121/121
2026-05-04 15:17:09,631 [INFO]   Todos os patches já existem. Pulando.
2026-05-04 15:17:09,631 [INFO] 
[11/88] Região: 0000000000000000000a
2026-05-04 15:17:09,902 [INFO]   Grade: 156 patches (stride 230px = 0.009855° | patch 256px = 0.010970°)
2026-05-04 15:17:09,910 [INFO]   Já no disco: 156/156
2026-05-04 15:17:09,910 [INFO]   Todos os patches já existem. Pulando.
2026-05-04 15:17:09,910 [INFO] 
[12/88] Região: 0000000000000000000b
2026-05-04 15:17:11,011 [INFO]   Grade: 240 patches (stride 230px = 0.009855° | patch 256px = 0.010970°)
2026-05-04 15:17:11,021 [INFO]   Já no disco: 240/240
2026-05-04 15:17:11,022 [INFO]   Todos os patches já existem. Pulando.
2026-05-04 15:17:11,022 [INFO] 
[13/88] Região: 0000000000000000000c
2026-05-04 15:17:11,427 [INFO]   Grade: 120 patches (stride 230px = 0.009855° | patch 256px = 0.010970°)
2026-05-04 15:17:11,435 [INFO]   Já no disco: 120/120
2026-05-04 15:17:11,435 [INFO]   Todos os patches já existem. Pulando.
2026-05-04 15:17:11,435 [INFO] 
[14/88] Região: 0000000000000000000d
2026-05-04 15:17:11,815 [INFO]   Grade: 156 patches (stride 230px = 0.009855° | patch 256px = 0.010970°)
2026-05-04 15:17:11,823 [INFO]   Já no disco: 156/156
2026-05-04 15:17:11,823 [INFO]   Todos os patches já existem. Pulando.
2026-05-04 15:17:11,823 [INFO] 
[15/88] Região: 0000000000000000000e
2026-05-04 15:17:12,227 [INFO]   Grade: 121 patches (stride 230px = 0.009855° | patch 256px = 0.010970°)
2026-05-04 15:17:12,235 [INFO]   Já no disco: 121/121
2026-05-04 15:17:12,235 [INFO]   Todos os patches já existem. Pulando.
2026-05-04 15:17:12,235 [INFO] 
[16/88] Região: 0000000000000000000f
2026-05-04 15:17:12,661 [INFO]   Grade: 121 patches (stride 230px = 0.009855° | patch 256px = 0.010970°)
2026-05-04 15:17:12,668 [INFO]   Já no disco: 121/121
2026-05-04 15:17:12,669 [INFO]   Todos os patches já existem. Pulando.
2026-05-04 15:17:12,669 [INFO] 
[17/88] Região: 00000000000000000010
2026-05-04 15:17:13,112 [INFO]   Grade: 120 patches (stride 230px = 0.009855° | patch 256px = 0.010970°)
2026-05-04 15:17:13,120 [INFO]   Já no disco: 120/120
2026-05-04 15:17:13,120 [INFO]   Todos os patches já existem. Pulando.
2026-05-04 15:17:13,121 [INFO] 
[18/88] Região: 00000000000000000011
2026-05-04 15:17:13,434 [INFO]   Grade: 110 patches (stride 230px = 0.009855° | patch 256px = 0.010970°)
2026-05-04 15:17:13,441 [INFO]   Já no disco: 110/110
2026-05-04 15:17:13,442 [INFO]   Todos os patches já existem. Pulando.
2026-05-04 15:17:13,442 [INFO] 
[19/88] Região: 00000000000000000012
2026-05-04 15:17:13,791 [INFO]   Grade: 110 patches (stride 230px = 0.009855° | patch 256px = 0.010970°)
2026-05-04 15:17:13,800 [INFO]   Já no disco: 110/110
2026-05-04 15:17:13,800 [INFO]   Todos os patches já existem. Pulando.
2026-05-04 15:17:13,800 [INFO] 
[20/88] Região: 00000000000000000013
2026-05-04 15:17:14,116 [INFO]   Grade: 576 patches (stride 230px = 0.009855° | patch 256px = 0.010970°)
2026-05-04 15:17:14,133 [INFO]   Já no disco: 576/576
2026-05-04 15:17:14,133 [INFO]   Todos os patches já existem. Pulando.
2026-05-04 15:17:14,133 [INFO] 
[21/88] Região: 00000000000000000014
2026-05-04 15:17:14,504 [INFO]   Grade: 130 patches (stride 230px = 0.009855° | patch 256px = 0.010970°)
2026-05-04 15:17:14,513 [INFO]   Já no disco: 130/130
2026-05-04 15:17:14,513 [INFO]   Todos os patches já existem. Pulando.
2026-05-04 15:17:14,514 [INFO] 
[22/88] Região: 00000000000000000015
2026-05-04 15:17:14,896 [INFO]   Grade: 357 patches (stride 230px = 0.009855° | patch 256px = 0.010970°)
2026-05-04 15:17:14,908 [INFO]   Já no disco: 357/357
2026-05-04 15:17:14,909 [INFO]   Todos os patches já existem. Pulando.
2026-05-04 15:17:14,909 [INFO] 
[23/88] Região: 00000000000000000016
2026-05-04 15:17:15,228 [INFO]   Grade: 182 patches (stride 230px = 0.009855° | patch 256px = 0.010970°)
2026-05-04 15:17:15,238 [INFO]   Já no disco: 182/182
2026-05-04 15:17:15,239 [INFO]   Todos os patches já existem. Pulando.
2026-05-04 15:17:15,239 [INFO] 
[24/88] Região: 00000000000000000017
2026-05-04 15:17:15,845 [INFO]   Grade: 140 patches (stride 230px = 0.009855° | patch 256px = 0.010970°)
2026-05-04 15:17:15,854 [INFO]   Já no disco: 140/140
2026-05-04 15:17:15,854 [INFO]   Todos os patches já existem. Pulando.
2026-05-04 15:17:15,855 [INFO] 
[25/88] Região: 00000000000000000018
2026-05-04 15:17:16,159 [INFO]   Grade: 156 patches (stride 230px = 0.009855° | patch 256px = 0.010970°)
2026-05-04 15:17:16,168 [INFO]   Já no disco: 156/156
2026-05-04 15:17:16,168 [INFO]   Todos os patches já existem. Pulando.
2026-05-04 15:17:16,168 [INFO] 
[26/88] Região: 00000000000000000019
2026-05-04 15:17:16,518 [INFO]   Grade: 100 patches (stride 230px = 0.009855° | patch 256px = 0.010970°)
2026-05-04 15:17:16,525 [INFO]   Já no disco: 100/100
2026-05-04 15:17:16,526 [INFO]   Todos os patches já existem. Pulando.
2026-05-04 15:17:16,526 [INFO] 
[27/88] Região: 0000000000000000001a
2026-05-04 15:17:16,882 [INFO]   Grade: 110 patches (stride 230px = 0.009855° | patch 256px = 0.010970°)
2026-05-04 15:17:16,891 [INFO]   Já no disco: 110/110
2026-05-04 15:17:16,891 [INFO]   Todos os patches já existem. Pulando.
2026-05-04 15:17:16,891 [INFO] 
[28/88] Região: 0000000000000000001b
2026-05-04 15:17:17,164 [INFO]   Grade: 594 patches (stride 230px = 0.009855° | patch 256px = 0.010970°)
2026-05-04 15:17:17,181 [INFO]   Já no disco: 594/594
2026-05-04 15:17:17,181 [INFO]   Todos os patches já existem. Pulando.
2026-05-04 15:17:17,182 [INFO] 
[29/88] Região: 0000000000000000001c
2026-05-04 15:17:17,506 [INFO]   Grade: 255 patches (stride 230px = 0.009855° | patch 256px = 0.010970°)
2026-05-04 15:17:17,517 [INFO]   Já no disco: 255/255
2026-05-04 15:17:17,517 [INFO]   Todos os patches já existem. Pulando.
2026-05-04 15:17:17,517 [INFO] 
[30/88] Região: 0000000000000000001d
2026-05-04 15:17:18,567 [INFO]   Grade: 100 patches (stride 230px = 0.009855° | patch 256px = 0.010970°)
2026-05-04 15:17:18,575 [INFO]   Já no disco: 100/100
2026-05-04 15:17:18,575 [INFO]   Todos os patches já existem. Pulando.
2026-05-04 15:17:18,575 [INFO] 
[31/88] Região: 0000000000000000001e
2026-05-04 15:17:19,044 [INFO]   Grade: 100 patches (stride 230px = 0.009855° | patch 256px = 0.010970°)
2026-05-04 15:17:19,052 [INFO]   Já no disco: 100/100
2026-05-04 15:17:19,053 [INFO]   Todos os patches já existem. Pulando.
2026-05-04 15:17:19,053 [INFO] 
[32/88] Região: 0000000000000000001f
2026-05-04 15:17:19,470 [INFO]   Grade: 238 patches (stride 230px = 0.009855° | patch 256px = 0.010970°)
2026-05-04 15:17:19,479 [INFO]   Já no disco: 238/238
2026-05-04 15:17:19,480 [INFO]   Todos os patches já existem. Pulando.
2026-05-04 15:17:19,480 [INFO] 
[33/88] Região: 00000000000000000020
2026-05-04 15:17:19,743 [INFO]   Grade: 225 patches (stride 230px = 0.009855° | patch 256px = 0.010970°)
2026-05-04 15:17:19,753 [INFO]   Já no disco: 225/225
2026-05-04 15:17:19,754 [INFO]   Todos os patches já existem. Pulando.
2026-05-04 15:17:19,754 [INFO] 
[34/88] Região: 00000000000000000021
2026-05-04 15:17:20,126 [INFO]   Grade: 100 patches (stride 230px = 0.009855° | patch 256px = 0.010970°)
2026-05-04 15:17:20,134 [INFO]   Já no disco: 100/100
2026-05-04 15:17:20,134 [INFO]   Todos os patches já existem. Pulando.
2026-05-04 15:17:20,135 [INFO] 
[35/88] Região: 00000000000000000022
2026-05-04 15:17:20,509 [INFO]   Grade: 221 patches (stride 230px = 0.009855° | patch 256px = 0.010970°)
2026-05-04 15:17:20,518 [INFO]   Já no disco: 221/221
2026-05-04 15:17:20,518 [INFO]   Todos os patches já existem. Pulando.
2026-05-04 15:17:20,518 [INFO] 
[36/88] Região: 00000000000000000023
2026-05-04 15:17:20,904 [INFO]   Grade: 195 patches (stride 230px = 0.009855° | patch 256px = 0.010970°)
2026-05-04 15:17:20,914 [INFO]   Já no disco: 195/195
2026-05-04 15:17:20,915 [INFO]   Todos os patches já existem. Pulando.
2026-05-04 15:17:20,915 [INFO] 
[37/88] Região: 00000000000000000024
2026-05-04 15:17:21,179 [INFO]   Grade: 100 patches (stride 230px = 0.009855° | patch 256px = 0.010970°)
2026-05-04 15:17:21,188 [INFO]   Já no disco: 100/100
2026-05-04 15:17:21,188 [INFO]   Todos os patches já existem. Pulando.
2026-05-04 15:17:21,188 [INFO] 
[38/88] Região: 00000000000000000025
2026-05-04 15:17:21,453 [INFO]   Grade: 143 patches (stride 230px = 0.009855° | patch 256px = 0.010970°)
2026-05-04 15:17:21,461 [INFO]   Já no disco: 143/143
2026-05-04 15:17:21,461 [INFO]   Todos os patches já existem. Pulando.
2026-05-04 15:17:21,461 [INFO] 
[39/88] Região: 00000000000000000026
2026-05-04 15:17:21,905 [INFO]   Grade: 156 patches (stride 230px = 0.009855° | patch 256px = 0.010970°)
2026-05-04 15:17:21,914 [INFO]   Já no disco: 156/156
2026-05-04 15:17:21,914 [INFO]   Todos os patches já existem. Pulando.
2026-05-04 15:17:21,915 [INFO] 
[40/88] Região: 00000000000000000027
2026-05-04 15:17:22,227 [INFO]   Grade: 100 patches (stride 230px = 0.009855° | patch 256px = 0.010970°)
2026-05-04 15:17:22,235 [INFO]   Já no disco: 100/100
2026-05-04 15:17:22,236 [INFO]   Todos os patches já existem. Pulando.
2026-05-04 15:17:22,236 [INFO] 
[41/88] Região: 00000000000000000028
2026-05-04 15:17:22,613 [INFO]   Grade: 100 patches (stride 230px = 0.009855° | patch 256px = 0.010970°)
2026-05-04 15:17:22,620 [INFO]   Já no disco: 100/100
2026-05-04 15:17:22,620 [INFO]   Todos os patches já existem. Pulando.
2026-05-04 15:17:22,620 [INFO] 
[42/88] Região: 00000000000000000029
2026-05-04 15:17:23,046 [INFO]   Grade: 121 patches (stride 230px = 0.009855° | patch 256px = 0.010970°)
2026-05-04 15:17:23,053 [INFO]   Já no disco: 121/121
2026-05-04 15:17:23,054 [INFO]   Todos os patches já existem. Pulando.
2026-05-04 15:17:23,054 [INFO] 
[43/88] Região: 0000000000000000002a
2026-05-04 15:17:23,376 [INFO]   Grade: 100 patches (stride 230px = 0.009855° | patch 256px = 0.010970°)
2026-05-04 15:17:23,385 [INFO]   Já no disco: 100/100
2026-05-04 15:17:23,385 [INFO]   Todos os patches já existem. Pulando.
2026-05-04 15:17:23,385 [INFO] 
[44/88] Região: 0000000000000000002b
2026-05-04 15:17:23,696 [INFO]   Grade: 144 patches (stride 230px = 0.009855° | patch 256px = 0.010970°)
2026-05-04 15:17:23,704 [INFO]   Já no disco: 144/144
2026-05-04 15:17:23,705 [INFO]   Todos os patches já existem. Pulando.
2026-05-04 15:17:23,705 [INFO] 
[45/88] Região: 0000000000000000002c
2026-05-04 15:17:23,998 [INFO]   Grade: 100 patches (stride 230px = 0.009855° | patch 256px = 0.010970°)
2026-05-04 15:17:24,007 [INFO]   Já no disco: 100/100
2026-05-04 15:17:24,007 [INFO]   Todos os patches já existem. Pulando.
2026-05-04 15:17:24,007 [INFO] 
[46/88] Região: 0000000000000000002d
2026-05-04 15:17:24,343 [INFO]   Grade: 182 patches (stride 230px = 0.009855° | patch 256px = 0.010970°)
2026-05-04 15:17:24,352 [INFO]   Já no disco: 182/182
2026-05-04 15:17:24,352 [INFO]   Todos os patches já existem. Pulando.
2026-05-04 15:17:24,353 [INFO] 
[47/88] Região: 0000000000000000002e
2026-05-04 15:17:24,634 [INFO]   Grade: 182 patches (stride 230px = 0.009855° | patch 256px = 0.010970°)
2026-05-04 15:17:24,644 [INFO]   Já no disco: 182/182
2026-05-04 15:17:24,644 [INFO]   Todos os patches já existem. Pulando.
2026-05-04 15:17:24,644 [INFO] 
[48/88] Região: 0000000000000000002f
2026-05-04 15:17:25,037 [INFO]   Grade: 100 patches (stride 230px = 0.009855° | patch 256px = 0.010970°)
2026-05-04 15:17:25,045 [INFO]   Já no disco: 100/100
2026-05-04 15:17:25,045 [INFO]   Todos os patches já existem. Pulando.
2026-05-04 15:17:25,045 [INFO] 
[49/88] Região: 00000000000000000030
2026-05-04 15:17:25,435 [INFO]   Grade: 144 patches (stride 230px = 0.009855° | patch 256px = 0.010970°)
2026-05-04 15:17:25,443 [INFO]   Já no disco: 144/144
2026-05-04 15:17:25,444 [INFO]   Todos os patches já existem. Pulando.
2026-05-04 15:17:25,444 [INFO] 
[50/88] Região: 00000000000000000031
2026-05-04 15:17:26,702 [INFO]   Grade: 100 patches (stride 230px = 0.009855° | patch 256px = 0.010970°)
2026-05-04 15:17:26,710 [INFO]   Já no disco: 100/100
2026-05-04 15:17:26,710 [INFO]   Todos os patches já existem. Pulando.
2026-05-04 15:17:26,711 [INFO] 
[51/88] Região: 00000000000000000032
2026-05-04 15:17:27,050 [INFO]   Grade: 100 patches (stride 230px = 0.009855° | patch 256px = 0.010970°)
2026-05-04 15:17:27,051 [INFO]   Já no disco: 0/100
2026-05-04 15:22:28,900 [INFO]   Baixados: 100 | Pulados (já existiam): 0 | Falhas: 0
2026-05-04 15:22:28,901 [INFO] 
[52/88] Região: 00000000000000000033
2026-05-04 15:22:29,260 [INFO]   Grade: 100 patches (stride 230px = 0.009855° | patch 256px = 0.010970°)
2026-05-04 15:22:29,261 [INFO]   Já no disco: 0/100
2026-05-04 15:27:33,814 [INFO]   Baixados: 100 | Pulados (já existiam): 0 | Falhas: 0
2026-05-04 15:27:33,814 [INFO] 
[53/88] Região: 00000000000000000034
2026-05-04 15:27:34,279 [INFO]   Grade: 100 patches (stride 230px = 0.009855° | patch 256px = 0.010970°)
2026-05-04 15:27:34,280 [INFO]   Já no disco: 0/100
2026-05-04 15:32:47,507 [INFO]   Baixados: 100 | Pulados (já existiam): 0 | Falhas: 0
2026-05-04 15:32:47,508 [INFO] 
[54/88] Região: 00000000000000000035
2026-05-04 15:32:47,879 [INFO]   Grade: 100 patches (stride 230px = 0.009855° | patch 256px = 0.010970°)
2026-05-04 15:32:47,880 [INFO]   Já no disco: 0/100
2026-05-04 15:41:33,689 [INFO]   Baixados: 100 | Pulados (já existiam): 0 | Falhas: 0
2026-05-04 15:41:33,689 [INFO] 
[55/88] Região: 00000000000000000036
2026-05-04 15:41:34,041 [INFO]   Grade: 132 patches (stride 230px = 0.009855° | patch 256px = 0.010970°)
2026-05-04 15:41:34,042 [INFO]   Já no disco: 0/132
2026-05-04 15:48:12,740 [INFO]   Baixados: 132 | Pulados (já existiam): 0 | Falhas: 0
2026-05-04 15:48:12,740 [INFO] 
[56/88] Região: 00000000000000000037
2026-05-04 15:48:13,122 [INFO]   Grade: 168 patches (stride 230px = 0.009855° | patch 256px = 0.010970°)
2026-05-04 15:48:13,123 [INFO]   Já no disco: 0/168
2026-05-04 15:58:59,372 [INFO]   Baixados: 168 | Pulados (já existiam): 0 | Falhas: 0
2026-05-04 15:58:59,372 [INFO] 
[57/88] Região: 00000000000000000038
2026-05-04 15:58:59,680 [INFO]   Grade: 234 patches (stride 230px = 0.009855° | patch 256px = 0.010970°)
2026-05-04 15:58:59,681 [INFO]   Já no disco: 0/234
2026-05-04 16:11:18,996 [INFO]   Baixados: 234 | Pulados (já existiam): 0 | Falhas: 0
2026-05-04 16:11:18,997 [INFO] 
[58/88] Região: 00000000000000000039
2026-05-04 16:11:19,286 [INFO]   Grade: 100 patches (stride 230px = 0.009855° | patch 256px = 0.010970°)
2026-05-04 16:11:19,286 [INFO]   Já no disco: 0/100
2026-05-04 16:16:23,500 [INFO]   Baixados: 100 | Pulados (já existiam): 0 | Falhas: 0
2026-05-04 16:16:23,500 [INFO] 
[59/88] Região: 0000000000000000003a
2026-05-04 16:16:23,879 [INFO]   Grade: 100 patches (stride 230px = 0.009855° | patch 256px = 0.010970°)
2026-05-04 16:16:23,880 [INFO]   Já no disco: 0/100
2026-05-04 16:21:26,240 [INFO]   Baixados: 100 | Pulados (já existiam): 0 | Falhas: 0
2026-05-04 16:21:26,241 [INFO] 
[60/88] Região: 0000000000000000003b
2026-05-04 16:21:26,585 [INFO]   Grade: 361 patches (stride 230px = 0.009855° | patch 256px = 0.010970°)
2026-05-04 16:21:26,586 [INFO]   Já no disco: 0/361
2026-05-04 16:39:31,693 [INFO]   Baixados: 361 | Pulados (já existiam): 0 | Falhas: 0
2026-05-04 16:39:31,694 [INFO] 
[61/88] Região: 0000000000000000003c
2026-05-04 16:39:31,993 [INFO]   Grade: 165 patches (stride 230px = 0.009855° | patch 256px = 0.010970°)
2026-05-04 16:39:31,994 [INFO]   Já no disco: 0/165
2026-05-04 16:48:21,055 [INFO]   Baixados: 165 | Pulados (já existiam): 0 | Falhas: 0
2026-05-04 16:48:21,055 [INFO] 
[62/88] Região: 0000000000000000003d
2026-05-04 16:48:21,408 [INFO]   Grade: 169 patches (stride 230px = 0.009855° | patch 256px = 0.010970°)
2026-05-04 16:48:21,409 [INFO]   Já no disco: 0/169
2026-05-04 16:53:03,774 [WARNING] Sleeping 1.25 seconds before retry 1 of 5 for request: POST https://earthengine.googleapis.com/v1/projects/mapbiomas-caatinga-cloud04/image:computePixels?, after 502
2026-05-04 17:01:16,401 [INFO]   Baixados: 169 | Pulados (já existiam): 0 | Falhas: 0
2026-05-04 17:01:16,401 [INFO] 
[63/88] Região: 0000000000000000003e
2026-05-04 17:01:16,823 [INFO]   Grade: 272 patches (stride 230px = 0.009855° | patch 256px = 0.010970°)
2026-05-04 17:01:16,824 [INFO]   Já no disco: 0/272
2026-05-04 17:15:01,550 [INFO]   Baixados: 272 | Pulados (já existiam): 0 | Falhas: 0
2026-05-04 17:15:01,550 [INFO] 
[64/88] Região: 0000000000000000003f
2026-05-04 17:15:01,886 [INFO]   Grade: 100 patches (stride 230px = 0.009855° | patch 256px = 0.010970°)
2026-05-04 17:15:01,887 [INFO]   Já no disco: 0/100
2026-05-04 17:20:11,350 [INFO]   Baixados: 100 | Pulados (já existiam): 0 | Falhas: 0
2026-05-04 17:20:11,351 [INFO] 
[65/88] Região: 00000000000000000040
2026-05-04 17:20:11,679 [INFO]   Grade: 132 patches (stride 230px = 0.009855° | patch 256px = 0.010970°)
2026-05-04 17:20:11,680 [INFO]   Já no disco: 0/132
2026-05-04 17:26:54,831 [INFO]   Baixados: 132 | Pulados (já existiam): 0 | Falhas: 0
2026-05-04 17:26:54,831 [INFO] 
[66/88] Região: 00000000000000000041
2026-05-04 17:26:55,159 [INFO]   Grade: 352 patches (stride 230px = 0.009855° | patch 256px = 0.010970°)
2026-05-04 17:26:55,160 [INFO]   Já no disco: 0/352
2026-05-04 17:46:01,777 [INFO]   Baixados: 352 | Pulados (já existiam): 0 | Falhas: 0
2026-05-04 17:46:01,777 [INFO] 
[67/88] Região: 00000000000000000042
2026-05-04 17:46:02,087 [INFO]   Grade: 255 patches (stride 230px = 0.009855° | patch 256px = 0.010970°)
2026-05-04 17:46:02,088 [INFO]   Já no disco: 0/255
2026-05-04 17:58:57,884 [INFO]   Baixados: 255 | Pulados (já existiam): 0 | Falhas: 0
2026-05-04 17:58:57,884 [INFO] 
[68/88] Região: 00000000000000000043
2026-05-04 17:58:58,324 [INFO]   Grade: 132 patches (stride 230px = 0.009855° | patch 256px = 0.010970°)
2026-05-04 17:58:58,325 [INFO]   Já no disco: 0/132
2026-05-04 18:03:59,781 [WARNING] Sleeping 0.40 seconds before retry 1 of 5 for request: POST https://earthengine.googleapis.com/v1/projects/mapbiomas-caatinga-cloud04/image:computePixels?, after 502
2026-05-04 18:09:26,734 [INFO]   Baixados: 132 | Pulados (já existiam): 0 | Falhas: 0
2026-05-04 18:09:26,735 [INFO] 
[69/88] Região: 00000000000000000044
2026-05-04 18:09:27,751 [INFO]   Grade: 100 patches (stride 230px = 0.009855° | patch 256px = 0.010970°)
2026-05-04 18:09:27,752 [INFO]   Já no disco: 0/100
2026-05-04 18:14:29,545 [INFO]   Baixados: 100 | Pulados (já existiam): 0 | Falhas: 0
2026-05-04 18:14:29,545 [INFO] 
[70/88] Região: 00000000000000000045
2026-05-04 18:14:29,870 [INFO]   Grade: 252 patches (stride 230px = 0.009855° | patch 256px = 0.010970°)
2026-05-04 18:14:29,871 [INFO]   Já no disco: 0/252
2026-05-04 18:27:20,059 [INFO]   Baixados: 252 | Pulados (já existiam): 0 | Falhas: 0
2026-05-04 18:27:20,060 [INFO] 
[71/88] Região: 00000000000000000046
2026-05-04 18:27:20,404 [INFO]   Grade: 110 patches (stride 230px = 0.009855° | patch 256px = 0.010970°)
2026-05-04 18:27:20,405 [INFO]   Já no disco: 0/110
2026-05-04 18:32:50,855 [INFO]   Baixados: 110 | Pulados (já existiam): 0 | Falhas: 0
2026-05-04 18:32:50,856 [INFO] 
[72/88] Região: 00000000000000000047
2026-05-04 18:32:51,159 [INFO]   Grade: 100 patches (stride 230px = 0.009855° | patch 256px = 0.010970°)
2026-05-04 18:32:51,160 [INFO]   Já no disco: 0/100
2026-05-04 18:37:51,098 [INFO]   Baixados: 100 | Pulados (já existiam): 0 | Falhas: 0
2026-05-04 18:37:51,098 [INFO] 
[73/88] Região: 00000000000000000048
2026-05-04 18:37:51,447 [INFO]   Grade: 100 patches (stride 230px = 0.009855° | patch 256px = 0.010970°)
2026-05-04 18:37:51,448 [INFO]   Já no disco: 0/100
2026-05-04 18:43:08,082 [INFO]   Baixados: 100 | Pulados (já existiam): 0 | Falhas: 0
2026-05-04 18:43:08,083 [INFO] 
[74/88] Região: 00000000000000000049
2026-05-04 18:43:08,401 [INFO]   Grade: 374 patches (stride 230px = 0.009855° | patch 256px = 0.010970°)
2026-05-04 18:43:08,402 [INFO]   Já no disco: 0/374
2026-05-04 19:02:05,801 [INFO]   Baixados: 374 | Pulados (já existiam): 0 | Falhas: 0
2026-05-04 19:02:05,801 [INFO] 
[75/88] Região: 0000000000000000004a
2026-05-04 19:02:06,434 [INFO]   Grade: 132 patches (stride 230px = 0.009855° | patch 256px = 0.010970°)
2026-05-04 19:02:06,435 [INFO]   Já no disco: 0/132
2026-05-04 19:08:43,027 [INFO]   Baixados: 132 | Pulados (já existiam): 0 | Falhas: 0
2026-05-04 19:08:43,027 [INFO] 
[76/88] Região: 0000000000000000004b
2026-05-04 19:08:43,340 [INFO]   Grade: 144 patches (stride 230px = 0.009855° | patch 256px = 0.010970°)
2026-05-04 19:08:43,341 [INFO]   Já no disco: 0/144
2026-05-04 19:16:19,806 [INFO]   Baixados: 144 | Pulados (já existiam): 0 | Falhas: 0
2026-05-04 19:16:19,806 [INFO] 
[77/88] Região: 0000000000000000004c
2026-05-04 19:16:20,248 [INFO]   Grade: 120 patches (stride 230px = 0.009855° | patch 256px = 0.010970°)
2026-05-04 19:16:20,249 [INFO]   Já no disco: 0/120
2026-05-04 19:22:43,396 [INFO]   Baixados: 120 | Pulados (já existiam): 0 | Falhas: 0
2026-05-04 19:22:43,396 [INFO] 
[78/88] Região: 0000000000000000004d
2026-05-04 19:22:44,515 [INFO]   Grade: 132 patches (stride 230px = 0.009855° | patch 256px = 0.010970°)
2026-05-04 19:22:44,516 [INFO]   Já no disco: 0/132
2026-05-04 19:29:25,811 [INFO]   Baixados: 132 | Pulados (já existiam): 0 | Falhas: 0
2026-05-04 19:29:25,811 [INFO] 
[79/88] Região: 0000000000000000004e
2026-05-04 19:29:26,129 [INFO]   Grade: 110 patches (stride 230px = 0.009855° | patch 256px = 0.010970°)
2026-05-04 19:29:26,130 [INFO]   Já no disco: 0/110
2026-05-04 19:34:58,490 [INFO]   Baixados: 110 | Pulados (já existiam): 0 | Falhas: 0
2026-05-04 19:34:58,490 [INFO] 
[80/88] Região: 0000000000000000004f
2026-05-04 19:34:58,870 [INFO]   Grade: 121 patches (stride 230px = 0.009855° | patch 256px = 0.010970°)
2026-05-04 19:34:58,871 [INFO]   Já no disco: 0/121
2026-05-04 19:41:31,337 [INFO]   Baixados: 121 | Pulados (já existiam): 0 | Falhas: 0
2026-05-04 19:41:31,338 [INFO] 
[81/88] Região: 00000000000000000050
2026-05-04 19:41:31,725 [INFO]   Grade: 110 patches (stride 230px = 0.009855° | patch 256px = 0.010970°)
2026-05-04 19:41:31,726 [INFO]   Já no disco: 0/110
2026-05-04 19:47:04,233 [INFO]   Baixados: 110 | Pulados (já existiam): 0 | Falhas: 0
2026-05-04 19:47:04,234 [INFO] 
[82/88] Região: 00000000000000000051
2026-05-04 19:47:04,642 [INFO]   Grade: 121 patches (stride 230px = 0.009855° | patch 256px = 0.010970°)
2026-05-04 19:47:04,643 [INFO]   Já no disco: 0/121
2026-05-04 19:53:06,495 [INFO]   Baixados: 121 | Pulados (já existiam): 0 | Falhas: 0
2026-05-04 19:53:06,495 [INFO] 
[83/88] Região: 00000000000000000052
2026-05-04 19:53:06,915 [INFO]   Grade: 110 patches (stride 230px = 0.009855° | patch 256px = 0.010970°)
2026-05-04 19:53:06,916 [INFO]   Já no disco: 0/110
2026-05-04 19:58:42,999 [INFO]   Baixados: 110 | Pulados (já existiam): 0 | Falhas: 0
2026-05-04 19:58:42,999 [INFO] 
[84/88] Região: 00000000000000000053
2026-05-04 19:58:43,335 [INFO]   Grade: 100 patches (stride 230px = 0.009855° | patch 256px = 0.010970°)
2026-05-04 19:58:43,336 [INFO]   Já no disco: 0/100
2026-05-04 20:03:43,282 [INFO]   Baixados: 100 | Pulados (já existiam): 0 | Falhas: 0
2026-05-04 20:03:43,282 [INFO] 
[85/88] Região: 00000000000000000054
2026-05-04 20:03:43,592 [INFO]   Grade: 224 patches (stride 230px = 0.009855° | patch 256px = 0.010970°)
2026-05-04 20:03:43,592 [INFO]   Já no disco: 0/224
2026-05-04 20:15:04,264 [INFO]   Baixados: 224 | Pulados (já existiam): 0 | Falhas: 0
2026-05-04 20:15:04,265 [INFO] 
[86/88] Região: 00000000000000000055
2026-05-04 20:15:04,696 [INFO]   Grade: 110 patches (stride 230px = 0.009855° | patch 256px = 0.010970°)
2026-05-04 20:15:04,697 [INFO]   Já no disco: 0/110
2026-05-04 20:20:43,199 [INFO]   Baixados: 110 | Pulados (já existiam): 0 | Falhas: 0
2026-05-04 20:20:43,199 [INFO] 
[87/88] Região: 00000000000000000056
2026-05-04 20:20:43,584 [INFO]   Grade: 132 patches (stride 230px = 0.009855° | patch 256px = 0.010970°)
2026-05-04 20:20:43,585 [INFO]   Já no disco: 0/132
2026-05-04 20:29:17,763 [WARNING] Sleeping 0.97 seconds before retry 1 of 5 for request: POST https://earthengine.googleapis.com/v1/projects/mapbiomas-caatinga-cloud04/image:computePixels?, after 502
2026-05-04 20:31:47,736 [INFO]   Baixados: 132 | Pulados (já existiam): 0 | Falhas: 0
2026-05-04 20:31:47,736 [INFO] 
[88/88] Região: 00000000000000000057
2026-05-04 20:31:48,738 [INFO]   Grade: 120 patches (stride 230px = 0.009855° | patch 256px = 0.010970°)
2026-05-04 20:31:48,739 [INFO]   Já no disco: 0/120
2026-05-04 20:37:56,428 [INFO]   Baixados: 120 | Pulados (já existiam): 0 | Falhas: 0
2026-05-04 20:37:56,429 [INFO] 
============================================================
2026-05-04 20:37:56,429 [INFO] --- Ano 2017 ---
2026-05-04 20:37:57,514 [INFO] 
[1/88] Região: 00000000000000000000
2026-05-04 20:37:57,824 [INFO]   Grade: 121 patches (stride 230px = 0.009855° | patch 256px = 0.010970°)
2026-05-04 20:37:57,830 [INFO]   Já no disco: 121/121
2026-05-04 20:37:57,831 [INFO]   Todos os patches já existem. Pulando.
2026-05-04 20:37:57,831 [INFO] 
[2/88] Região: 00000000000000000001
2026-05-04 20:37:58,226 [INFO]   Grade: 120 patches (stride 230px = 0.009855° | patch 256px = 0.010970°)
2026-05-04 20:37:58,232 [INFO]   Já no disco: 120/120
2026-05-04 20:37:58,233 [INFO]   Todos os patches já existem. Pulando.
2026-05-04 20:37:58,233 [INFO] 
[3/88] Região: 00000000000000000002
2026-05-04 20:37:58,574 [INFO]   Grade: 132 patches (stride 230px = 0.009855° | patch 256px = 0.010970°)
2026-05-04 20:37:58,583 [INFO]   Já no disco: 132/132
2026-05-04 20:37:58,583 [INFO]   Todos os patches já existem. Pulando.
2026-05-04 20:37:58,583 [INFO] 
[4/88] Região: 00000000000000000003
2026-05-04 20:37:58,930 [INFO]   Grade: 63 patches (stride 230px = 0.009855° | patch 256px = 0.010970°)
2026-05-04 20:37:58,935 [INFO]   Já no disco: 63/63
2026-05-04 20:37:58,936 [INFO]   Todos os patches já existem. Pulando.
2026-05-04 20:37:58,936 [INFO] 
[5/88] Região: 00000000000000000004
2026-05-04 20:37:59,289 [INFO]   Grade: 9 patches (stride 230px = 0.009855° | patch 256px = 0.010970°)
2026-05-04 20:37:59,295 [INFO]   Já no disco: 9/9
2026-05-04 20:37:59,295 [INFO]   Todos os patches já existem. Pulando.
2026-05-04 20:37:59,295 [INFO] 
[6/88] Região: 00000000000000000005
2026-05-04 20:37:59,680 [INFO]   Grade: 90 patches (stride 230px = 0.009855° | patch 256px = 0.010970°)
2026-05-04 20:37:59,687 [INFO]   Já no disco: 90/90
2026-05-04 20:37:59,687 [INFO]   Todos os patches já existem. Pulando.
2026-05-04 20:37:59,687 [INFO] 
[7/88] Região: 00000000000000000006
2026-05-04 20:37:59,979 [INFO]   Grade: 238 patches (stride 230px = 0.009855° | patch 256px = 0.010970°)
2026-05-04 20:37:59,988 [INFO]   Já no disco: 238/238
2026-05-04 20:37:59,988 [INFO]   Todos os patches já existem. Pulando.
2026-05-04 20:37:59,988 [INFO] 
[8/88] Região: 00000000000000000007
2026-05-04 20:38:00,269 [INFO]   Grade: 110 patches (stride 230px = 0.009855° | patch 256px = 0.010970°)
2026-05-04 20:38:00,276 [INFO]   Já no disco: 110/110
2026-05-04 20:38:00,277 [INFO]   Todos os patches já existem. Pulando.
2026-05-04 20:38:00,277 [INFO] 
[9/88] Região: 00000000000000000008
2026-05-04 20:38:00,655 [INFO]   Grade: 132 patches (stride 230px = 0.009855° | patch 256px = 0.010970°)
2026-05-04 20:38:00,663 [INFO]   Já no disco: 132/132
2026-05-04 20:38:00,663 [INFO]   Todos os patches já existem. Pulando.
2026-05-04 20:38:00,663 [INFO] 
[10/88] Região: 00000000000000000009
2026-05-04 20:38:00,982 [INFO]   Grade: 121 patches (stride 230px = 0.009855° | patch 256px = 0.010970°)
2026-05-04 20:38:00,990 [INFO]   Já no disco: 121/121
2026-05-04 20:38:00,990 [INFO]   Todos os patches já existem. Pulando.
2026-05-04 20:38:00,990 [INFO] 
[11/88] Região: 0000000000000000000a
2026-05-04 20:38:01,391 [INFO]   Grade: 156 patches (stride 230px = 0.009855° | patch 256px = 0.010970°)
2026-05-04 20:38:01,399 [INFO]   Já no disco: 156/156
2026-05-04 20:38:01,399 [INFO]   Todos os patches já existem. Pulando.
2026-05-04 20:38:01,399 [INFO] 
[12/88] Região: 0000000000000000000b
2026-05-04 20:38:01,819 [INFO]   Grade: 240 patches (stride 230px = 0.009855° | patch 256px = 0.010970°)
2026-05-04 20:38:01,829 [INFO]   Já no disco: 240/240
2026-05-04 20:38:01,829 [INFO]   Todos os patches já existem. Pulando.
2026-05-04 20:38:01,829 [INFO] 
[13/88] Região: 0000000000000000000c
2026-05-04 20:38:03,023 [INFO]   Grade: 120 patches (stride 230px = 0.009855° | patch 256px = 0.010970°)
2026-05-04 20:38:03,031 [INFO]   Já no disco: 120/120
2026-05-04 20:38:03,031 [INFO]   Todos os patches já existem. Pulando.
2026-05-04 20:38:03,031 [INFO] 
[14/88] Região: 0000000000000000000d
2026-05-04 20:38:03,361 [INFO]   Grade: 156 patches (stride 230px = 0.009855° | patch 256px = 0.010970°)
2026-05-04 20:38:03,369 [INFO]   Já no disco: 156/156
2026-05-04 20:38:03,370 [INFO]   Todos os patches já existem. Pulando.
2026-05-04 20:38:03,370 [INFO] 
[15/88] Região: 0000000000000000000e
2026-05-04 20:38:03,720 [INFO]   Grade: 121 patches (stride 230px = 0.009855° | patch 256px = 0.010970°)
2026-05-04 20:38:03,728 [INFO]   Já no disco: 121/121
2026-05-04 20:38:03,728 [INFO]   Todos os patches já existem. Pulando.
2026-05-04 20:38:03,728 [INFO] 
[16/88] Região: 0000000000000000000f
2026-05-04 20:38:04,768 [INFO]   Grade: 121 patches (stride 230px = 0.009855° | patch 256px = 0.010970°)
2026-05-04 20:38:04,776 [INFO]   Já no disco: 121/121
2026-05-04 20:38:04,776 [INFO]   Todos os patches já existem. Pulando.
2026-05-04 20:38:04,776 [INFO] 
[17/88] Região: 00000000000000000010
2026-05-04 20:38:05,113 [INFO]   Grade: 120 patches (stride 230px = 0.009855° | patch 256px = 0.010970°)
2026-05-04 20:38:05,120 [INFO]   Já no disco: 120/120
2026-05-04 20:38:05,120 [INFO]   Todos os patches já existem. Pulando.
2026-05-04 20:38:05,121 [INFO] 
[18/88] Região: 00000000000000000011
2026-05-04 20:38:05,557 [INFO]   Grade: 110 patches (stride 230px = 0.009855° | patch 256px = 0.010970°)
2026-05-04 20:38:05,565 [INFO]   Já no disco: 110/110
2026-05-04 20:38:05,566 [INFO]   Todos os patches já existem. Pulando.
2026-05-04 20:38:05,566 [INFO] 
[19/88] Região: 00000000000000000012
2026-05-04 20:38:05,901 [INFO]   Grade: 110 patches (stride 230px = 0.009855° | patch 256px = 0.010970°)
2026-05-04 20:38:05,908 [INFO]   Já no disco: 110/110
2026-05-04 20:38:05,908 [INFO]   Todos os patches já existem. Pulando.
2026-05-04 20:38:05,908 [INFO] 
[20/88] Região: 00000000000000000013
2026-05-04 20:38:06,914 [INFO]   Grade: 576 patches (stride 230px = 0.009855° | patch 256px = 0.010970°)
2026-05-04 20:38:06,931 [INFO]   Já no disco: 576/576
2026-05-04 20:38:06,932 [INFO]   Todos os patches já existem. Pulando.
2026-05-04 20:38:06,932 [INFO] 
[21/88] Região: 00000000000000000014
2026-05-04 20:38:07,303 [INFO]   Grade: 130 patches (stride 230px = 0.009855° | patch 256px = 0.010970°)
2026-05-04 20:38:07,311 [INFO]   Já no disco: 130/130
2026-05-04 20:38:07,312 [INFO]   Todos os patches já existem. Pulando.
2026-05-04 20:38:07,312 [INFO] 
[22/88] Região: 00000000000000000015
2026-05-04 20:38:07,613 [INFO]   Grade: 357 patches (stride 230px = 0.009855° | patch 256px = 0.010970°)
2026-05-04 20:38:07,624 [INFO]   Já no disco: 357/357
2026-05-04 20:38:07,624 [INFO]   Todos os patches já existem. Pulando.
2026-05-04 20:38:07,625 [INFO] 
[23/88] Região: 00000000000000000016
2026-05-04 20:38:07,925 [INFO]   Grade: 182 patches (stride 230px = 0.009855° | patch 256px = 0.010970°)
2026-05-04 20:38:07,934 [INFO]   Já no disco: 182/182
2026-05-04 20:38:07,935 [INFO]   Todos os patches já existem. Pulando.
2026-05-04 20:38:07,935 [INFO] 
[24/88] Região: 00000000000000000017
2026-05-04 20:38:08,270 [INFO]   Grade: 140 patches (stride 230px = 0.009855° | patch 256px = 0.010970°)
2026-05-04 20:38:08,277 [INFO]   Já no disco: 140/140
2026-05-04 20:38:08,278 [INFO]   Todos os patches já existem. Pulando.
2026-05-04 20:38:08,278 [INFO] 
[25/88] Região: 00000000000000000018
2026-05-04 20:38:09,329 [INFO]   Grade: 156 patches (stride 230px = 0.009855° | patch 256px = 0.010970°)
2026-05-04 20:38:09,338 [INFO]   Já no disco: 156/156
2026-05-04 20:38:09,338 [INFO]   Todos os patches já existem. Pulando.
2026-05-04 20:38:09,338 [INFO] 
[26/88] Região: 00000000000000000019
2026-05-04 20:38:09,667 [INFO]   Grade: 100 patches (stride 230px = 0.009855° | patch 256px = 0.010970°)
2026-05-04 20:38:09,674 [INFO]   Já no disco: 100/100
2026-05-04 20:38:09,674 [INFO]   Todos os patches já existem. Pulando.
2026-05-04 20:38:09,674 [INFO] 
[27/88] Região: 0000000000000000001a
2026-05-04 20:38:10,009 [INFO]   Grade: 110 patches (stride 230px = 0.009855° | patch 256px = 0.010970°)
2026-05-04 20:38:10,017 [INFO]   Já no disco: 110/110
2026-05-04 20:38:10,017 [INFO]   Todos os patches já existem. Pulando.
2026-05-04 20:38:10,017 [INFO] 
[28/88] Região: 0000000000000000001b
2026-05-04 20:38:11,196 [INFO]   Grade: 594 patches (stride 230px = 0.009855° | patch 256px = 0.010970°)
2026-05-04 20:38:11,212 [INFO]   Já no disco: 594/594
2026-05-04 20:38:11,213 [INFO]   Todos os patches já existem. Pulando.
2026-05-04 20:38:11,213 [INFO] 
[29/88] Região: 0000000000000000001c
2026-05-04 20:38:11,530 [INFO]   Grade: 255 patches (stride 230px = 0.009855° | patch 256px = 0.010970°)
2026-05-04 20:38:11,540 [INFO]   Já no disco: 255/255
2026-05-04 20:38:11,541 [INFO]   Todos os patches já existem. Pulando.
2026-05-04 20:38:11,541 [INFO] 
[30/88] Região: 0000000000000000001d
2026-05-04 20:38:11,841 [INFO]   Grade: 100 patches (stride 230px = 0.009855° | patch 256px = 0.010970°)
2026-05-04 20:38:11,849 [INFO]   Já no disco: 100/100
2026-05-04 20:38:11,849 [INFO]   Todos os patches já existem. Pulando.
2026-05-04 20:38:11,849 [INFO] 
[31/88] Região: 0000000000000000001e
2026-05-04 20:38:12,256 [INFO]   Grade: 100 patches (stride 230px = 0.009855° | patch 256px = 0.010970°)
2026-05-04 20:38:12,262 [INFO]   Já no disco: 100/100
2026-05-04 20:38:12,263 [INFO]   Todos os patches já existem. Pulando.
2026-05-04 20:38:12,263 [INFO] 
[32/88] Região: 0000000000000000001f
2026-05-04 20:38:12,609 [INFO]   Grade: 238 patches (stride 230px = 0.009855° | patch 256px = 0.010970°)
2026-05-04 20:38:12,618 [INFO]   Já no disco: 238/238
2026-05-04 20:38:12,618 [INFO]   Todos os patches já existem. Pulando.
2026-05-04 20:38:12,618 [INFO] 
[33/88] Região: 00000000000000000020
2026-05-04 20:38:12,954 [INFO]   Grade: 225 patches (stride 230px = 0.009855° | patch 256px = 0.010970°)
2026-05-04 20:38:12,964 [INFO]   Já no disco: 225/225
2026-05-04 20:38:12,964 [INFO]   Todos os patches já existem. Pulando.
2026-05-04 20:38:12,965 [INFO] 
[34/88] Região: 00000000000000000021
2026-05-04 20:38:13,323 [INFO]   Grade: 100 patches (stride 230px = 0.009855° | patch 256px = 0.010970°)
2026-05-04 20:38:13,331 [INFO]   Já no disco: 100/100
2026-05-04 20:38:13,331 [INFO]   Todos os patches já existem. Pulando.
2026-05-04 20:38:13,331 [INFO] 
[35/88] Região: 00000000000000000022
2026-05-04 20:38:13,719 [INFO]   Grade: 221 patches (stride 230px = 0.009855° | patch 256px = 0.010970°)
2026-05-04 20:38:13,729 [INFO]   Já no disco: 221/221
2026-05-04 20:38:13,729 [INFO]   Todos os patches já existem. Pulando.
2026-05-04 20:38:13,729 [INFO] 
[36/88] Região: 00000000000000000023
2026-05-04 20:38:14,159 [INFO]   Grade: 195 patches (stride 230px = 0.009855° | patch 256px = 0.010970°)
2026-05-04 20:38:14,167 [INFO]   Já no disco: 195/195
2026-05-04 20:38:14,167 [INFO]   Todos os patches já existem. Pulando.
2026-05-04 20:38:14,168 [INFO] 
[37/88] Região: 00000000000000000024
2026-05-04 20:38:14,548 [INFO]   Grade: 100 patches (stride 230px = 0.009855° | patch 256px = 0.010970°)
2026-05-04 20:38:14,556 [INFO]   Já no disco: 100/100
2026-05-04 20:38:14,557 [INFO]   Todos os patches já existem. Pulando.
2026-05-04 20:38:14,557 [INFO] 
[38/88] Região: 00000000000000000025
2026-05-04 20:38:14,889 [INFO]   Grade: 143 patches (stride 230px = 0.009855° | patch 256px = 0.010970°)
2026-05-04 20:38:14,898 [INFO]   Já no disco: 143/143
2026-05-04 20:38:14,898 [INFO]   Todos os patches já existem. Pulando.
2026-05-04 20:38:14,898 [INFO] 
[39/88] Região: 00000000000000000026
2026-05-04 20:38:15,199 [INFO]   Grade: 156 patches (stride 230px = 0.009855° | patch 256px = 0.010970°)
2026-05-04 20:38:15,207 [INFO]   Já no disco: 156/156
2026-05-04 20:38:15,207 [INFO]   Todos os patches já existem. Pulando.
2026-05-04 20:38:15,208 [INFO] 
[40/88] Região: 00000000000000000027
2026-05-04 20:38:15,587 [INFO]   Grade: 100 patches (stride 230px = 0.009855° | patch 256px = 0.010970°)
2026-05-04 20:38:15,595 [INFO]   Já no disco: 100/100
2026-05-04 20:38:15,595 [INFO]   Todos os patches já existem. Pulando.
2026-05-04 20:38:15,595 [INFO] 
[41/88] Região: 00000000000000000028
2026-05-04 20:38:16,617 [INFO]   Grade: 100 patches (stride 230px = 0.009855° | patch 256px = 0.010970°)
2026-05-04 20:38:16,624 [INFO]   Já no disco: 100/100
2026-05-04 20:38:16,624 [INFO]   Todos os patches já existem. Pulando.
2026-05-04 20:38:16,624 [INFO] 
[42/88] Região: 00000000000000000029
2026-05-04 20:38:16,956 [INFO]   Grade: 121 patches (stride 230px = 0.009855° | patch 256px = 0.010970°)
2026-05-04 20:38:16,964 [INFO]   Já no disco: 121/121
2026-05-04 20:38:16,964 [INFO]   Todos os patches já existem. Pulando.
2026-05-04 20:38:16,964 [INFO] 
[43/88] Região: 0000000000000000002a
2026-05-04 20:38:17,324 [INFO]   Grade: 100 patches (stride 230px = 0.009855° | patch 256px = 0.010970°)
2026-05-04 20:38:17,331 [INFO]   Já no disco: 100/100
2026-05-04 20:38:17,331 [INFO]   Todos os patches já existem. Pulando.
2026-05-04 20:38:17,331 [INFO] 
[44/88] Região: 0000000000000000002b
2026-05-04 20:38:17,657 [INFO]   Grade: 144 patches (stride 230px = 0.009855° | patch 256px = 0.010970°)
2026-05-04 20:38:17,665 [INFO]   Já no disco: 144/144
2026-05-04 20:38:17,665 [INFO]   Todos os patches já existem. Pulando.
2026-05-04 20:38:17,666 [INFO] 
[45/88] Região: 0000000000000000002c
2026-05-04 20:38:18,055 [INFO]   Grade: 100 patches (stride 230px = 0.009855° | patch 256px = 0.010970°)
2026-05-04 20:38:18,063 [INFO]   Já no disco: 100/100
2026-05-04 20:38:18,063 [INFO]   Todos os patches já existem. Pulando.
2026-05-04 20:38:18,063 [INFO] 
[46/88] Região: 0000000000000000002d
2026-05-04 20:38:18,350 [INFO]   Grade: 182 patches (stride 230px = 0.009855° | patch 256px = 0.010970°)
2026-05-04 20:38:18,358 [INFO]   Já no disco: 182/182
2026-05-04 20:38:18,358 [INFO]   Todos os patches já existem. Pulando.
2026-05-04 20:38:18,358 [INFO] 
[47/88] Região: 0000000000000000002e
2026-05-04 20:38:18,809 [INFO]   Grade: 182 patches (stride 230px = 0.009855° | patch 256px = 0.010970°)
2026-05-04 20:38:18,818 [INFO]   Já no disco: 182/182
2026-05-04 20:38:18,819 [INFO]   Todos os patches já existem. Pulando.
2026-05-04 20:38:18,819 [INFO] 
[48/88] Região: 0000000000000000002f
2026-05-04 20:38:19,855 [INFO]   Grade: 100 patches (stride 230px = 0.009855° | patch 256px = 0.010970°)
2026-05-04 20:38:19,863 [INFO]   Já no disco: 100/100
2026-05-04 20:38:19,863 [INFO]   Todos os patches já existem. Pulando.
2026-05-04 20:38:19,863 [INFO] 
[49/88] Região: 00000000000000000030
2026-05-04 20:38:20,164 [INFO]   Grade: 144 patches (stride 230px = 0.009855° | patch 256px = 0.010970°)
2026-05-04 20:38:20,172 [INFO]   Já no disco: 144/144
2026-05-04 20:38:20,172 [INFO]   Todos os patches já existem. Pulando.
2026-05-04 20:38:20,172 [INFO] 
[50/88] Região: 00000000000000000031
2026-05-04 20:38:20,532 [INFO]   Grade: 100 patches (stride 230px = 0.009855° | patch 256px = 0.010970°)
2026-05-04 20:38:20,540 [INFO]   Já no disco: 100/100
2026-05-04 20:38:20,540 [INFO]   Todos os patches já existem. Pulando.
2026-05-04 20:38:20,540 [INFO] 
[51/88] Região: 00000000000000000032
2026-05-04 20:38:20,865 [INFO]   Grade: 100 patches (stride 230px = 0.009855° | patch 256px = 0.010970°)
2026-05-04 20:38:20,866 [INFO]   Já no disco: 0/100
2026-05-04 20:43:27,419 [INFO]   Baixados: 100 | Pulados (já existiam): 0 | Falhas: 0
2026-05-04 20:43:27,419 [INFO] 
[52/88] Região: 00000000000000000033
2026-05-04 20:43:27,739 [INFO]   Grade: 100 patches (stride 230px = 0.009855° | patch 256px = 0.010970°)
2026-05-04 20:43:27,739 [INFO]   Já no disco: 0/100
2026-05-04 20:48:32,417 [INFO]   Baixados: 100 | Pulados (já existiam): 0 | Falhas: 0
2026-05-04 20:48:32,417 [INFO] 
[53/88] Região: 00000000000000000034
2026-05-04 20:48:32,815 [INFO]   Grade: 100 patches (stride 230px = 0.009855° | patch 256px = 0.010970°)
2026-05-04 20:48:32,816 [INFO]   Já no disco: 0/100
2026-05-04 20:53:47,159 [INFO]   Baixados: 100 | Pulados (já existiam): 0 | Falhas: 0
2026-05-04 20:53:47,159 [INFO] 
[54/88] Região: 00000000000000000035
2026-05-04 20:53:47,556 [INFO]   Grade: 100 patches (stride 230px = 0.009855° | patch 256px = 0.010970°)
2026-05-04 20:53:47,556 [INFO]   Já no disco: 0/100
2026-05-04 20:59:01,690 [INFO]   Baixados: 100 | Pulados (já existiam): 0 | Falhas: 0
2026-05-04 20:59:01,691 [INFO] 
[55/88] Região: 00000000000000000036
2026-05-04 20:59:02,046 [INFO]   Grade: 132 patches (stride 230px = 0.009855° | patch 256px = 0.010970°)
2026-05-04 20:59:02,047 [INFO]   Já no disco: 0/132
2026-05-04 21:05:55,105 [INFO]   Baixados: 132 | Pulados (já existiam): 0 | Falhas: 0
2026-05-04 21:05:55,106 [INFO] 
[56/88] Região: 00000000000000000037
2026-05-04 21:05:55,400 [INFO]   Grade: 168 patches (stride 230px = 0.009855° | patch 256px = 0.010970°)
2026-05-04 21:05:55,400 [INFO]   Já no disco: 0/168
2026-05-04 21:14:38,180 [INFO]   Baixados: 168 | Pulados (já existiam): 0 | Falhas: 0
2026-05-04 21:14:38,181 [INFO] 
[57/88] Região: 00000000000000000038
2026-05-04 21:14:38,498 [INFO]   Grade: 234 patches (stride 230px = 0.009855° | patch 256px = 0.010970°)
2026-05-04 21:14:38,499 [INFO]   Já no disco: 0/234
2026-05-04 21:26:49,396 [INFO]   Baixados: 234 | Pulados (já existiam): 0 | Falhas: 0
2026-05-04 21:26:49,396 [INFO] 
[58/88] Região: 00000000000000000039
2026-05-04 21:26:49,808 [INFO]   Grade: 100 patches (stride 230px = 0.009855° | patch 256px = 0.010970°)
2026-05-04 21:26:49,808 [INFO]   Já no disco: 0/100
2026-05-04 21:31:58,441 [INFO]   Baixados: 100 | Pulados (já existiam): 0 | Falhas: 0
2026-05-04 21:31:58,441 [INFO] 
[59/88] Região: 0000000000000000003a
2026-05-04 21:31:58,837 [INFO]   Grade: 100 patches (stride 230px = 0.009855° | patch 256px = 0.010970°)
2026-05-04 21:31:58,838 [INFO]   Já no disco: 0/100
2026-05-04 21:37:03,853 [INFO]   Baixados: 100 | Pulados (já existiam): 0 | Falhas: 0
2026-05-04 21:37:03,853 [INFO] 
[60/88] Região: 0000000000000000003b
2026-05-04 21:37:04,176 [INFO]   Grade: 361 patches (stride 230px = 0.009855° | patch 256px = 0.010970°)
2026-05-04 21:37:04,176 [INFO]   Já no disco: 0/361
2026-05-04 21:55:49,800 [INFO]   Baixados: 361 | Pulados (já existiam): 0 | Falhas: 0
2026-05-04 21:55:49,800 [INFO] 
[61/88] Região: 0000000000000000003c
2026-05-04 21:55:50,210 [INFO]   Grade: 165 patches (stride 230px = 0.009855° | patch 256px = 0.010970°)
2026-05-04 21:55:50,211 [INFO]   Já no disco: 0/165
2026-05-04 22:04:25,145 [INFO]   Baixados: 165 | Pulados (já existiam): 0 | Falhas: 0
2026-05-04 22:04:25,145 [INFO] 
[62/88] Região: 0000000000000000003d
2026-05-04 22:04:25,480 [INFO]   Grade: 169 patches (stride 230px = 0.009855° | patch 256px = 0.010970°)
2026-05-04 22:04:25,480 [INFO]   Já no disco: 0/169
2026-05-04 22:13:03,849 [INFO]   Baixados: 169 | Pulados (já existiam): 0 | Falhas: 0
2026-05-04 22:13:03,849 [INFO] 
[63/88] Região: 0000000000000000003e
2026-05-04 22:13:04,201 [INFO]   Grade: 272 patches (stride 230px = 0.009855° | patch 256px = 0.010970°)
2026-05-04 22:13:04,202 [INFO]   Já no disco: 0/272
2026-05-04 22:27:16,545 [INFO]   Baixados: 272 | Pulados (já existiam): 0 | Falhas: 0
2026-05-04 22:27:16,545 [INFO] 
[64/88] Região: 0000000000000000003f
2026-05-04 22:27:16,847 [INFO]   Grade: 100 patches (stride 230px = 0.009855° | patch 256px = 0.010970°)
2026-05-04 22:27:16,847 [INFO]   Já no disco: 0/100
2026-05-04 22:32:24,098 [INFO]   Baixados: 100 | Pulados (já existiam): 0 | Falhas: 0
2026-05-04 22:32:24,099 [INFO] 
[65/88] Região: 00000000000000000040
2026-05-04 22:32:24,467 [INFO]   Grade: 132 patches (stride 230px = 0.009855° | patch 256px = 0.010970°)
2026-05-04 22:32:24,468 [INFO]   Já no disco: 0/132
2026-05-04 22:39:16,002 [INFO]   Baixados: 132 | Pulados (já existiam): 0 | Falhas: 0
2026-05-04 22:39:16,003 [INFO] 
[66/88] Região: 00000000000000000041
2026-05-04 22:39:16,391 [INFO]   Grade: 352 patches (stride 230px = 0.009855° | patch 256px = 0.010970°)
2026-05-04 22:39:16,392 [INFO]   Já no disco: 0/352
2026-05-04 22:57:45,727 [INFO]   Baixados: 352 | Pulados (já existiam): 0 | Falhas: 0
2026-05-04 22:57:45,728 [INFO] 
[67/88] Região: 00000000000000000042
2026-05-04 22:57:46,014 [INFO]   Grade: 255 patches (stride 230px = 0.009855° | patch 256px = 0.010970°)
2026-05-04 22:57:46,015 [INFO]   Já no disco: 0/255
2026-05-04 23:11:26,222 [INFO]   Baixados: 255 | Pulados (já existiam): 0 | Falhas: 0
2026-05-04 23:11:26,222 [INFO] 
[68/88] Região: 00000000000000000043
2026-05-04 23:11:26,556 [INFO]   Grade: 132 patches (stride 230px = 0.009855° | patch 256px = 0.010970°)
2026-05-04 23:11:26,556 [INFO]   Já no disco: 0/132
2026-05-04 23:18:29,994 [INFO]   Baixados: 132 | Pulados (já existiam): 0 | Falhas: 0
2026-05-04 23:18:29,995 [INFO] 
[69/88] Região: 00000000000000000044
2026-05-04 23:18:30,489 [INFO]   Grade: 100 patches (stride 230px = 0.009855° | patch 256px = 0.010970°)
2026-05-04 23:18:30,490 [INFO]   Já no disco: 0/100
2026-05-04 23:24:03,413 [INFO]   Baixados: 100 | Pulados (já existiam): 0 | Falhas: 0
2026-05-04 23:24:03,413 [INFO] 
[70/88] Região: 00000000000000000045
2026-05-04 23:24:03,768 [INFO]   Grade: 252 patches (stride 230px = 0.009855° | patch 256px = 0.010970°)
2026-05-04 23:24:03,769 [INFO]   Já no disco: 0/252
2026-05-04 23:37:17,505 [INFO]   Baixados: 252 | Pulados (já existiam): 0 | Falhas: 0
2026-05-04 23:37:17,505 [INFO] 
[71/88] Região: 00000000000000000046
2026-05-04 23:37:17,776 [INFO]   Grade: 110 patches (stride 230px = 0.009855° | patch 256px = 0.010970°)
2026-05-04 23:37:17,777 [INFO]   Já no disco: 0/110
2026-05-04 23:43:01,124 [INFO]   Baixados: 110 | Pulados (já existiam): 0 | Falhas: 0
2026-05-04 23:43:01,124 [INFO] 
[72/88] Região: 00000000000000000047
2026-05-04 23:43:01,455 [INFO]   Grade: 100 patches (stride 230px = 0.009855° | patch 256px = 0.010970°)
2026-05-04 23:43:01,455 [INFO]   Já no disco: 0/100
2026-05-04 23:48:12,301 [INFO]   Baixados: 100 | Pulados (já existiam): 0 | Falhas: 0
2026-05-04 23:48:12,302 [INFO] 
[73/88] Região: 00000000000000000048
2026-05-04 23:48:12,655 [INFO]   Grade: 100 patches (stride 230px = 0.009855° | patch 256px = 0.010970°)
2026-05-04 23:48:12,656 [INFO]   Já no disco: 0/100
2026-05-04 23:53:24,616 [INFO]   Baixados: 100 | Pulados (já existiam): 0 | Falhas: 0
2026-05-04 23:53:24,616 [INFO] 
[74/88] Região: 00000000000000000049
2026-05-04 23:53:24,995 [INFO]   Grade: 374 patches (stride 230px = 0.009855° | patch 256px = 0.010970°)
2026-05-04 23:53:24,995 [INFO]   Já no disco: 0/374
2026-05-05 00:12:45,019 [INFO]   Baixados: 374 | Pulados (já existiam): 0 | Falhas: 0
2026-05-05 00:12:45,020 [INFO] 
[75/88] Região: 0000000000000000004a
2026-05-05 00:12:45,526 [INFO]   Grade: 132 patches (stride 230px = 0.009855° | patch 256px = 0.010970°)
2026-05-05 00:12:45,527 [INFO]   Já no disco: 0/132
2026-05-05 00:19:43,538 [INFO]   Baixados: 132 | Pulados (já existiam): 0 | Falhas: 0
2026-05-05 00:19:43,538 [INFO] 
[76/88] Região: 0000000000000000004b
2026-05-05 00:19:43,968 [INFO]   Grade: 144 patches (stride 230px = 0.009855° | patch 256px = 0.010970°)
2026-05-05 00:19:43,969 [INFO]   Já no disco: 0/144
2026-05-05 00:27:31,127 [INFO]   Baixados: 144 | Pulados (já existiam): 0 | Falhas: 0
2026-05-05 00:27:31,128 [INFO] 
[77/88] Região: 0000000000000000004c
2026-05-05 00:27:31,654 [INFO]   Grade: 120 patches (stride 230px = 0.009855° | patch 256px = 0.010970°)
2026-05-05 00:27:31,655 [INFO]   Já no disco: 0/120
2026-05-05 00:33:54,479 [INFO]   Baixados: 120 | Pulados (já existiam): 0 | Falhas: 0
2026-05-05 00:33:54,479 [INFO] 
[78/88] Região: 0000000000000000004d
2026-05-05 00:33:54,795 [INFO]   Grade: 132 patches (stride 230px = 0.009855° | patch 256px = 0.010970°)
2026-05-05 00:33:54,795 [INFO]   Já no disco: 0/132
2026-05-05 00:40:47,035 [INFO]   Baixados: 132 | Pulados (já existiam): 0 | Falhas: 0
2026-05-05 00:40:47,036 [INFO] 
[79/88] Região: 0000000000000000004e
2026-05-05 00:40:48,093 [INFO]   Grade: 110 patches (stride 230px = 0.009855° | patch 256px = 0.010970°)
2026-05-05 00:40:48,093 [INFO]   Já no disco: 0/110
2026-05-05 00:46:29,273 [INFO]   Baixados: 110 | Pulados (já existiam): 0 | Falhas: 0
2026-05-05 00:46:29,274 [INFO] 
[80/88] Região: 0000000000000000004f
2026-05-05 00:46:30,570 [INFO]   Grade: 121 patches (stride 230px = 0.009855° | patch 256px = 0.010970°)
2026-05-05 00:46:30,571 [INFO]   Já no disco: 0/121
2026-05-05 00:52:51,248 [INFO]   Baixados: 121 | Pulados (já existiam): 0 | Falhas: 0
2026-05-05 00:52:51,248 [INFO] 
[81/88] Região: 00000000000000000050
2026-05-05 00:52:51,567 [INFO]   Grade: 110 patches (stride 230px = 0.009855° | patch 256px = 0.010970°)
2026-05-05 00:52:51,567 [INFO]   Já no disco: 0/110
2026-05-05 00:58:35,191 [INFO]   Baixados: 110 | Pulados (já existiam): 0 | Falhas: 0
2026-05-05 00:58:35,192 [INFO] 
[82/88] Região: 00000000000000000051
2026-05-05 00:58:35,545 [INFO]   Grade: 121 patches (stride 230px = 0.009855° | patch 256px = 0.010970°)
2026-05-05 00:58:35,545 [INFO]   Já no disco: 0/121
2026-05-05 01:04:57,471 [INFO]   Baixados: 121 | Pulados (já existiam): 0 | Falhas: 0
2026-05-05 01:04:57,471 [INFO] 
[83/88] Região: 00000000000000000052
2026-05-05 01:04:58,481 [INFO]   Grade: 110 patches (stride 230px = 0.009855° | patch 256px = 0.010970°)
2026-05-05 01:04:58,482 [INFO]   Já no disco: 0/110
2026-05-05 01:10:41,861 [INFO]   Baixados: 110 | Pulados (já existiam): 0 | Falhas: 0
2026-05-05 01:10:41,862 [INFO] 
[84/88] Região: 00000000000000000053
2026-05-05 01:10:42,220 [INFO]   Grade: 100 patches (stride 230px = 0.009855° | patch 256px = 0.010970°)
2026-05-05 01:10:42,221 [INFO]   Já no disco: 0/100
2026-05-05 01:15:51,207 [INFO]   Baixados: 100 | Pulados (já existiam): 0 | Falhas: 0
2026-05-05 01:15:51,208 [INFO] 
[85/88] Região: 00000000000000000054
2026-05-05 01:15:52,253 [INFO]   Grade: 224 patches (stride 230px = 0.009855° | patch 256px = 0.010970°)
2026-05-05 01:15:52,254 [INFO]   Já no disco: 0/224
2026-05-05 01:27:54,970 [INFO]   Baixados: 224 | Pulados (já existiam): 0 | Falhas: 0
2026-05-05 01:27:54,970 [INFO] 
[86/88] Região: 00000000000000000055
2026-05-05 01:27:55,329 [INFO]   Grade: 110 patches (stride 230px = 0.009855° | patch 256px = 0.010970°)
2026-05-05 01:27:55,330 [INFO]   Já no disco: 0/110
2026-05-05 01:35:10,469 [INFO]   Baixados: 110 | Pulados (já existiam): 0 | Falhas: 0
2026-05-05 01:35:10,469 [INFO] 
[87/88] Região: 00000000000000000056
2026-05-05 01:35:10,930 [INFO]   Grade: 132 patches (stride 230px = 0.009855° | patch 256px = 0.010970°)
2026-05-05 01:35:10,930 [INFO]   Já no disco: 0/132
2026-05-05 01:42:02,527 [INFO]   Baixados: 132 | Pulados (já existiam): 0 | Falhas: 0
2026-05-05 01:42:02,527 [INFO] 
[88/88] Região: 00000000000000000057
2026-05-05 01:42:02,919 [INFO]   Grade: 120 patches (stride 230px = 0.009855° | patch 256px = 0.010970°)
2026-05-05 01:42:02,920 [INFO]   Já no disco: 0/120
2026-05-05 01:48:21,186 [INFO]   Baixados: 120 | Pulados (já existiam): 0 | Falhas: 0
2026-05-05 01:48:21,186 [INFO] 
============================================================
2026-05-05 01:48:21,186 [INFO] --- Ano 2018 ---
2026-05-05 01:48:21,624 [INFO] 
[1/88] Região: 00000000000000000000
2026-05-05 01:48:21,922 [INFO]   Grade: 121 patches (stride 230px = 0.009855° | patch 256px = 0.010970°)
2026-05-05 01:48:21,929 [INFO]   Já no disco: 121/121
2026-05-05 01:48:21,929 [INFO]   Todos os patches já existem. Pulando.
2026-05-05 01:48:21,929 [INFO] 
[2/88] Região: 00000000000000000001
2026-05-05 01:48:22,934 [INFO]   Grade: 120 patches (stride 230px = 0.009855° | patch 256px = 0.010970°)
2026-05-05 01:48:22,942 [INFO]   Já no disco: 120/120
2026-05-05 01:48:22,942 [INFO]   Todos os patches já existem. Pulando.
2026-05-05 01:48:22,943 [INFO] 
[3/88] Região: 00000000000000000002
2026-05-05 01:48:23,265 [INFO]   Grade: 132 patches (stride 230px = 0.009855° | patch 256px = 0.010970°)
2026-05-05 01:48:23,273 [INFO]   Já no disco: 132/132
2026-05-05 01:48:23,273 [INFO]   Todos os patches já existem. Pulando.
2026-05-05 01:48:23,274 [INFO] 
[4/88] Região: 00000000000000000003
2026-05-05 01:48:23,592 [INFO]   Grade: 63 patches (stride 230px = 0.009855° | patch 256px = 0.010970°)
2026-05-05 01:48:23,599 [INFO]   Já no disco: 63/63
2026-05-05 01:48:23,599 [INFO]   Todos os patches já existem. Pulando.
2026-05-05 01:48:23,599 [INFO] 
[5/88] Região: 00000000000000000004
2026-05-05 01:48:23,941 [INFO]   Grade: 9 patches (stride 230px = 0.009855° | patch 256px = 0.010970°)
2026-05-05 01:48:23,946 [INFO]   Já no disco: 9/9
2026-05-05 01:48:23,946 [INFO]   Todos os patches já existem. Pulando.
2026-05-05 01:48:23,947 [INFO] 
[6/88] Região: 00000000000000000005
2026-05-05 01:48:25,097 [INFO]   Grade: 90 patches (stride 230px = 0.009855° | patch 256px = 0.010970°)
2026-05-05 01:48:25,103 [INFO]   Já no disco: 90/90
2026-05-05 01:48:25,103 [INFO]   Todos os patches já existem. Pulando.
2026-05-05 01:48:25,104 [INFO] 
[7/88] Região: 00000000000000000006
2026-05-05 01:48:25,438 [INFO]   Grade: 238 patches (stride 230px = 0.009855° | patch 256px = 0.010970°)
2026-05-05 01:48:25,448 [INFO]   Já no disco: 238/238
2026-05-05 01:48:25,448 [INFO]   Todos os patches já existem. Pulando.
2026-05-05 01:48:25,448 [INFO] 
[8/88] Região: 00000000000000000007
2026-05-05 01:48:26,600 [INFO]   Grade: 110 patches (stride 230px = 0.009855° | patch 256px = 0.010970°)
2026-05-05 01:48:26,608 [INFO]   Já no disco: 110/110
2026-05-05 01:48:26,608 [INFO]   Todos os patches já existem. Pulando.
2026-05-05 01:48:26,608 [INFO] 
[9/88] Região: 00000000000000000008
2026-05-05 01:48:27,622 [INFO]   Grade: 132 patches (stride 230px = 0.009855° | patch 256px = 0.010970°)
2026-05-05 01:48:27,630 [INFO]   Já no disco: 132/132
2026-05-05 01:48:27,630 [INFO]   Todos os patches já existem. Pulando.
2026-05-05 01:48:27,631 [INFO] 
[10/88] Região: 00000000000000000009
2026-05-05 01:48:27,949 [INFO]   Grade: 121 patches (stride 230px = 0.009855° | patch 256px = 0.010970°)
2026-05-05 01:48:27,956 [INFO]   Já no disco: 121/121
2026-05-05 01:48:27,956 [INFO]   Todos os patches já existem. Pulando.
2026-05-05 01:48:27,956 [INFO] 
[11/88] Região: 0000000000000000000a
2026-05-05 01:48:28,274 [INFO]   Grade: 156 patches (stride 230px = 0.009855° | patch 256px = 0.010970°)
2026-05-05 01:48:28,283 [INFO]   Já no disco: 156/156
2026-05-05 01:48:28,283 [INFO]   Todos os patches já existem. Pulando.
2026-05-05 01:48:28,283 [INFO] 
[12/88] Região: 0000000000000000000b
2026-05-05 01:48:29,284 [INFO]   Grade: 240 patches (stride 230px = 0.009855° | patch 256px = 0.010970°)
2026-05-05 01:48:29,294 [INFO]   Já no disco: 240/240
2026-05-05 01:48:29,294 [INFO]   Todos os patches já existem. Pulando.
2026-05-05 01:48:29,294 [INFO] 
[13/88] Região: 0000000000000000000c
2026-05-05 01:48:29,551 [INFO]   Grade: 120 patches (stride 230px = 0.009855° | patch 256px = 0.010970°)
2026-05-05 01:48:29,558 [INFO]   Já no disco: 120/120
2026-05-05 01:48:29,558 [INFO]   Todos os patches já existem. Pulando.
2026-05-05 01:48:29,559 [INFO] 
[14/88] Região: 0000000000000000000d
2026-05-05 01:48:29,996 [INFO]   Grade: 156 patches (stride 230px = 0.009855° | patch 256px = 0.010970°)
2026-05-05 01:48:30,005 [INFO]   Já no disco: 156/156
2026-05-05 01:48:30,005 [INFO]   Todos os patches já existem. Pulando.
2026-05-05 01:48:30,005 [INFO] 
[15/88] Região: 0000000000000000000e
2026-05-05 01:48:30,300 [INFO]   Grade: 121 patches (stride 230px = 0.009855° | patch 256px = 0.010970°)
2026-05-05 01:48:30,308 [INFO]   Já no disco: 121/121
2026-05-05 01:48:30,309 [INFO]   Todos os patches já existem. Pulando.
2026-05-05 01:48:30,309 [INFO] 
[16/88] Região: 0000000000000000000f
2026-05-05 01:48:30,636 [INFO]   Grade: 121 patches (stride 230px = 0.009855° | patch 256px = 0.010970°)
2026-05-05 01:48:30,642 [INFO]   Já no disco: 121/121
2026-05-05 01:48:30,643 [INFO]   Todos os patches já existem. Pulando.
2026-05-05 01:48:30,643 [INFO] 
[17/88] Região: 00000000000000000010
2026-05-05 01:48:31,005 [INFO]   Grade: 120 patches (stride 230px = 0.009855° | patch 256px = 0.010970°)
2026-05-05 01:48:31,012 [INFO]   Já no disco: 120/120
2026-05-05 01:48:31,012 [INFO]   Todos os patches já existem. Pulando.
2026-05-05 01:48:31,013 [INFO] 
[18/88] Região: 00000000000000000011
2026-05-05 01:48:31,346 [INFO]   Grade: 110 patches (stride 230px = 0.009855° | patch 256px = 0.010970°)
2026-05-05 01:48:31,354 [INFO]   Já no disco: 110/110
2026-05-05 01:48:31,354 [INFO]   Todos os patches já existem. Pulando.
2026-05-05 01:48:31,354 [INFO] 
[19/88] Região: 00000000000000000012
2026-05-05 01:48:31,747 [INFO]   Grade: 110 patches (stride 230px = 0.009855° | patch 256px = 0.010970°)
2026-05-05 01:48:31,754 [INFO]   Já no disco: 110/110
2026-05-05 01:48:31,754 [INFO]   Todos os patches já existem. Pulando.
2026-05-05 01:48:31,754 [INFO] 
[20/88] Região: 00000000000000000013
2026-05-05 01:48:32,051 [INFO]   Grade: 576 patches (stride 230px = 0.009855° | patch 256px = 0.010970°)
2026-05-05 01:48:32,069 [INFO]   Já no disco: 576/576
2026-05-05 01:48:32,069 [INFO]   Todos os patches já existem. Pulando.
2026-05-05 01:48:32,069 [INFO] 
[21/88] Região: 00000000000000000014
2026-05-05 01:48:32,408 [INFO]   Grade: 130 patches (stride 230px = 0.009855° | patch 256px = 0.010970°)
2026-05-05 01:48:32,416 [INFO]   Já no disco: 130/130
2026-05-05 01:48:32,417 [INFO]   Todos os patches já existem. Pulando.
2026-05-05 01:48:32,417 [INFO] 
[22/88] Região: 00000000000000000015
2026-05-05 01:48:32,763 [INFO]   Grade: 357 patches (stride 230px = 0.009855° | patch 256px = 0.010970°)
2026-05-05 01:48:32,775 [INFO]   Já no disco: 357/357
2026-05-05 01:48:32,775 [INFO]   Todos os patches já existem. Pulando.
2026-05-05 01:48:32,775 [INFO] 
[23/88] Região: 00000000000000000016
2026-05-05 01:48:33,118 [INFO]   Grade: 182 patches (stride 230px = 0.009855° | patch 256px = 0.010970°)
2026-05-05 01:48:33,127 [INFO]   Já no disco: 182/182
2026-05-05 01:48:33,127 [INFO]   Todos os patches já existem. Pulando.
2026-05-05 01:48:33,128 [INFO] 
[24/88] Região: 00000000000000000017
2026-05-05 01:48:33,450 [INFO]   Grade: 140 patches (stride 230px = 0.009855° | patch 256px = 0.010970°)
2026-05-05 01:48:33,458 [INFO]   Já no disco: 140/140
2026-05-05 01:48:33,459 [INFO]   Todos os patches já existem. Pulando.
2026-05-05 01:48:33,459 [INFO] 
[25/88] Região: 00000000000000000018
2026-05-05 01:48:34,489 [INFO]   Grade: 156 patches (stride 230px = 0.009855° | patch 256px = 0.010970°)
2026-05-05 01:48:34,496 [INFO]   Já no disco: 156/156
2026-05-05 01:48:34,497 [INFO]   Todos os patches já existem. Pulando.
2026-05-05 01:48:34,497 [INFO] 
[26/88] Região: 00000000000000000019
2026-05-05 01:48:35,497 [INFO]   Grade: 100 patches (stride 230px = 0.009855° | patch 256px = 0.010970°)
2026-05-05 01:48:35,505 [INFO]   Já no disco: 100/100
2026-05-05 01:48:35,505 [INFO]   Todos os patches já existem. Pulando.
2026-05-05 01:48:35,505 [INFO] 
[27/88] Região: 0000000000000000001a
2026-05-05 01:48:36,641 [INFO]   Grade: 110 patches (stride 230px = 0.009855° | patch 256px = 0.010970°)
2026-05-05 01:48:36,648 [INFO]   Já no disco: 110/110
2026-05-05 01:48:36,648 [INFO]   Todos os patches já existem. Pulando.
2026-05-05 01:48:36,648 [INFO] 
[28/88] Região: 0000000000000000001b
2026-05-05 01:48:37,865 [INFO]   Grade: 594 patches (stride 230px = 0.009855° | patch 256px = 0.010970°)
2026-05-05 01:48:37,882 [INFO]   Já no disco: 594/594
2026-05-05 01:48:37,882 [INFO]   Todos os patches já existem. Pulando.
2026-05-05 01:48:37,883 [INFO] 
[29/88] Região: 0000000000000000001c
2026-05-05 01:48:38,986 [INFO]   Grade: 255 patches (stride 230px = 0.009855° | patch 256px = 0.010970°)
2026-05-05 01:48:38,996 [INFO]   Já no disco: 255/255
2026-05-05 01:48:38,996 [INFO]   Todos os patches já existem. Pulando.
2026-05-05 01:48:38,997 [INFO] 
[30/88] Região: 0000000000000000001d
2026-05-05 01:48:40,078 [INFO]   Grade: 100 patches (stride 230px = 0.009855° | patch 256px = 0.010970°)
2026-05-05 01:48:40,086 [INFO]   Já no disco: 100/100
2026-05-05 01:48:40,086 [INFO]   Todos os patches já existem. Pulando.
2026-05-05 01:48:40,086 [INFO] 
[31/88] Região: 0000000000000000001e
2026-05-05 01:48:40,473 [INFO]   Grade: 100 patches (stride 230px = 0.009855° | patch 256px = 0.010970°)
2026-05-05 01:48:40,480 [INFO]   Já no disco: 100/100
2026-05-05 01:48:40,480 [INFO]   Todos os patches já existem. Pulando.
2026-05-05 01:48:40,480 [INFO] 
[32/88] Região: 0000000000000000001f
2026-05-05 01:48:41,692 [INFO]   Grade: 238 patches (stride 230px = 0.009855° | patch 256px = 0.010970°)
2026-05-05 01:48:41,702 [INFO]   Já no disco: 238/238
2026-05-05 01:48:41,702 [INFO]   Todos os patches já existem. Pulando.
2026-05-05 01:48:41,702 [INFO] 
[33/88] Região: 00000000000000000020
2026-05-05 01:48:42,788 [INFO]   Grade: 225 patches (stride 230px = 0.009855° | patch 256px = 0.010970°)
2026-05-05 01:48:42,798 [INFO]   Já no disco: 225/225
2026-05-05 01:48:42,798 [INFO]   Todos os patches já existem. Pulando.
2026-05-05 01:48:42,798 [INFO] 
[34/88] Região: 00000000000000000021
2026-05-05 01:48:43,153 [INFO]   Grade: 100 patches (stride 230px = 0.009855° | patch 256px = 0.010970°)
2026-05-05 01:48:43,160 [INFO]   Já no disco: 100/100
2026-05-05 01:48:43,160 [INFO]   Todos os patches já existem. Pulando.
2026-05-05 01:48:43,161 [INFO] 
[35/88] Região: 00000000000000000022
2026-05-05 01:48:43,471 [INFO]   Grade: 221 patches (stride 230px = 0.009855° | patch 256px = 0.010970°)
2026-05-05 01:48:43,480 [INFO]   Já no disco: 221/221
2026-05-05 01:48:43,480 [INFO]   Todos os patches já existem. Pulando.
2026-05-05 01:48:43,480 [INFO] 
[36/88] Região: 00000000000000000023
2026-05-05 01:48:43,780 [INFO]   Grade: 195 patches (stride 230px = 0.009855° | patch 256px = 0.010970°)
2026-05-05 01:48:43,789 [INFO]   Já no disco: 195/195
2026-05-05 01:48:43,789 [INFO]   Todos os patches já existem. Pulando.
2026-05-05 01:48:43,790 [INFO] 
[37/88] Região: 00000000000000000024
2026-05-05 01:48:44,771 [INFO]   Grade: 100 patches (stride 230px = 0.009855° | patch 256px = 0.010970°)
2026-05-05 01:48:44,779 [INFO]   Já no disco: 100/100
2026-05-05 01:48:44,779 [INFO]   Todos os patches já existem. Pulando.
2026-05-05 01:48:44,779 [INFO] 
[38/88] Região: 00000000000000000025
2026-05-05 01:48:45,125 [INFO]   Grade: 143 patches (stride 230px = 0.009855° | patch 256px = 0.010970°)
2026-05-05 01:48:45,133 [INFO]   Já no disco: 143/143
2026-05-05 01:48:45,134 [INFO]   Todos os patches já existem. Pulando.
2026-05-05 01:48:45,134 [INFO] 
[39/88] Região: 00000000000000000026
2026-05-05 01:48:45,509 [INFO]   Grade: 156 patches (stride 230px = 0.009855° | patch 256px = 0.010970°)
2026-05-05 01:48:45,518 [INFO]   Já no disco: 156/156
2026-05-05 01:48:45,518 [INFO]   Todos os patches já existem. Pulando.
2026-05-05 01:48:45,519 [INFO] 
[40/88] Região: 00000000000000000027
2026-05-05 01:48:46,486 [INFO]   Grade: 100 patches (stride 230px = 0.009855° | patch 256px = 0.010970°)
2026-05-05 01:48:46,493 [INFO]   Já no disco: 100/100
2026-05-05 01:48:46,493 [INFO]   Todos os patches já existem. Pulando.
2026-05-05 01:48:46,493 [INFO] 
[41/88] Região: 00000000000000000028
2026-05-05 01:48:46,830 [INFO]   Grade: 100 patches (stride 230px = 0.009855° | patch 256px = 0.010970°)
2026-05-05 01:48:46,837 [INFO]   Já no disco: 100/100
2026-05-05 01:48:46,838 [INFO]   Todos os patches já existem. Pulando.
2026-05-05 01:48:46,838 [INFO] 
[42/88] Região: 00000000000000000029
2026-05-05 01:48:47,101 [INFO]   Grade: 121 patches (stride 230px = 0.009855° | patch 256px = 0.010970°)
2026-05-05 01:48:47,108 [INFO]   Já no disco: 121/121
2026-05-05 01:48:47,108 [INFO]   Todos os patches já existem. Pulando.
2026-05-05 01:48:47,109 [INFO] 
[43/88] Região: 0000000000000000002a
2026-05-05 01:48:47,386 [INFO]   Grade: 100 patches (stride 230px = 0.009855° | patch 256px = 0.010970°)
2026-05-05 01:48:47,392 [INFO]   Já no disco: 100/100
2026-05-05 01:48:47,393 [INFO]   Todos os patches já existem. Pulando.
2026-05-05 01:48:47,393 [INFO] 
[44/88] Região: 0000000000000000002b
2026-05-05 01:48:47,726 [INFO]   Grade: 144 patches (stride 230px = 0.009855° | patch 256px = 0.010970°)
2026-05-05 01:48:47,734 [INFO]   Já no disco: 144/144
2026-05-05 01:48:47,734 [INFO]   Todos os patches já existem. Pulando.
2026-05-05 01:48:47,735 [INFO] 
[45/88] Região: 0000000000000000002c
2026-05-05 01:48:48,011 [INFO]   Grade: 100 patches (stride 230px = 0.009855° | patch 256px = 0.010970°)
2026-05-05 01:48:48,018 [INFO]   Já no disco: 100/100
2026-05-05 01:48:48,019 [INFO]   Todos os patches já existem. Pulando.
2026-05-05 01:48:48,019 [INFO] 
[46/88] Região: 0000000000000000002d
2026-05-05 01:48:49,095 [INFO]   Grade: 182 patches (stride 230px = 0.009855° | patch 256px = 0.010970°)
2026-05-05 01:48:49,104 [INFO]   Já no disco: 182/182
2026-05-05 01:48:49,105 [INFO]   Todos os patches já existem. Pulando.
2026-05-05 01:48:49,105 [INFO] 
[47/88] Região: 0000000000000000002e
2026-05-05 01:48:49,428 [INFO]   Grade: 182 patches (stride 230px = 0.009855° | patch 256px = 0.010970°)
2026-05-05 01:48:49,437 [INFO]   Já no disco: 182/182
2026-05-05 01:48:49,437 [INFO]   Todos os patches já existem. Pulando.
2026-05-05 01:48:49,437 [INFO] 
[48/88] Região: 0000000000000000002f
2026-05-05 01:48:49,716 [INFO]   Grade: 100 patches (stride 230px = 0.009855° | patch 256px = 0.010970°)
2026-05-05 01:48:49,723 [INFO]   Já no disco: 100/100
2026-05-05 01:48:49,723 [INFO]   Todos os patches já existem. Pulando.
2026-05-05 01:48:49,724 [INFO] 
[49/88] Região: 00000000000000000030
2026-05-05 01:48:50,100 [INFO]   Grade: 144 patches (stride 230px = 0.009855° | patch 256px = 0.010970°)
2026-05-05 01:48:50,108 [INFO]   Já no disco: 144/144
2026-05-05 01:48:50,108 [INFO]   Todos os patches já existem. Pulando.
2026-05-05 01:48:50,109 [INFO] 
[50/88] Região: 00000000000000000031
2026-05-05 01:48:50,464 [INFO]   Grade: 100 patches (stride 230px = 0.009855° | patch 256px = 0.010970°)
2026-05-05 01:48:50,471 [INFO]   Já no disco: 100/100
2026-05-05 01:48:50,471 [INFO]   Todos os patches já existem. Pulando.
2026-05-05 01:48:50,472 [INFO] 
[51/88] Região: 00000000000000000032
2026-05-05 01:48:50,794 [INFO]   Grade: 100 patches (stride 230px = 0.009855° | patch 256px = 0.010970°)
2026-05-05 01:48:50,794 [INFO]   Já no disco: 0/100
2026-05-05 01:54:09,911 [INFO]   Baixados: 100 | Pulados (já existiam): 0 | Falhas: 0
2026-05-05 01:54:09,911 [INFO] 
[52/88] Região: 00000000000000000033
2026-05-05 01:54:10,249 [INFO]   Grade: 100 patches (stride 230px = 0.009855° | patch 256px = 0.010970°)
2026-05-05 01:54:10,250 [INFO]   Já no disco: 0/100
2026-05-05 01:59:25,330 [INFO]   Baixados: 100 | Pulados (já existiam): 0 | Falhas: 0
2026-05-05 01:59:25,330 [INFO] 
[53/88] Região: 00000000000000000034
2026-05-05 01:59:25,627 [INFO]   Grade: 100 patches (stride 230px = 0.009855° | patch 256px = 0.010970°)
2026-05-05 01:59:25,628 [INFO]   Já no disco: 0/100
2026-05-05 02:04:47,903 [INFO]   Baixados: 100 | Pulados (já existiam): 0 | Falhas: 0
2026-05-05 02:04:47,903 [INFO] 
[54/88] Região: 00000000000000000035
2026-05-05 02:04:48,230 [INFO]   Grade: 100 patches (stride 230px = 0.009855° | patch 256px = 0.010970°)
2026-05-05 02:04:48,231 [INFO]   Já no disco: 0/100
2026-05-05 02:10:10,128 [INFO]   Baixados: 100 | Pulados (já existiam): 0 | Falhas: 0
2026-05-05 02:10:10,128 [INFO] 
[55/88] Região: 00000000000000000036
2026-05-05 02:10:10,544 [INFO]   Grade: 132 patches (stride 230px = 0.009855° | patch 256px = 0.010970°)
2026-05-05 02:10:10,545 [INFO]   Já no disco: 0/132
2026-05-05 02:17:19,274 [INFO]   Baixados: 132 | Pulados (já existiam): 0 | Falhas: 0
2026-05-05 02:17:19,274 [INFO] 
[56/88] Região: 00000000000000000037
2026-05-05 02:17:20,458 [INFO]   Grade: 168 patches (stride 230px = 0.009855° | patch 256px = 0.010970°)
2026-05-05 02:17:20,459 [INFO]   Já no disco: 0/168
2026-05-05 02:26:30,973 [INFO]   Baixados: 168 | Pulados (já existiam): 0 | Falhas: 0
2026-05-05 02:26:30,974 [INFO] 
[57/88] Região: 00000000000000000038
2026-05-05 02:26:31,347 [INFO]   Grade: 234 patches (stride 230px = 0.009855° | patch 256px = 0.010970°)
2026-05-05 02:26:31,347 [INFO]   Já no disco: 0/234
2026-05-05 02:39:03,881 [INFO]   Baixados: 234 | Pulados (já existiam): 0 | Falhas: 0
2026-05-05 02:39:03,881 [INFO] 
[58/88] Região: 00000000000000000039
2026-05-05 02:39:04,895 [INFO]   Grade: 100 patches (stride 230px = 0.009855° | patch 256px = 0.010970°)
2026-05-05 02:39:04,896 [INFO]   Já no disco: 0/100
2026-05-05 02:44:35,430 [INFO]   Baixados: 100 | Pulados (já existiam): 0 | Falhas: 0
2026-05-05 02:44:35,431 [INFO] 
[59/88] Região: 0000000000000000003a
2026-05-05 02:44:36,440 [INFO]   Grade: 100 patches (stride 230px = 0.009855° | patch 256px = 0.010970°)
2026-05-05 02:44:36,440 [INFO]   Já no disco: 0/100
2026-05-05 02:49:55,816 [INFO]   Baixados: 100 | Pulados (já existiam): 0 | Falhas: 0
2026-05-05 02:49:55,816 [INFO] 
[60/88] Região: 0000000000000000003b
2026-05-05 02:49:56,134 [INFO]   Grade: 361 patches (stride 230px = 0.009855° | patch 256px = 0.010970°)
2026-05-05 02:49:56,135 [INFO]   Já no disco: 0/361
2026-05-05 03:09:12,558 [INFO]   Baixados: 361 | Pulados (já existiam): 0 | Falhas: 0
2026-05-05 03:09:12,558 [INFO] 
[61/88] Região: 0000000000000000003c
2026-05-05 03:09:12,875 [INFO]   Grade: 165 patches (stride 230px = 0.009855° | patch 256px = 0.010970°)
2026-05-05 03:09:12,876 [INFO]   Já no disco: 0/165
2026-05-05 03:18:11,691 [INFO]   Baixados: 165 | Pulados (já existiam): 0 | Falhas: 0
2026-05-05 03:18:11,691 [INFO] 
[62/88] Região: 0000000000000000003d
2026-05-05 03:18:12,055 [INFO]   Grade: 169 patches (stride 230px = 0.009855° | patch 256px = 0.010970°)
2026-05-05 03:18:12,056 [INFO]   Já no disco: 0/169
2026-05-05 03:27:24,855 [INFO]   Baixados: 169 | Pulados (já existiam): 0 | Falhas: 0
2026-05-05 03:27:24,856 [INFO] 
[63/88] Região: 0000000000000000003e
2026-05-05 03:27:25,852 [INFO]   Grade: 272 patches (stride 230px = 0.009855° | patch 256px = 0.010970°)
2026-05-05 03:27:25,853 [INFO]   Já no disco: 0/272
2026-05-05 03:37:41,275 [WARNING] Sleeping 0.26 seconds before retry 1 of 5 for request: POST https://earthengine.googleapis.com/v1/projects/mapbiomas-caatinga-cloud04/image:computePixels?, after 503
2026-05-05 03:41:55,032 [INFO]   Baixados: 272 | Pulados (já existiam): 0 | Falhas: 0
2026-05-05 03:41:55,032 [INFO] 
[64/88] Região: 0000000000000000003f
2026-05-05 03:41:55,528 [INFO]   Grade: 100 patches (stride 230px = 0.009855° | patch 256px = 0.010970°)
2026-05-05 03:41:55,528 [INFO]   Já no disco: 0/100
2026-05-05 03:47:18,865 [INFO]   Baixados: 100 | Pulados (já existiam): 0 | Falhas: 0
2026-05-05 03:47:18,866 [INFO] 
[65/88] Região: 00000000000000000040
2026-05-05 03:47:19,864 [INFO]   Grade: 132 patches (stride 230px = 0.009855° | patch 256px = 0.010970°)
2026-05-05 03:47:19,864 [INFO]   Já no disco: 0/132
2026-05-05 03:54:22,348 [INFO]   Baixados: 132 | Pulados (já existiam): 0 | Falhas: 0
2026-05-05 03:54:22,348 [INFO] 
[66/88] Região: 00000000000000000041
2026-05-05 03:54:23,365 [INFO]   Grade: 352 patches (stride 230px = 0.009855° | patch 256px = 0.010970°)
2026-05-05 03:54:23,366 [INFO]   Já no disco: 0/352
2026-05-05 04:13:13,332 [INFO]   Baixados: 352 | Pulados (já existiam): 0 | Falhas: 0
2026-05-05 04:13:13,332 [INFO] 
[67/88] Região: 00000000000000000042
2026-05-05 04:13:13,646 [INFO]   Grade: 255 patches (stride 230px = 0.009855° | patch 256px = 0.010970°)
2026-05-05 04:13:13,647 [INFO]   Já no disco: 0/255
2026-05-05 04:27:12,380 [INFO]   Baixados: 255 | Pulados (já existiam): 0 | Falhas: 0
2026-05-05 04:27:12,380 [INFO] 
[68/88] Região: 00000000000000000043
2026-05-05 04:27:12,679 [INFO]   Grade: 132 patches (stride 230px = 0.009855° | patch 256px = 0.010970°)
2026-05-05 04:27:12,680 [INFO]   Já no disco: 0/132
2026-05-05 04:34:17,551 [INFO]   Baixados: 132 | Pulados (já existiam): 0 | Falhas: 0
2026-05-05 04:34:17,551 [INFO] 
[69/88] Região: 00000000000000000044
2026-05-05 04:34:17,854 [INFO]   Grade: 100 patches (stride 230px = 0.009855° | patch 256px = 0.010970°)
2026-05-05 04:34:17,855 [INFO]   Já no disco: 0/100
2026-05-05 04:39:33,020 [INFO]   Baixados: 100 | Pulados (já existiam): 0 | Falhas: 0
2026-05-05 04:39:33,021 [INFO] 
[70/88] Região: 00000000000000000045
2026-05-05 04:39:33,405 [INFO]   Grade: 252 patches (stride 230px = 0.009855° | patch 256px = 0.010970°)
2026-05-05 04:39:33,405 [INFO]   Já no disco: 0/252
2026-05-05 04:53:10,468 [INFO]   Baixados: 252 | Pulados (já existiam): 0 | Falhas: 0
2026-05-05 04:53:10,469 [INFO] 
[71/88] Região: 00000000000000000046
2026-05-05 04:53:10,798 [INFO]   Grade: 110 patches (stride 230px = 0.009855° | patch 256px = 0.010970°)
2026-05-05 04:53:10,799 [INFO]   Já no disco: 0/110
2026-05-05 04:58:57,438 [INFO]   Baixados: 110 | Pulados (já existiam): 0 | Falhas: 0
2026-05-05 04:58:57,438 [INFO] 
[72/88] Região: 00000000000000000047
2026-05-05 04:58:57,781 [INFO]   Grade: 100 patches (stride 230px = 0.009855° | patch 256px = 0.010970°)
2026-05-05 04:58:57,781 [INFO]   Já no disco: 0/100
2026-05-05 05:04:18,276 [INFO]   Baixados: 100 | Pulados (já existiam): 0 | Falhas: 0
2026-05-05 05:04:18,277 [INFO] 
[73/88] Região: 00000000000000000048
2026-05-05 05:04:19,500 [INFO]   Grade: 100 patches (stride 230px = 0.009855° | patch 256px = 0.010970°)
2026-05-05 05:04:19,501 [INFO]   Já no disco: 0/100
2026-05-05 05:09:38,813 [INFO]   Baixados: 100 | Pulados (já existiam): 0 | Falhas: 0
2026-05-05 05:09:38,814 [INFO] 
[74/88] Região: 00000000000000000049
2026-05-05 05:09:39,324 [INFO]   Grade: 374 patches (stride 230px = 0.009855° | patch 256px = 0.010970°)
2026-05-05 05:09:39,324 [INFO]   Já no disco: 0/374
2026-05-05 05:30:35,536 [INFO]   Baixados: 374 | Pulados (já existiam): 0 | Falhas: 0
2026-05-05 05:30:35,536 [INFO] 
[75/88] Região: 0000000000000000004a
2026-05-05 05:30:36,535 [INFO]   Grade: 132 patches (stride 230px = 0.009855° | patch 256px = 0.010970°)
2026-05-05 05:30:36,535 [INFO]   Já no disco: 0/132
2026-05-05 05:37:35,775 [INFO]   Baixados: 132 | Pulados (já existiam): 0 | Falhas: 0
2026-05-05 05:37:35,775 [INFO] 
[76/88] Região: 0000000000000000004b
2026-05-05 05:37:36,128 [INFO]   Grade: 144 patches (stride 230px = 0.009855° | patch 256px = 0.010970°)
2026-05-05 05:37:36,129 [INFO]   Já no disco: 0/144
2026-05-05 05:45:22,114 [INFO]   Baixados: 144 | Pulados (já existiam): 0 | Falhas: 0
2026-05-05 05:45:22,115 [INFO] 
[77/88] Região: 0000000000000000004c
2026-05-05 05:45:23,190 [INFO]   Grade: 120 patches (stride 230px = 0.009855° | patch 256px = 0.010970°)
2026-05-05 05:45:23,191 [INFO]   Já no disco: 0/120
2026-05-05 05:51:47,084 [INFO]   Baixados: 120 | Pulados (já existiam): 0 | Falhas: 0
2026-05-05 05:51:47,085 [INFO] 
[78/88] Região: 0000000000000000004d
2026-05-05 05:51:48,408 [INFO]   Grade: 132 patches (stride 230px = 0.009855° | patch 256px = 0.010970°)
2026-05-05 05:51:48,408 [INFO]   Já no disco: 0/132
2026-05-05 05:58:56,529 [INFO]   Baixados: 132 | Pulados (já existiam): 0 | Falhas: 0
2026-05-05 05:58:56,529 [INFO] 
[79/88] Região: 0000000000000000004e
2026-05-05 05:58:56,896 [INFO]   Grade: 110 patches (stride 230px = 0.009855° | patch 256px = 0.010970°)
2026-05-05 05:58:56,897 [INFO]   Já no disco: 0/110
2026-05-05 06:04:49,970 [INFO]   Baixados: 110 | Pulados (já existiam): 0 | Falhas: 0
2026-05-05 06:04:49,970 [INFO] 
[80/88] Região: 0000000000000000004f
2026-05-05 06:04:51,030 [INFO]   Grade: 121 patches (stride 230px = 0.009855° | patch 256px = 0.010970°)
2026-05-05 06:04:51,030 [INFO]   Já no disco: 0/121
2026-05-05 06:11:26,643 [INFO]   Baixados: 121 | Pulados (já existiam): 0 | Falhas: 0
2026-05-05 06:11:26,644 [INFO] 
[81/88] Região: 00000000000000000050
2026-05-05 06:11:26,988 [INFO]   Grade: 110 patches (stride 230px = 0.009855° | patch 256px = 0.010970°)
2026-05-05 06:11:26,989 [INFO]   Já no disco: 0/110
2026-05-05 06:17:18,690 [INFO]   Baixados: 110 | Pulados (já existiam): 0 | Falhas: 0
2026-05-05 06:17:18,690 [INFO] 
[82/88] Região: 00000000000000000051
2026-05-05 06:17:19,011 [INFO]   Grade: 121 patches (stride 230px = 0.009855° | patch 256px = 0.010970°)
2026-05-05 06:17:19,012 [INFO]   Já no disco: 0/121
2026-05-05 06:24:17,872 [INFO]   Baixados: 121 | Pulados (já existiam): 0 | Falhas: 0
2026-05-05 06:24:17,872 [INFO] 
[83/88] Região: 00000000000000000052
2026-05-05 06:24:18,222 [INFO]   Grade: 110 patches (stride 230px = 0.009855° | patch 256px = 0.010970°)
2026-05-05 06:24:18,223 [INFO]   Já no disco: 0/110
2026-05-05 06:30:17,162 [INFO]   Baixados: 110 | Pulados (já existiam): 0 | Falhas: 0
2026-05-05 06:30:17,162 [INFO] 
[84/88] Região: 00000000000000000053
2026-05-05 06:30:17,484 [INFO]   Grade: 100 patches (stride 230px = 0.009855° | patch 256px = 0.010970°)
2026-05-05 06:30:17,485 [INFO]   Já no disco: 0/100
2026-05-05 06:35:37,930 [INFO]   Baixados: 100 | Pulados (já existiam): 0 | Falhas: 0
2026-05-05 06:35:37,930 [INFO] 
[85/88] Região: 00000000000000000054
2026-05-05 06:35:39,042 [INFO]   Grade: 224 patches (stride 230px = 0.009855° | patch 256px = 0.010970°)
2026-05-05 06:35:39,043 [INFO]   Já no disco: 0/224
2026-05-05 06:47:29,934 [INFO]   Baixados: 224 | Pulados (já existiam): 0 | Falhas: 0
2026-05-05 06:47:29,935 [INFO] 
[86/88] Região: 00000000000000000055
2026-05-05 06:47:31,155 [INFO]   Grade: 110 patches (stride 230px = 0.009855° | patch 256px = 0.010970°)
2026-05-05 06:47:31,156 [INFO]   Já no disco: 0/110
2026-05-05 06:53:18,941 [INFO]   Baixados: 110 | Pulados (já existiam): 0 | Falhas: 0
2026-05-05 06:53:18,942 [INFO] 
[87/88] Região: 00000000000000000056
2026-05-05 06:53:19,242 [INFO]   Grade: 132 patches (stride 230px = 0.009855° | patch 256px = 0.010970°)
2026-05-05 06:53:19,242 [INFO]   Já no disco: 0/132
2026-05-05 07:00:13,205 [INFO]   Baixados: 132 | Pulados (já existiam): 0 | Falhas: 0
2026-05-05 07:00:13,205 [INFO] 
[88/88] Região: 00000000000000000057
2026-05-05 07:00:13,524 [INFO]   Grade: 120 patches (stride 230px = 0.009855° | patch 256px = 0.010970°)
2026-05-05 07:00:13,525 [INFO]   Já no disco: 0/120
2026-05-05 07:06:24,619 [INFO]   Baixados: 120 | Pulados (já existiam): 0 | Falhas: 0
2026-05-05 07:06:24,619 [INFO] 
============================================================
2026-05-05 07:06:24,619 [INFO] --- Ano 2019 ---
2026-05-05 07:06:24,935 [INFO] 
[1/88] Região: 00000000000000000000
2026-05-05 07:06:26,005 [INFO]   Grade: 121 patches (stride 230px = 0.009855° | patch 256px = 0.010970°)
2026-05-05 07:06:26,012 [INFO]   Já no disco: 121/121
2026-05-05 07:06:26,013 [INFO]   Todos os patches já existem. Pulando.
2026-05-05 07:06:26,013 [INFO] 
[2/88] Região: 00000000000000000001
2026-05-05 07:06:26,406 [INFO]   Grade: 120 patches (stride 230px = 0.009855° | patch 256px = 0.010970°)
2026-05-05 07:06:26,413 [INFO]   Já no disco: 120/120
2026-05-05 07:06:26,413 [INFO]   Todos os patches já existem. Pulando.
2026-05-05 07:06:26,413 [INFO] 
[3/88] Região: 00000000000000000002
2026-05-05 07:06:27,461 [INFO]   Grade: 132 patches (stride 230px = 0.009855° | patch 256px = 0.010970°)
2026-05-05 07:06:27,468 [INFO]   Já no disco: 132/132
2026-05-05 07:06:27,469 [INFO]   Todos os patches já existem. Pulando.
2026-05-05 07:06:27,469 [INFO] 
[4/88] Região: 00000000000000000003
2026-05-05 07:06:27,803 [INFO]   Grade: 63 patches (stride 230px = 0.009855° | patch 256px = 0.010970°)
2026-05-05 07:06:27,809 [INFO]   Já no disco: 63/63
2026-05-05 07:06:27,809 [INFO]   Todos os patches já existem. Pulando.
2026-05-05 07:06:27,809 [INFO] 
[5/88] Região: 00000000000000000004
2026-05-05 07:06:28,141 [INFO]   Grade: 9 patches (stride 230px = 0.009855° | patch 256px = 0.010970°)
2026-05-05 07:06:28,146 [INFO]   Já no disco: 9/9
2026-05-05 07:06:28,147 [INFO]   Todos os patches já existem. Pulando.
2026-05-05 07:06:28,147 [INFO] 
[6/88] Região: 00000000000000000005
2026-05-05 07:06:28,541 [INFO]   Grade: 90 patches (stride 230px = 0.009855° | patch 256px = 0.010970°)
2026-05-05 07:06:28,548 [INFO]   Já no disco: 90/90
2026-05-05 07:06:28,548 [INFO]   Todos os patches já existem. Pulando.
2026-05-05 07:06:28,548 [INFO] 
[7/88] Região: 00000000000000000006
2026-05-05 07:06:28,918 [INFO]   Grade: 238 patches (stride 230px = 0.009855° | patch 256px = 0.010970°)
2026-05-05 07:06:28,928 [INFO]   Já no disco: 238/238
2026-05-05 07:06:28,928 [INFO]   Todos os patches já existem. Pulando.
2026-05-05 07:06:28,929 [INFO] 
[8/88] Região: 00000000000000000007
2026-05-05 07:06:29,993 [INFO]   Grade: 110 patches (stride 230px = 0.009855° | patch 256px = 0.010970°)
2026-05-05 07:06:30,001 [INFO]   Já no disco: 110/110
2026-05-05 07:06:30,001 [INFO]   Todos os patches já existem. Pulando.
2026-05-05 07:06:30,001 [INFO] 
[9/88] Região: 00000000000000000008
2026-05-05 07:06:30,350 [INFO]   Grade: 132 patches (stride 230px = 0.009855° | patch 256px = 0.010970°)
2026-05-05 07:06:30,356 [INFO]   Já no disco: 132/132
2026-05-05 07:06:30,356 [INFO]   Todos os patches já existem. Pulando.
2026-05-05 07:06:30,356 [INFO] 
[10/88] Região: 00000000000000000009
2026-05-05 07:06:31,363 [INFO]   Grade: 121 patches (stride 230px = 0.009855° | patch 256px = 0.010970°)
2026-05-05 07:06:31,370 [INFO]   Já no disco: 121/121
2026-05-05 07:06:31,371 [INFO]   Todos os patches já existem. Pulando.
2026-05-05 07:06:31,371 [INFO] 
[11/88] Região: 0000000000000000000a
2026-05-05 07:06:31,769 [INFO]   Grade: 156 patches (stride 230px = 0.009855° | patch 256px = 0.010970°)
2026-05-05 07:06:31,777 [INFO]   Já no disco: 156/156
2026-05-05 07:06:31,777 [INFO]   Todos os patches já existem. Pulando.
2026-05-05 07:06:31,778 [INFO] 
[12/88] Região: 0000000000000000000b
2026-05-05 07:06:33,010 [INFO]   Grade: 240 patches (stride 230px = 0.009855° | patch 256px = 0.010970°)
2026-05-05 07:06:33,022 [INFO]   Já no disco: 240/240
2026-05-05 07:06:33,022 [INFO]   Todos os patches já existem. Pulando.
2026-05-05 07:06:33,022 [INFO] 
[13/88] Região: 0000000000000000000c
2026-05-05 07:06:33,318 [INFO]   Grade: 120 patches (stride 230px = 0.009855° | patch 256px = 0.010970°)
2026-05-05 07:06:33,325 [INFO]   Já no disco: 120/120
2026-05-05 07:06:33,326 [INFO]   Todos os patches já existem. Pulando.
2026-05-05 07:06:33,326 [INFO] 
[14/88] Região: 0000000000000000000d
2026-05-05 07:06:33,619 [INFO]   Grade: 156 patches (stride 230px = 0.009855° | patch 256px = 0.010970°)
2026-05-05 07:06:33,623 [INFO]   Já no disco: 156/156
2026-05-05 07:06:33,623 [INFO]   Todos os patches já existem. Pulando.
2026-05-05 07:06:33,623 [INFO] 
[15/88] Região: 0000000000000000000e
2026-05-05 07:06:34,918 [INFO]   Grade: 121 patches (stride 230px = 0.009855° | patch 256px = 0.010970°)
2026-05-05 07:06:34,926 [INFO]   Já no disco: 121/121
2026-05-05 07:06:34,926 [INFO]   Todos os patches já existem. Pulando.
2026-05-05 07:06:34,926 [INFO] 
[16/88] Região: 0000000000000000000f
2026-05-05 07:06:35,294 [INFO]   Grade: 121 patches (stride 230px = 0.009855° | patch 256px = 0.010970°)
2026-05-05 07:06:35,301 [INFO]   Já no disco: 121/121
2026-05-05 07:06:35,302 [INFO]   Todos os patches já existem. Pulando.
2026-05-05 07:06:35,302 [INFO] 
[17/88] Região: 00000000000000000010
2026-05-05 07:06:36,303 [INFO]   Grade: 120 patches (stride 230px = 0.009855° | patch 256px = 0.010970°)
2026-05-05 07:06:36,311 [INFO]   Já no disco: 120/120
2026-05-05 07:06:36,311 [INFO]   Todos os patches já existem. Pulando.
2026-05-05 07:06:36,312 [INFO] 
[18/88] Região: 00000000000000000011
2026-05-05 07:06:36,618 [INFO]   Grade: 110 patches (stride 230px = 0.009855° | patch 256px = 0.010970°)
2026-05-05 07:06:36,625 [INFO]   Já no disco: 110/110
2026-05-05 07:06:36,625 [INFO]   Todos os patches já existem. Pulando.
2026-05-05 07:06:36,625 [INFO] 
[19/88] Região: 00000000000000000012
2026-05-05 07:06:37,001 [INFO]   Grade: 110 patches (stride 230px = 0.009855° | patch 256px = 0.010970°)
2026-05-05 07:06:37,008 [INFO]   Já no disco: 110/110
2026-05-05 07:06:37,008 [INFO]   Todos os patches já existem. Pulando.
2026-05-05 07:06:37,008 [INFO] 
[20/88] Região: 00000000000000000013
2026-05-05 07:06:37,276 [INFO]   Grade: 576 patches (stride 230px = 0.009855° | patch 256px = 0.010970°)
2026-05-05 07:06:37,294 [INFO]   Já no disco: 576/576
2026-05-05 07:06:37,294 [INFO]   Todos os patches já existem. Pulando.
2026-05-05 07:06:37,294 [INFO] 
[21/88] Região: 00000000000000000014
2026-05-05 07:06:37,635 [INFO]   Grade: 130 patches (stride 230px = 0.009855° | patch 256px = 0.010970°)
2026-05-05 07:06:37,643 [INFO]   Já no disco: 130/130
2026-05-05 07:06:37,643 [INFO]   Todos os patches já existem. Pulando.
2026-05-05 07:06:37,644 [INFO] 
[22/88] Região: 00000000000000000015
2026-05-05 07:06:38,713 [INFO]   Grade: 357 patches (stride 230px = 0.009855° | patch 256px = 0.010970°)
2026-05-05 07:06:38,725 [INFO]   Já no disco: 357/357
2026-05-05 07:06:38,725 [INFO]   Todos os patches já existem. Pulando.
2026-05-05 07:06:38,725 [INFO] 
[23/88] Região: 00000000000000000016
2026-05-05 07:06:39,095 [INFO]   Grade: 182 patches (stride 230px = 0.009855° | patch 256px = 0.010970°)
2026-05-05 07:06:39,103 [INFO]   Já no disco: 182/182
2026-05-05 07:06:39,104 [INFO]   Todos os patches já existem. Pulando.
2026-05-05 07:06:39,104 [INFO] 
[24/88] Região: 00000000000000000017
2026-05-05 07:06:40,477 [INFO]   Grade: 140 patches (stride 230px = 0.009855° | patch 256px = 0.010970°)
2026-05-05 07:06:40,485 [INFO]   Já no disco: 140/140
2026-05-05 07:06:40,485 [INFO]   Todos os patches já existem. Pulando.
2026-05-05 07:06:40,485 [INFO] 
[25/88] Região: 00000000000000000018
2026-05-05 07:06:40,772 [INFO]   Grade: 156 patches (stride 230px = 0.009855° | patch 256px = 0.010970°)
2026-05-05 07:06:40,780 [INFO]   Já no disco: 156/156
2026-05-05 07:06:40,781 [INFO]   Todos os patches já existem. Pulando.
2026-05-05 07:06:40,781 [INFO] 
[26/88] Região: 00000000000000000019
2026-05-05 07:06:41,827 [INFO]   Grade: 100 patches (stride 230px = 0.009855° | patch 256px = 0.010970°)
2026-05-05 07:06:41,834 [INFO]   Já no disco: 100/100
2026-05-05 07:06:41,834 [INFO]   Todos os patches já existem. Pulando.
2026-05-05 07:06:41,834 [INFO] 
[27/88] Região: 0000000000000000001a
2026-05-05 07:06:42,197 [INFO]   Grade: 110 patches (stride 230px = 0.009855° | patch 256px = 0.010970°)
2026-05-05 07:06:42,204 [INFO]   Já no disco: 110/110
2026-05-05 07:06:42,204 [INFO]   Todos os patches já existem. Pulando.
2026-05-05 07:06:42,204 [INFO] 
[28/88] Região: 0000000000000000001b
2026-05-05 07:06:43,216 [INFO]   Grade: 594 patches (stride 230px = 0.009855° | patch 256px = 0.010970°)
2026-05-05 07:06:43,238 [INFO]   Já no disco: 594/594
2026-05-05 07:06:43,238 [INFO]   Todos os patches já existem. Pulando.
2026-05-05 07:06:43,238 [INFO] 
[29/88] Região: 0000000000000000001c
2026-05-05 07:06:44,365 [INFO]   Grade: 255 patches (stride 230px = 0.009855° | patch 256px = 0.010970°)
2026-05-05 07:06:44,375 [INFO]   Já no disco: 255/255
2026-05-05 07:06:44,376 [INFO]   Todos os patches já existem. Pulando.
2026-05-05 07:06:44,376 [INFO] 
[30/88] Região: 0000000000000000001d
2026-05-05 07:06:44,729 [INFO]   Grade: 100 patches (stride 230px = 0.009855° | patch 256px = 0.010970°)
2026-05-05 07:06:44,736 [INFO]   Já no disco: 100/100
2026-05-05 07:06:44,737 [INFO]   Todos os patches já existem. Pulando.
2026-05-05 07:06:44,737 [INFO] 
[31/88] Região: 0000000000000000001e
2026-05-05 07:06:45,356 [INFO]   Grade: 100 patches (stride 230px = 0.009855° | patch 256px = 0.010970°)
2026-05-05 07:06:45,361 [INFO]   Já no disco: 17/100
2026-05-05 07:11:55,405 [INFO]   Baixados: 100 | Pulados (já existiam): 0 | Falhas: 0
2026-05-05 07:11:55,406 [INFO] 
[32/88] Região: 0000000000000000001f
2026-05-05 07:11:55,703 [INFO]   Grade: 238 patches (stride 230px = 0.009855° | patch 256px = 0.010970°)
2026-05-05 07:11:55,704 [INFO]   Já no disco: 0/238
2026-05-05 07:24:36,821 [INFO]   Baixados: 238 | Pulados (já existiam): 0 | Falhas: 0
2026-05-05 07:24:36,822 [INFO] 
[33/88] Região: 00000000000000000020
2026-05-05 07:24:37,154 [INFO]   Grade: 225 patches (stride 230px = 0.009855° | patch 256px = 0.010970°)
2026-05-05 07:24:37,155 [INFO]   Já no disco: 0/225
2026-05-05 07:36:12,490 [INFO]   Baixados: 225 | Pulados (já existiam): 0 | Falhas: 0
2026-05-05 07:36:12,491 [INFO] 
[34/88] Região: 00000000000000000021
2026-05-05 07:36:12,909 [INFO]   Grade: 100 patches (stride 230px = 0.009855° | patch 256px = 0.010970°)
2026-05-05 07:36:12,910 [INFO]   Já no disco: 0/100
2026-05-05 07:41:15,659 [INFO]   Baixados: 100 | Pulados (já existiam): 0 | Falhas: 0
2026-05-05 07:41:15,659 [INFO] 
[35/88] Região: 00000000000000000022
2026-05-05 07:41:15,938 [INFO]   Grade: 221 patches (stride 230px = 0.009855° | patch 256px = 0.010970°)
2026-05-05 07:41:15,939 [INFO]   Já no disco: 0/221
2026-05-05 07:52:39,002 [INFO]   Baixados: 221 | Pulados (já existiam): 0 | Falhas: 0
2026-05-05 07:52:39,003 [INFO] 
[36/88] Região: 00000000000000000023
2026-05-05 07:52:40,041 [INFO]   Grade: 195 patches (stride 230px = 0.009855° | patch 256px = 0.010970°)
2026-05-05 07:52:40,042 [INFO]   Já no disco: 0/195
2026-05-05 08:02:37,597 [INFO]   Baixados: 195 | Pulados (já existiam): 0 | Falhas: 0
2026-05-05 08:02:37,598 [INFO] 
[37/88] Região: 00000000000000000024
2026-05-05 08:02:37,903 [INFO]   Grade: 100 patches (stride 230px = 0.009855° | patch 256px = 0.010970°)
2026-05-05 08:02:37,904 [INFO]   Já no disco: 0/100
2026-05-05 08:07:44,405 [INFO]   Baixados: 100 | Pulados (já existiam): 0 | Falhas: 0
2026-05-05 08:07:44,405 [INFO] 
[38/88] Região: 00000000000000000025
2026-05-05 08:07:44,732 [INFO]   Grade: 143 patches (stride 230px = 0.009855° | patch 256px = 0.010970°)
2026-05-05 08:07:44,732 [INFO]   Já no disco: 0/143
2026-05-05 08:15:00,283 [INFO]   Baixados: 143 | Pulados (já existiam): 0 | Falhas: 0
2026-05-05 08:15:00,283 [INFO] 
[39/88] Região: 00000000000000000026
2026-05-05 08:15:01,268 [INFO]   Grade: 156 patches (stride 230px = 0.009855° | patch 256px = 0.010970°)
2026-05-05 08:15:01,269 [INFO]   Já no disco: 0/156
2026-05-05 08:23:09,536 [INFO]   Baixados: 156 | Pulados (já existiam): 0 | Falhas: 0
2026-05-05 08:23:09,536 [INFO] 
[40/88] Região: 00000000000000000027
2026-05-05 08:23:09,848 [INFO]   Grade: 100 patches (stride 230px = 0.009855° | patch 256px = 0.010970°)
2026-05-05 08:23:09,848 [INFO]   Já no disco: 0/100
2026-05-05 08:28:17,906 [INFO]   Baixados: 100 | Pulados (já existiam): 0 | Falhas: 0
2026-05-05 08:28:17,907 [INFO] 
[41/88] Região: 00000000000000000028
2026-05-05 08:28:18,286 [INFO]   Grade: 100 patches (stride 230px = 0.009855° | patch 256px = 0.010970°)
2026-05-05 08:28:18,287 [INFO]   Já no disco: 0/100
2026-05-05 08:33:24,499 [INFO]   Baixados: 100 | Pulados (já existiam): 0 | Falhas: 0
2026-05-05 08:33:24,500 [INFO] 
[42/88] Região: 00000000000000000029
2026-05-05 08:33:25,611 [INFO]   Grade: 121 patches (stride 230px = 0.009855° | patch 256px = 0.010970°)
2026-05-05 08:33:25,612 [INFO]   Já no disco: 0/121
2026-05-05 08:39:40,026 [INFO]   Baixados: 121 | Pulados (já existiam): 0 | Falhas: 0
2026-05-05 08:39:40,026 [INFO] 
[43/88] Região: 0000000000000000002a
2026-05-05 08:39:40,431 [INFO]   Grade: 100 patches (stride 230px = 0.009855° | patch 256px = 0.010970°)
2026-05-05 08:39:40,431 [INFO]   Já no disco: 0/100
2026-05-05 08:44:51,098 [INFO]   Baixados: 100 | Pulados (já existiam): 0 | Falhas: 0
2026-05-05 08:44:51,099 [INFO] 
[44/88] Região: 0000000000000000002b
2026-05-05 08:44:51,395 [INFO]   Grade: 144 patches (stride 230px = 0.009855° | patch 256px = 0.010970°)
2026-05-05 08:44:51,395 [INFO]   Já no disco: 0/144
2026-05-05 08:52:07,400 [INFO]   Baixados: 144 | Pulados (já existiam): 0 | Falhas: 0
2026-05-05 08:52:07,400 [INFO] 
[45/88] Região: 0000000000000000002c
2026-05-05 08:52:07,693 [INFO]   Grade: 100 patches (stride 230px = 0.009855° | patch 256px = 0.010970°)
2026-05-05 08:52:07,694 [INFO]   Já no disco: 0/100
2026-05-05 08:57:12,888 [INFO]   Baixados: 100 | Pulados (já existiam): 0 | Falhas: 0
2026-05-05 08:57:12,889 [INFO] 
[46/88] Região: 0000000000000000002d
2026-05-05 08:57:13,935 [INFO]   Grade: 182 patches (stride 230px = 0.009855° | patch 256px = 0.010970°)
2026-05-05 08:57:13,936 [INFO]   Já no disco: 0/182
2026-05-05 09:06:26,059 [INFO]   Baixados: 182 | Pulados (já existiam): 0 | Falhas: 0
2026-05-05 09:06:26,059 [INFO] 
[47/88] Região: 0000000000000000002e
2026-05-05 09:06:26,416 [INFO]   Grade: 182 patches (stride 230px = 0.009855° | patch 256px = 0.010970°)
2026-05-05 09:06:26,417 [INFO]   Já no disco: 0/182
2026-05-05 09:15:36,129 [INFO]   Baixados: 182 | Pulados (já existiam): 0 | Falhas: 0
2026-05-05 09:15:36,129 [INFO] 
[48/88] Região: 0000000000000000002f
2026-05-05 09:15:36,482 [INFO]   Grade: 100 patches (stride 230px = 0.009855° | patch 256px = 0.010970°)
2026-05-05 09:15:36,483 [INFO]   Já no disco: 0/100
2026-05-05 09:20:41,110 [INFO]   Baixados: 100 | Pulados (já existiam): 0 | Falhas: 0
2026-05-05 09:20:41,110 [INFO] 
[49/88] Região: 00000000000000000030
2026-05-05 09:20:41,492 [INFO]   Grade: 144 patches (stride 230px = 0.009855° | patch 256px = 0.010970°)
2026-05-05 09:20:41,492 [INFO]   Já no disco: 0/144
2026-05-05 09:27:56,104 [INFO]   Baixados: 144 | Pulados (já existiam): 0 | Falhas: 0
2026-05-05 09:27:56,104 [INFO] 
[50/88] Região: 00000000000000000031
2026-05-05 09:27:56,499 [INFO]   Grade: 100 patches (stride 230px = 0.009855° | patch 256px = 0.010970°)
2026-05-05 09:27:56,500 [INFO]   Já no disco: 0/100
2026-05-05 09:32:58,571 [INFO]   Baixados: 100 | Pulados (já existiam): 0 | Falhas: 0
2026-05-05 09:32:58,572 [INFO] 
[51/88] Região: 00000000000000000032
2026-05-05 09:32:58,889 [INFO]   Grade: 100 patches (stride 230px = 0.009855° | patch 256px = 0.010970°)
2026-05-05 09:32:58,890 [INFO]   Já no disco: 0/100
2026-05-05 09:37:58,956 [INFO]   Baixados: 100 | Pulados (já existiam): 0 | Falhas: 0
2026-05-05 09:37:58,956 [INFO] 
[52/88] Região: 00000000000000000033
2026-05-05 09:37:59,329 [INFO]   Grade: 100 patches (stride 230px = 0.009855° | patch 256px = 0.010970°)
2026-05-05 09:37:59,330 [INFO]   Já no disco: 0/100
2026-05-05 09:43:01,273 [INFO]   Baixados: 100 | Pulados (já existiam): 0 | Falhas: 0
2026-05-05 09:43:01,273 [INFO] 
[53/88] Região: 00000000000000000034
2026-05-05 09:43:01,573 [INFO]   Grade: 100 patches (stride 230px = 0.009855° | patch 256px = 0.010970°)
2026-05-05 09:43:01,573 [INFO]   Já no disco: 0/100
2026-05-05 09:48:06,585 [INFO]   Baixados: 100 | Pulados (já existiam): 0 | Falhas: 0
2026-05-05 09:48:06,586 [INFO] 
[54/88] Região: 00000000000000000035
2026-05-05 09:48:06,909 [INFO]   Grade: 100 patches (stride 230px = 0.009855° | patch 256px = 0.010970°)
2026-05-05 09:48:06,909 [INFO]   Já no disco: 0/100
2026-05-05 09:53:09,899 [INFO]   Baixados: 100 | Pulados (já existiam): 0 | Falhas: 0
2026-05-05 09:53:09,899 [INFO] 
[55/88] Região: 00000000000000000036
2026-05-05 09:53:10,225 [INFO]   Grade: 132 patches (stride 230px = 0.009855° | patch 256px = 0.010970°)
2026-05-05 09:53:10,226 [INFO]   Já no disco: 0/132
2026-05-05 09:59:46,482 [INFO]   Baixados: 132 | Pulados (já existiam): 0 | Falhas: 0
2026-05-05 09:59:46,482 [INFO] 
[56/88] Região: 00000000000000000037
2026-05-05 09:59:46,771 [INFO]   Grade: 168 patches (stride 230px = 0.009855° | patch 256px = 0.010970°)
2026-05-05 09:59:46,771 [INFO]   Já no disco: 0/168
2026-05-05 10:08:15,122 [INFO]   Baixados: 168 | Pulados (já existiam): 0 | Falhas: 0
2026-05-05 10:08:15,122 [INFO] 
[57/88] Região: 00000000000000000038
2026-05-05 10:08:15,470 [INFO]   Grade: 234 patches (stride 230px = 0.009855° | patch 256px = 0.010970°)
2026-05-05 10:08:15,471 [INFO]   Já no disco: 0/234
2026-05-05 10:20:04,922 [INFO]   Baixados: 234 | Pulados (já existiam): 0 | Falhas: 0
2026-05-05 10:20:04,922 [INFO] 
[58/88] Região: 00000000000000000039
2026-05-05 10:20:05,222 [INFO]   Grade: 100 patches (stride 230px = 0.009855° | patch 256px = 0.010970°)
2026-05-05 10:20:05,222 [INFO]   Já no disco: 0/100
2026-05-05 10:20:17,429 [WARNING] Sleeping 0.23 seconds before retry 1 of 5 for request: POST https://earthengine.googleapis.com/v1/projects/mapbiomas-caatinga-cloud04/image:computePixels?, after 503
2026-05-05 10:25:06,879 [INFO]   Baixados: 100 | Pulados (já existiam): 0 | Falhas: 0
2026-05-05 10:25:06,879 [INFO] 
[59/88] Região: 0000000000000000003a
2026-05-05 10:25:07,274 [INFO]   Grade: 100 patches (stride 230px = 0.009855° | patch 256px = 0.010970°)
2026-05-05 10:25:07,275 [INFO]   Já no disco: 0/100
2026-05-05 10:30:10,145 [INFO]   Baixados: 100 | Pulados (já existiam): 0 | Falhas: 0
2026-05-05 10:30:10,145 [INFO] 
[60/88] Região: 0000000000000000003b
2026-05-05 10:30:10,479 [INFO]   Grade: 361 patches (stride 230px = 0.009855° | patch 256px = 0.010970°)
2026-05-05 10:30:10,479 [INFO]   Já no disco: 0/361
2026-05-05 10:48:25,084 [INFO]   Baixados: 361 | Pulados (já existiam): 0 | Falhas: 0
2026-05-05 10:48:25,084 [INFO] 
[61/88] Região: 0000000000000000003c
2026-05-05 10:48:25,519 [INFO]   Grade: 165 patches (stride 230px = 0.009855° | patch 256px = 0.010970°)
2026-05-05 10:48:25,520 [INFO]   Já no disco: 0/165
2026-05-05 10:56:42,538 [INFO]   Baixados: 165 | Pulados (já existiam): 0 | Falhas: 0
2026-05-05 10:56:42,539 [INFO] 
[62/88] Região: 0000000000000000003d
2026-05-05 10:56:42,951 [INFO]   Grade: 169 patches (stride 230px = 0.009855° | patch 256px = 0.010970°)
2026-05-05 10:56:42,951 [INFO]   Já no disco: 0/169
2026-05-05 11:05:11,767 [INFO]   Baixados: 169 | Pulados (já existiam): 0 | Falhas: 0
2026-05-05 11:05:11,767 [INFO] 
[63/88] Região: 0000000000000000003e
2026-05-05 11:05:12,066 [INFO]   Grade: 272 patches (stride 230px = 0.009855° | patch 256px = 0.010970°)
2026-05-05 11:05:12,067 [INFO]   Já no disco: 0/272
2026-05-05 11:19:14,591 [INFO]   Baixados: 272 | Pulados (já existiam): 0 | Falhas: 0
2026-05-05 11:19:14,591 [INFO] 
[64/88] Região: 0000000000000000003f
2026-05-05 11:19:14,945 [INFO]   Grade: 100 patches (stride 230px = 0.009855° | patch 256px = 0.010970°)
2026-05-05 11:19:14,945 [INFO]   Já no disco: 0/100
2026-05-05 11:24:23,493 [INFO]   Baixados: 100 | Pulados (já existiam): 0 | Falhas: 0
2026-05-05 11:24:23,493 [INFO] 
[65/88] Região: 00000000000000000040
2026-05-05 11:24:23,849 [INFO]   Grade: 132 patches (stride 230px = 0.009855° | patch 256px = 0.010970°)
2026-05-05 11:24:23,850 [INFO]   Já no disco: 0/132
2026-05-05 11:31:12,314 [INFO]   Baixados: 132 | Pulados (já existiam): 0 | Falhas: 0
2026-05-05 11:31:12,315 [INFO] 
[66/88] Região: 00000000000000000041
2026-05-05 11:31:12,604 [INFO]   Grade: 352 patches (stride 230px = 0.009855° | patch 256px = 0.010970°)
2026-05-05 11:31:12,605 [INFO]   Já no disco: 0/352
2026-05-05 11:49:04,839 [INFO]   Baixados: 352 | Pulados (já existiam): 0 | Falhas: 0
2026-05-05 11:49:04,839 [INFO] 
[67/88] Região: 00000000000000000042
2026-05-05 11:49:05,242 [INFO]   Grade: 255 patches (stride 230px = 0.009855° | patch 256px = 0.010970°)
2026-05-05 11:49:05,242 [INFO]   Já no disco: 0/255
2026-05-05 12:02:21,038 [INFO]   Baixados: 255 | Pulados (já existiam): 0 | Falhas: 0
2026-05-05 12:02:21,038 [INFO] 
[68/88] Região: 00000000000000000043
2026-05-05 12:02:21,573 [INFO]   Grade: 132 patches (stride 230px = 0.009855° | patch 256px = 0.010970°)
2026-05-05 12:02:21,574 [INFO]   Já no disco: 0/132
2026-05-05 12:09:00,552 [INFO]   Baixados: 132 | Pulados (já existiam): 0 | Falhas: 0
2026-05-05 12:09:00,553 [INFO] 
[69/88] Região: 00000000000000000044
2026-05-05 12:09:00,958 [INFO]   Grade: 100 patches (stride 230px = 0.009855° | patch 256px = 0.010970°)
2026-05-05 12:09:00,959 [INFO]   Já no disco: 0/100
2026-05-05 12:14:05,692 [INFO]   Baixados: 100 | Pulados (já existiam): 0 | Falhas: 0
2026-05-05 12:14:05,692 [INFO] 
[70/88] Região: 00000000000000000045
2026-05-05 12:14:06,090 [INFO]   Grade: 252 patches (stride 230px = 0.009855° | patch 256px = 0.010970°)
2026-05-05 12:14:06,091 [INFO]   Já no disco: 0/252
2026-05-05 14:19:17,330 [INFO] Carregando feature collection de regiões fotovoltaicas...
2026-05-05 14:19:17,653 [INFO] Total de regiões: 88 | Processando [0:90]
2026-05-05 14:19:17,654 [INFO] 
============================================================
2026-05-05 14:19:17,654 [INFO] --- Ano 2016 ---
2026-05-05 14:19:18,014 [INFO] 
[1/88] Região: 00000000000000000000
2026-05-05 14:19:18,362 [INFO]   Grade: 121 patches (stride 230px = 0.009855° | patch 256px = 0.010970°)
2026-05-05 14:19:18,366 [INFO]   Já no disco: 227/121
2026-05-05 14:19:18,366 [INFO]   Todos os patches já existem. Pulando.
2026-05-05 14:19:18,366 [INFO] 
[2/88] Região: 00000000000000000001
2026-05-05 14:19:18,704 [INFO]   Grade: 120 patches (stride 230px = 0.009855° | patch 256px = 0.010970°)
2026-05-05 14:19:18,706 [INFO]   Já no disco: 120/120
2026-05-05 14:19:18,706 [INFO]   Todos os patches já existem. Pulando.
2026-05-05 14:19:18,707 [INFO] 
[3/88] Região: 00000000000000000002
2026-05-05 14:19:19,018 [INFO]   Grade: 132 patches (stride 230px = 0.009855° | patch 256px = 0.010970°)
2026-05-05 14:19:19,021 [INFO]   Já no disco: 132/132
2026-05-05 14:19:19,021 [INFO]   Todos os patches já existem. Pulando.
2026-05-05 14:19:19,022 [INFO] 
[4/88] Região: 00000000000000000003
2026-05-05 14:19:19,331 [INFO]   Grade: 63 patches (stride 230px = 0.009855° | patch 256px = 0.010970°)
2026-05-05 14:19:19,332 [INFO]   Já no disco: 63/63
2026-05-05 14:19:19,333 [INFO]   Todos os patches já existem. Pulando.
2026-05-05 14:19:19,333 [INFO] 
[5/88] Região: 00000000000000000004
2026-05-05 14:19:19,652 [INFO]   Grade: 9 patches (stride 230px = 0.009855° | patch 256px = 0.010970°)
2026-05-05 14:19:19,653 [INFO]   Já no disco: 9/9
2026-05-05 14:19:19,653 [INFO]   Todos os patches já existem. Pulando.
2026-05-05 14:19:19,654 [INFO] 
[6/88] Região: 00000000000000000005
2026-05-05 14:19:20,033 [INFO]   Grade: 90 patches (stride 230px = 0.009855° | patch 256px = 0.010970°)
2026-05-05 14:19:20,035 [INFO]   Já no disco: 90/90
2026-05-05 14:19:20,036 [INFO]   Todos os patches já existem. Pulando.
2026-05-05 14:19:20,038 [INFO] 
[7/88] Região: 00000000000000000006
2026-05-05 14:19:20,352 [INFO]   Grade: 238 patches (stride 230px = 0.009855° | patch 256px = 0.010970°)
2026-05-05 14:19:20,360 [INFO]   Já no disco: 238/238
2026-05-05 14:19:20,362 [INFO]   Todos os patches já existem. Pulando.
2026-05-05 14:19:20,365 [INFO] 
[8/88] Região: 00000000000000000007
2026-05-05 14:19:20,789 [INFO]   Grade: 110 patches (stride 230px = 0.009855° | patch 256px = 0.010970°)
2026-05-05 14:19:20,795 [INFO]   Já no disco: 110/110
2026-05-05 14:19:20,795 [INFO]   Todos os patches já existem. Pulando.
2026-05-05 14:19:20,796 [INFO] 
[9/88] Região: 00000000000000000008
2026-05-05 14:19:21,223 [INFO]   Grade: 132 patches (stride 230px = 0.009855° | patch 256px = 0.010970°)
2026-05-05 14:19:21,227 [INFO]   Já no disco: 132/132
2026-05-05 14:19:21,227 [INFO]   Todos os patches já existem. Pulando.
2026-05-05 14:19:21,228 [INFO] 
[10/88] Região: 00000000000000000009
2026-05-05 14:19:21,611 [INFO]   Grade: 121 patches (stride 230px = 0.009855° | patch 256px = 0.010970°)
2026-05-05 14:19:21,615 [INFO]   Já no disco: 121/121
2026-05-05 14:19:21,616 [INFO]   Todos os patches já existem. Pulando.
2026-05-05 14:19:21,617 [INFO] 
[11/88] Região: 0000000000000000000a
2026-05-05 14:19:21,925 [INFO]   Grade: 156 patches (stride 230px = 0.009855° | patch 256px = 0.010970°)
2026-05-05 14:19:21,930 [INFO]   Já no disco: 156/156
2026-05-05 14:19:21,932 [INFO]   Todos os patches já existem. Pulando.
2026-05-05 14:19:21,932 [INFO] 
[12/88] Região: 0000000000000000000b
2026-05-05 14:19:22,256 [INFO]   Grade: 240 patches (stride 230px = 0.009855° | patch 256px = 0.010970°)
2026-05-05 14:19:22,264 [INFO]   Já no disco: 240/240
2026-05-05 14:19:22,267 [INFO]   Todos os patches já existem. Pulando.
2026-05-05 14:19:22,269 [INFO] 
[13/88] Região: 0000000000000000000c
2026-05-05 14:19:22,670 [INFO]   Grade: 120 patches (stride 230px = 0.009855° | patch 256px = 0.010970°)
2026-05-05 14:19:22,674 [INFO]   Já no disco: 120/120
2026-05-05 14:19:22,674 [INFO]   Todos os patches já existem. Pulando.
2026-05-05 14:19:22,675 [INFO] 
[14/88] Região: 0000000000000000000d
2026-05-05 14:19:23,003 [INFO]   Grade: 156 patches (stride 230px = 0.009855° | patch 256px = 0.010970°)
2026-05-05 14:19:23,008 [INFO]   Já no disco: 156/156
2026-05-05 14:19:23,009 [INFO]   Todos os patches já existem. Pulando.
2026-05-05 14:19:23,009 [INFO] 
[15/88] Região: 0000000000000000000e
2026-05-05 14:19:23,484 [INFO]   Grade: 121 patches (stride 230px = 0.009855° | patch 256px = 0.010970°)
2026-05-05 14:19:23,489 [INFO]   Já no disco: 121/121
2026-05-05 14:19:23,489 [INFO]   Todos os patches já existem. Pulando.
2026-05-05 14:19:23,490 [INFO] 
[16/88] Região: 0000000000000000000f
2026-05-05 14:19:23,817 [INFO]   Grade: 121 patches (stride 230px = 0.009855° | patch 256px = 0.010970°)
2026-05-05 14:19:23,821 [INFO]   Já no disco: 121/121
2026-05-05 14:19:23,823 [INFO]   Todos os patches já existem. Pulando.
2026-05-05 14:19:23,825 [INFO] 
[17/88] Região: 00000000000000000010
2026-05-05 14:19:24,122 [INFO]   Grade: 120 patches (stride 230px = 0.009855° | patch 256px = 0.010970°)
2026-05-05 14:19:24,126 [INFO]   Já no disco: 120/120
2026-05-05 14:19:24,129 [INFO]   Todos os patches já existem. Pulando.
2026-05-05 14:19:24,132 [INFO] 
[18/88] Região: 00000000000000000011
2026-05-05 14:19:24,483 [INFO]   Grade: 110 patches (stride 230px = 0.009855° | patch 256px = 0.010970°)
2026-05-05 14:19:24,488 [INFO]   Já no disco: 110/110
2026-05-05 14:19:24,488 [INFO]   Todos os patches já existem. Pulando.
2026-05-05 14:19:24,489 [INFO] 
[19/88] Região: 00000000000000000012
2026-05-05 14:19:24,815 [INFO]   Grade: 110 patches (stride 230px = 0.009855° | patch 256px = 0.010970°)
2026-05-05 14:19:24,819 [INFO]   Já no disco: 110/110
2026-05-05 14:19:24,821 [INFO]   Todos os patches já existem. Pulando.
2026-05-05 14:19:24,822 [INFO] 
[20/88] Região: 00000000000000000013
2026-05-05 14:19:25,130 [INFO]   Grade: 576 patches (stride 230px = 0.009855° | patch 256px = 0.010970°)
2026-05-05 14:19:25,139 [INFO]   Já no disco: 576/576
2026-05-05 14:19:25,139 [INFO]   Todos os patches já existem. Pulando.
2026-05-05 14:19:25,140 [INFO] 
[21/88] Região: 00000000000000000014
2026-05-05 14:19:25,454 [INFO]   Grade: 130 patches (stride 230px = 0.009855° | patch 256px = 0.010970°)
2026-05-05 14:19:25,461 [INFO]   Já no disco: 130/130
2026-05-05 14:19:25,464 [INFO]   Todos os patches já existem. Pulando.
2026-05-05 14:19:25,466 [INFO] 
[22/88] Região: 00000000000000000015
2026-05-05 14:19:25,896 [INFO]   Grade: 357 patches (stride 230px = 0.009855° | patch 256px = 0.010970°)
2026-05-05 14:19:25,900 [INFO]   Já no disco: 357/357
2026-05-05 14:19:25,901 [INFO]   Todos os patches já existem. Pulando.
2026-05-05 14:19:25,901 [INFO] 
[23/88] Região: 00000000000000000016
2026-05-05 14:19:26,324 [INFO]   Grade: 182 patches (stride 230px = 0.009855° | patch 256px = 0.010970°)
2026-05-05 14:19:26,329 [INFO]   Já no disco: 182/182
2026-05-05 14:19:26,331 [INFO]   Todos os patches já existem. Pulando.
2026-05-05 14:19:26,331 [INFO] 
[24/88] Região: 00000000000000000017
2026-05-05 14:19:27,370 [INFO]   Grade: 140 patches (stride 230px = 0.009855° | patch 256px = 0.010970°)
2026-05-05 14:19:27,374 [INFO]   Já no disco: 140/140
2026-05-05 14:19:27,374 [INFO]   Todos os patches já existem. Pulando.
2026-05-05 14:19:27,374 [INFO] 
[25/88] Região: 00000000000000000018
2026-05-05 14:19:27,708 [INFO]   Grade: 156 patches (stride 230px = 0.009855° | patch 256px = 0.010970°)
2026-05-05 14:19:27,712 [INFO]   Já no disco: 156/156
2026-05-05 14:19:27,712 [INFO]   Todos os patches já existem. Pulando.
2026-05-05 14:19:27,712 [INFO] 
[26/88] Região: 00000000000000000019
2026-05-05 14:19:28,110 [INFO]   Grade: 100 patches (stride 230px = 0.009855° | patch 256px = 0.010970°)
2026-05-05 14:19:28,114 [INFO]   Já no disco: 100/100
2026-05-05 14:19:28,115 [INFO]   Todos os patches já existem. Pulando.
2026-05-05 14:19:28,115 [INFO] 
[27/88] Região: 0000000000000000001a
2026-05-05 14:19:28,455 [INFO]   Grade: 110 patches (stride 230px = 0.009855° | patch 256px = 0.010970°)
2026-05-05 14:19:28,459 [INFO]   Já no disco: 110/110
2026-05-05 14:19:28,461 [INFO]   Todos os patches já existem. Pulando.
2026-05-05 14:19:28,462 [INFO] 
[28/88] Região: 0000000000000000001b
2026-05-05 14:19:28,885 [INFO]   Grade: 594 patches (stride 230px = 0.009855° | patch 256px = 0.010970°)
2026-05-05 14:19:28,890 [INFO]   Já no disco: 594/594
2026-05-05 14:19:28,890 [INFO]   Todos os patches já existem. Pulando.
2026-05-05 14:19:28,890 [INFO] 
[29/88] Região: 0000000000000000001c
2026-05-05 14:19:29,206 [INFO]   Grade: 255 patches (stride 230px = 0.009855° | patch 256px = 0.010970°)
2026-05-05 14:19:29,214 [INFO]   Já no disco: 255/255
2026-05-05 14:19:29,216 [INFO]   Todos os patches já existem. Pulando.
2026-05-05 14:19:29,219 [INFO] 
[30/88] Região: 0000000000000000001d
2026-05-05 14:19:29,546 [INFO]   Grade: 100 patches (stride 230px = 0.009855° | patch 256px = 0.010970°)
2026-05-05 14:19:29,550 [INFO]   Já no disco: 100/100
2026-05-05 14:19:29,552 [INFO]   Todos os patches já existem. Pulando.
2026-05-05 14:19:29,552 [INFO] 
[31/88] Região: 0000000000000000001e
2026-05-05 14:19:29,831 [INFO]   Grade: 100 patches (stride 230px = 0.009855° | patch 256px = 0.010970°)
2026-05-05 14:19:29,835 [INFO]   Já no disco: 100/100
2026-05-05 14:19:29,838 [INFO]   Todos os patches já existem. Pulando.
2026-05-05 14:19:29,839 [INFO] 
[32/88] Região: 0000000000000000001f
2026-05-05 14:19:30,191 [INFO]   Grade: 238 patches (stride 230px = 0.009855° | patch 256px = 0.010970°)
2026-05-05 14:19:30,197 [INFO]   Já no disco: 238/238
2026-05-05 14:19:30,201 [INFO]   Todos os patches já existem. Pulando.
2026-05-05 14:19:30,204 [INFO] 
[33/88] Região: 00000000000000000020
2026-05-05 14:19:30,542 [INFO]   Grade: 225 patches (stride 230px = 0.009855° | patch 256px = 0.010970°)
2026-05-05 14:19:30,546 [INFO]   Já no disco: 225/225
2026-05-05 14:19:30,546 [INFO]   Todos os patches já existem. Pulando.
2026-05-05 14:19:30,547 [INFO] 
[34/88] Região: 00000000000000000021
2026-05-05 14:19:30,862 [INFO]   Grade: 100 patches (stride 230px = 0.009855° | patch 256px = 0.010970°)
2026-05-05 14:19:30,866 [INFO]   Já no disco: 100/100
2026-05-05 14:19:30,868 [INFO]   Todos os patches já existem. Pulando.
2026-05-05 14:19:30,871 [INFO] 
[35/88] Região: 00000000000000000022
2026-05-05 14:19:31,280 [INFO]   Grade: 221 patches (stride 230px = 0.009855° | patch 256px = 0.010970°)
2026-05-05 14:19:31,285 [INFO]   Já no disco: 221/221
2026-05-05 14:19:31,286 [INFO]   Todos os patches já existem. Pulando.
2026-05-05 14:19:31,286 [INFO] 
[36/88] Região: 00000000000000000023
2026-05-05 14:19:31,623 [INFO]   Grade: 195 patches (stride 230px = 0.009855° | patch 256px = 0.010970°)
2026-05-05 14:19:31,627 [INFO]   Já no disco: 195/195
2026-05-05 14:19:31,627 [INFO]   Todos os patches já existem. Pulando.
2026-05-05 14:19:31,627 [INFO] 
[37/88] Região: 00000000000000000024
2026-05-05 14:19:32,000 [INFO]   Grade: 100 patches (stride 230px = 0.009855° | patch 256px = 0.010970°)
2026-05-05 14:19:32,005 [INFO]   Já no disco: 100/100
2026-05-05 14:19:32,006 [INFO]   Todos os patches já existem. Pulando.
2026-05-05 14:19:32,006 [INFO] 
[38/88] Região: 00000000000000000025
2026-05-05 14:19:32,293 [INFO]   Grade: 143 patches (stride 230px = 0.009855° | patch 256px = 0.010970°)
2026-05-05 14:19:32,297 [INFO]   Já no disco: 143/143
2026-05-05 14:19:32,300 [INFO]   Todos os patches já existem. Pulando.
2026-05-05 14:19:32,302 [INFO] 
[39/88] Região: 00000000000000000026
2026-05-05 14:19:32,595 [INFO]   Grade: 156 patches (stride 230px = 0.009855° | patch 256px = 0.010970°)
2026-05-05 14:19:32,600 [INFO]   Já no disco: 156/156
2026-05-05 14:19:32,603 [INFO]   Todos os patches já existem. Pulando.
2026-05-05 14:19:32,605 [INFO] 
[40/88] Região: 00000000000000000027
2026-05-05 14:19:33,078 [INFO]   Grade: 100 patches (stride 230px = 0.009855° | patch 256px = 0.010970°)
2026-05-05 14:19:33,081 [INFO]   Já no disco: 100/100
2026-05-05 14:19:33,082 [INFO]   Todos os patches já existem. Pulando.
2026-05-05 14:19:33,082 [INFO] 
[41/88] Região: 00000000000000000028
2026-05-05 14:19:34,151 [INFO]   Grade: 100 patches (stride 230px = 0.009855° | patch 256px = 0.010970°)
2026-05-05 14:19:34,155 [INFO]   Já no disco: 100/100
2026-05-05 14:19:34,156 [INFO]   Todos os patches já existem. Pulando.
2026-05-05 14:19:34,157 [INFO] 
[42/88] Região: 00000000000000000029
2026-05-05 14:19:34,510 [INFO]   Grade: 121 patches (stride 230px = 0.009855° | patch 256px = 0.010970°)
2026-05-05 14:19:34,515 [INFO]   Já no disco: 121/121
2026-05-05 14:19:34,517 [INFO]   Todos os patches já existem. Pulando.
2026-05-05 14:19:34,518 [INFO] 
[43/88] Região: 0000000000000000002a
2026-05-05 14:19:34,788 [INFO]   Grade: 100 patches (stride 230px = 0.009855° | patch 256px = 0.010970°)
2026-05-05 14:19:34,792 [INFO]   Já no disco: 100/100
2026-05-05 14:19:34,795 [INFO]   Todos os patches já existem. Pulando.
2026-05-05 14:19:34,796 [INFO] 
[44/88] Região: 0000000000000000002b
2026-05-05 14:19:35,111 [INFO]   Grade: 144 patches (stride 230px = 0.009855° | patch 256px = 0.010970°)
2026-05-05 14:19:35,117 [INFO]   Já no disco: 144/144
2026-05-05 14:19:35,119 [INFO]   Todos os patches já existem. Pulando.
2026-05-05 14:19:35,122 [INFO] 
[45/88] Região: 0000000000000000002c
2026-05-05 14:19:35,438 [INFO]   Grade: 100 patches (stride 230px = 0.009855° | patch 256px = 0.010970°)
2026-05-05 14:19:35,441 [INFO]   Já no disco: 100/100
2026-05-05 14:19:35,442 [INFO]   Todos os patches já existem. Pulando.
2026-05-05 14:19:35,442 [INFO] 
[46/88] Região: 0000000000000000002d
2026-05-05 14:19:35,735 [INFO]   Grade: 182 patches (stride 230px = 0.009855° | patch 256px = 0.010970°)
2026-05-05 14:19:35,740 [INFO]   Já no disco: 182/182
2026-05-05 14:19:35,743 [INFO]   Todos os patches já existem. Pulando.
2026-05-05 14:19:35,746 [INFO] 
[47/88] Região: 0000000000000000002e
2026-05-05 14:19:36,021 [INFO]   Grade: 182 patches (stride 230px = 0.009855° | patch 256px = 0.010970°)
2026-05-05 14:19:36,025 [INFO]   Já no disco: 182/182
2026-05-05 14:19:36,025 [INFO]   Todos os patches já existem. Pulando.
2026-05-05 14:19:36,025 [INFO] 
[48/88] Região: 0000000000000000002f
2026-05-05 14:19:36,340 [INFO]   Grade: 100 patches (stride 230px = 0.009855° | patch 256px = 0.010970°)
2026-05-05 14:19:36,344 [INFO]   Já no disco: 100/100
2026-05-05 14:19:36,346 [INFO]   Todos os patches já existem. Pulando.
2026-05-05 14:19:36,348 [INFO] 
[49/88] Região: 00000000000000000030
2026-05-05 14:19:36,647 [INFO]   Grade: 144 patches (stride 230px = 0.009855° | patch 256px = 0.010970°)
2026-05-05 14:19:36,653 [INFO]   Já no disco: 144/144
2026-05-05 14:19:36,655 [INFO]   Todos os patches já existem. Pulando.
2026-05-05 14:19:36,658 [INFO] 
[50/88] Região: 00000000000000000031
2026-05-05 14:19:37,647 [INFO]   Grade: 100 patches (stride 230px = 0.009855° | patch 256px = 0.010970°)
2026-05-05 14:19:37,651 [INFO]   Já no disco: 100/100
2026-05-05 14:19:37,651 [INFO]   Todos os patches já existem. Pulando.
2026-05-05 14:19:37,652 [INFO] 
[51/88] Região: 00000000000000000032
2026-05-05 14:19:37,983 [INFO]   Grade: 100 patches (stride 230px = 0.009855° | patch 256px = 0.010970°)
2026-05-05 14:19:37,991 [INFO]   Já no disco: 100/100
2026-05-05 14:19:37,994 [INFO]   Todos os patches já existem. Pulando.
2026-05-05 14:19:37,997 [INFO] 
[52/88] Região: 00000000000000000033
2026-05-05 14:19:38,332 [INFO]   Grade: 100 patches (stride 230px = 0.009855° | patch 256px = 0.010970°)
2026-05-05 14:19:38,336 [INFO]   Já no disco: 100/100
2026-05-05 14:19:38,338 [INFO]   Todos os patches já existem. Pulando.
2026-05-05 14:19:38,339 [INFO] 
[53/88] Região: 00000000000000000034
2026-05-05 14:19:38,730 [INFO]   Grade: 100 patches (stride 230px = 0.009855° | patch 256px = 0.010970°)
2026-05-05 14:19:38,734 [INFO]   Já no disco: 100/100
2026-05-05 14:19:38,735 [INFO]   Todos os patches já existem. Pulando.
2026-05-05 14:19:38,735 [INFO] 
[54/88] Região: 00000000000000000035
2026-05-05 14:19:39,110 [INFO]   Grade: 100 patches (stride 230px = 0.009855° | patch 256px = 0.010970°)
2026-05-05 14:19:39,115 [INFO]   Já no disco: 100/100
2026-05-05 14:19:39,115 [INFO]   Todos os patches já existem. Pulando.
2026-05-05 14:19:39,116 [INFO] 
[55/88] Região: 00000000000000000036
2026-05-05 14:19:39,500 [INFO]   Grade: 132 patches (stride 230px = 0.009855° | patch 256px = 0.010970°)
2026-05-05 14:19:39,505 [INFO]   Já no disco: 132/132
2026-05-05 14:19:39,506 [INFO]   Todos os patches já existem. Pulando.
2026-05-05 14:19:39,506 [INFO] 
[56/88] Região: 00000000000000000037
2026-05-05 14:19:39,760 [INFO]   Grade: 168 patches (stride 230px = 0.009855° | patch 256px = 0.010970°)
2026-05-05 14:19:39,765 [INFO]   Já no disco: 168/168
2026-05-05 14:19:39,767 [INFO]   Todos os patches já existem. Pulando.
2026-05-05 14:19:39,769 [INFO] 
[57/88] Região: 00000000000000000038
2026-05-05 14:19:40,918 [INFO]   Grade: 234 patches (stride 230px = 0.009855° | patch 256px = 0.010970°)
2026-05-05 14:19:40,922 [INFO]   Já no disco: 234/234
2026-05-05 14:19:40,923 [INFO]   Todos os patches já existem. Pulando.
2026-05-05 14:19:40,923 [INFO] 
[58/88] Região: 00000000000000000039
2026-05-05 14:19:41,243 [INFO]   Grade: 100 patches (stride 230px = 0.009855° | patch 256px = 0.010970°)
2026-05-05 14:19:41,248 [INFO]   Já no disco: 100/100
2026-05-05 14:19:41,251 [INFO]   Todos os patches já existem. Pulando.
2026-05-05 14:19:41,254 [INFO] 
[59/88] Região: 0000000000000000003a
2026-05-05 14:19:42,335 [INFO]   Grade: 100 patches (stride 230px = 0.009855° | patch 256px = 0.010970°)
2026-05-05 14:19:42,339 [INFO]   Já no disco: 100/100
2026-05-05 14:19:42,342 [INFO]   Todos os patches já existem. Pulando.
2026-05-05 14:19:42,342 [INFO] 
[60/88] Região: 0000000000000000003b
2026-05-05 14:19:42,660 [INFO]   Grade: 361 patches (stride 230px = 0.009855° | patch 256px = 0.010970°)
2026-05-05 14:19:42,668 [INFO]   Já no disco: 361/361
2026-05-05 14:19:42,671 [INFO]   Todos os patches já existem. Pulando.
2026-05-05 14:19:42,674 [INFO] 
[61/88] Região: 0000000000000000003c
2026-05-05 14:19:43,039 [INFO]   Grade: 165 patches (stride 230px = 0.009855° | patch 256px = 0.010970°)
2026-05-05 14:19:43,043 [INFO]   Já no disco: 165/165
2026-05-05 14:19:43,044 [INFO]   Todos os patches já existem. Pulando.
2026-05-05 14:19:43,044 [INFO] 
[62/88] Região: 0000000000000000003d
2026-05-05 14:19:43,323 [INFO]   Grade: 169 patches (stride 230px = 0.009855° | patch 256px = 0.010970°)
2026-05-05 14:19:43,329 [INFO]   Já no disco: 169/169
2026-05-05 14:19:43,330 [INFO]   Todos os patches já existem. Pulando.
2026-05-05 14:19:43,330 [INFO] 
[63/88] Região: 0000000000000000003e
2026-05-05 14:19:43,645 [INFO]   Grade: 272 patches (stride 230px = 0.009855° | patch 256px = 0.010970°)
2026-05-05 14:19:43,653 [INFO]   Já no disco: 272/272
2026-05-05 14:19:43,656 [INFO]   Todos os patches já existem. Pulando.
2026-05-05 14:19:43,658 [INFO] 
[64/88] Região: 0000000000000000003f
2026-05-05 14:19:44,042 [INFO]   Grade: 100 patches (stride 230px = 0.009855° | patch 256px = 0.010970°)
2026-05-05 14:19:44,049 [INFO]   Já no disco: 100/100
2026-05-05 14:19:44,049 [INFO]   Todos os patches já existem. Pulando.
2026-05-05 14:19:44,050 [INFO] 
[65/88] Região: 00000000000000000040
2026-05-05 14:19:44,299 [INFO]   Grade: 132 patches (stride 230px = 0.009855° | patch 256px = 0.010970°)
2026-05-05 14:19:44,306 [INFO]   Já no disco: 132/132
2026-05-05 14:19:44,308 [INFO]   Todos os patches já existem. Pulando.
2026-05-05 14:19:44,311 [INFO] 
[66/88] Região: 00000000000000000041
2026-05-05 14:19:44,692 [INFO]   Grade: 352 patches (stride 230px = 0.009855° | patch 256px = 0.010970°)
2026-05-05 14:19:44,695 [INFO]   Já no disco: 352/352
2026-05-05 14:19:44,696 [INFO]   Todos os patches já existem. Pulando.
2026-05-05 14:19:44,696 [INFO] 
[67/88] Região: 00000000000000000042
2026-05-05 14:19:45,010 [INFO]   Grade: 255 patches (stride 230px = 0.009855° | patch 256px = 0.010970°)
2026-05-05 14:19:45,018 [INFO]   Já no disco: 255/255
2026-05-05 14:19:45,020 [INFO]   Todos os patches já existem. Pulando.
2026-05-05 14:19:45,023 [INFO] 
[68/88] Região: 00000000000000000043
2026-05-05 14:19:46,107 [INFO]   Grade: 132 patches (stride 230px = 0.009855° | patch 256px = 0.010970°)
2026-05-05 14:19:46,113 [INFO]   Já no disco: 132/132
2026-05-05 14:19:46,113 [INFO]   Todos os patches já existem. Pulando.
2026-05-05 14:19:46,113 [INFO] 
[69/88] Região: 00000000000000000044
2026-05-05 14:19:46,496 [INFO]   Grade: 100 patches (stride 230px = 0.009855° | patch 256px = 0.010970°)
2026-05-05 14:19:46,500 [INFO]   Já no disco: 100/100
2026-05-05 14:19:46,500 [INFO]   Todos os patches já existem. Pulando.
2026-05-05 14:19:46,501 [INFO] 
[70/88] Região: 00000000000000000045
2026-05-05 14:19:46,753 [INFO]   Grade: 252 patches (stride 230px = 0.009855° | patch 256px = 0.010970°)
2026-05-05 14:19:46,763 [INFO]   Já no disco: 252/252
2026-05-05 14:19:46,767 [INFO]   Todos os patches já existem. Pulando.
2026-05-05 14:19:46,770 [INFO] 
[71/88] Região: 00000000000000000046
2026-05-05 14:19:47,044 [INFO]   Grade: 110 patches (stride 230px = 0.009855° | patch 256px = 0.010970°)
2026-05-05 14:19:47,050 [INFO]   Já no disco: 110/110
2026-05-05 14:19:47,052 [INFO]   Todos os patches já existem. Pulando.
2026-05-05 14:19:47,055 [INFO] 
[72/88] Região: 00000000000000000047
2026-05-05 14:19:47,345 [INFO]   Grade: 100 patches (stride 230px = 0.009855° | patch 256px = 0.010970°)
2026-05-05 14:19:47,349 [INFO]   Já no disco: 100/100
2026-05-05 14:19:47,349 [INFO]   Todos os patches já existem. Pulando.
2026-05-05 14:19:47,352 [INFO] 
[73/88] Região: 00000000000000000048
2026-05-05 14:19:47,679 [INFO]   Grade: 100 patches (stride 230px = 0.009855° | patch 256px = 0.010970°)
2026-05-05 14:19:47,683 [INFO]   Já no disco: 100/100
2026-05-05 14:19:47,686 [INFO]   Todos os patches já existem. Pulando.
2026-05-05 14:19:47,689 [INFO] 
[74/88] Região: 00000000000000000049
2026-05-05 14:19:48,066 [INFO]   Grade: 374 patches (stride 230px = 0.009855° | patch 256px = 0.010970°)
2026-05-05 14:19:48,070 [INFO]   Já no disco: 374/374
2026-05-05 14:19:48,071 [INFO]   Todos os patches já existem. Pulando.
2026-05-05 14:19:48,071 [INFO] 
[75/88] Região: 0000000000000000004a
2026-05-05 14:19:48,468 [INFO]   Grade: 132 patches (stride 230px = 0.009855° | patch 256px = 0.010970°)
2026-05-05 14:19:48,472 [INFO]   Já no disco: 132/132
2026-05-05 14:19:48,473 [INFO]   Todos os patches já existem. Pulando.
2026-05-05 14:19:48,473 [INFO] 
[76/88] Região: 0000000000000000004b
2026-05-05 14:19:48,804 [INFO]   Grade: 144 patches (stride 230px = 0.009855° | patch 256px = 0.010970°)
2026-05-05 14:19:48,810 [INFO]   Já no disco: 144/144
2026-05-05 14:19:48,812 [INFO]   Todos os patches já existem. Pulando.
2026-05-05 14:19:48,815 [INFO] 
[77/88] Região: 0000000000000000004c
2026-05-05 14:19:49,099 [INFO]   Grade: 120 patches (stride 230px = 0.009855° | patch 256px = 0.010970°)
2026-05-05 14:19:49,103 [INFO]   Já no disco: 120/120
2026-05-05 14:19:49,103 [INFO]   Todos os patches já existem. Pulando.
2026-05-05 14:19:49,104 [INFO] 
[78/88] Região: 0000000000000000004d
2026-05-05 14:19:49,402 [INFO]   Grade: 132 patches (stride 230px = 0.009855° | patch 256px = 0.010970°)
2026-05-05 14:19:49,406 [INFO]   Já no disco: 132/132
2026-05-05 14:19:49,408 [INFO]   Todos os patches já existem. Pulando.
2026-05-05 14:19:49,409 [INFO] 
[79/88] Região: 0000000000000000004e
2026-05-05 14:19:50,087 [INFO]   Grade: 110 patches (stride 230px = 0.009855° | patch 256px = 0.010970°)
2026-05-05 14:19:50,091 [INFO]   Já no disco: 110/110
2026-05-05 14:19:50,092 [INFO]   Todos os patches já existem. Pulando.
2026-05-05 14:19:50,092 [INFO] 
[80/88] Região: 0000000000000000004f
2026-05-05 14:19:50,380 [INFO]   Grade: 121 patches (stride 230px = 0.009855° | patch 256px = 0.010970°)
2026-05-05 14:19:50,385 [INFO]   Já no disco: 121/121
2026-05-05 14:19:50,387 [INFO]   Todos os patches já existem. Pulando.
2026-05-05 14:19:50,389 [INFO] 
[81/88] Região: 00000000000000000050
2026-05-05 14:19:50,663 [INFO]   Grade: 110 patches (stride 230px = 0.009855° | patch 256px = 0.010970°)
2026-05-05 14:19:50,668 [INFO]   Já no disco: 110/110
2026-05-05 14:19:50,671 [INFO]   Todos os patches já existem. Pulando.
2026-05-05 14:19:50,674 [INFO] 
[82/88] Região: 00000000000000000051
2026-05-05 14:19:51,802 [INFO]   Grade: 121 patches (stride 230px = 0.009855° | patch 256px = 0.010970°)
2026-05-05 14:19:51,806 [INFO]   Já no disco: 121/121
2026-05-05 14:19:51,806 [INFO]   Todos os patches já existem. Pulando.
2026-05-05 14:19:51,806 [INFO] 
[83/88] Região: 00000000000000000052
2026-05-05 14:19:52,130 [INFO]   Grade: 110 patches (stride 230px = 0.009855° | patch 256px = 0.010970°)
2026-05-05 14:19:52,136 [INFO]   Já no disco: 110/110
2026-05-05 14:19:52,138 [INFO]   Todos os patches já existem. Pulando.
2026-05-05 14:19:52,144 [INFO] 
[84/88] Região: 00000000000000000053
2026-05-05 14:19:52,465 [INFO]   Grade: 100 patches (stride 230px = 0.009855° | patch 256px = 0.010970°)
2026-05-05 14:19:52,472 [INFO]   Já no disco: 100/100
2026-05-05 14:19:52,475 [INFO]   Todos os patches já existem. Pulando.
2026-05-05 14:19:52,478 [INFO] 
[85/88] Região: 00000000000000000054
2026-05-05 14:19:52,870 [INFO]   Grade: 224 patches (stride 230px = 0.009855° | patch 256px = 0.010970°)
2026-05-05 14:19:52,874 [INFO]   Já no disco: 224/224
2026-05-05 14:19:52,874 [INFO]   Todos os patches já existem. Pulando.
2026-05-05 14:19:52,874 [INFO] 
[86/88] Região: 00000000000000000055
2026-05-05 14:19:53,221 [INFO]   Grade: 110 patches (stride 230px = 0.009855° | patch 256px = 0.010970°)
2026-05-05 14:19:53,225 [INFO]   Já no disco: 110/110
2026-05-05 14:19:53,225 [INFO]   Todos os patches já existem. Pulando.
2026-05-05 14:19:53,225 [INFO] 
[87/88] Região: 00000000000000000056
2026-05-05 14:19:53,614 [INFO]   Grade: 132 patches (stride 230px = 0.009855° | patch 256px = 0.010970°)
2026-05-05 14:19:53,619 [INFO]   Já no disco: 132/132
2026-05-05 14:19:53,619 [INFO]   Todos os patches já existem. Pulando.
2026-05-05 14:19:53,620 [INFO] 
[88/88] Região: 00000000000000000057
2026-05-05 14:19:53,887 [INFO]   Grade: 120 patches (stride 230px = 0.009855° | patch 256px = 0.010970°)
2026-05-05 14:19:53,891 [INFO]   Já no disco: 120/120
2026-05-05 14:19:53,893 [INFO]   Todos os patches já existem. Pulando.
2026-05-05 14:19:53,895 [INFO] 
============================================================
2026-05-05 14:19:53,896 [INFO] --- Ano 2017 ---
2026-05-05 14:19:54,189 [INFO] 
[1/88] Região: 00000000000000000000
2026-05-06 06:54:11,438 [INFO] Carregando feature collection de regiões fotovoltaicas...
2026-05-06 06:54:12,653 [INFO] Total de regiões: 88 | Processando [0:90]
2026-05-06 06:54:12,655 [INFO] 
============================================================
2026-05-06 06:54:12,658 [INFO] --- Ano 2016 ---
2026-05-06 06:54:13,761 [INFO] 
[1/88] Região: 00000000000000000000
2026-05-06 06:54:14,868 [INFO]   Grade: 121 patches (stride 230px = 0.009855° | patch 256px = 0.010970°)
2026-05-06 06:54:14,873 [INFO]   Já no disco: 227/121
2026-05-06 06:54:14,874 [INFO]   Todos os patches já existem. Pulando.
2026-05-06 06:54:14,874 [INFO] 
[2/88] Região: 00000000000000000001
2026-05-06 06:54:16,237 [INFO]   Grade: 120 patches (stride 230px = 0.009855° | patch 256px = 0.010970°)
2026-05-06 06:54:16,241 [INFO]   Já no disco: 120/120
2026-05-06 06:54:16,241 [INFO]   Todos os patches já existem. Pulando.
2026-05-06 06:54:16,242 [INFO] 
[3/88] Região: 00000000000000000002
2026-05-06 06:54:16,565 [INFO]   Grade: 132 patches (stride 230px = 0.009855° | patch 256px = 0.010970°)
2026-05-06 06:54:16,570 [INFO]   Já no disco: 132/132
2026-05-06 06:54:16,572 [INFO]   Todos os patches já existem. Pulando.
2026-05-06 06:54:16,573 [INFO] 
[4/88] Região: 00000000000000000003
2026-05-06 06:54:17,958 [INFO]   Grade: 63 patches (stride 230px = 0.009855° | patch 256px = 0.010970°)
2026-05-06 06:54:17,962 [INFO]   Já no disco: 63/63
2026-05-06 06:54:17,962 [INFO]   Todos os patches já existem. Pulando.
2026-05-06 06:54:17,963 [INFO] 
[5/88] Região: 00000000000000000004
2026-05-06 06:54:19,007 [INFO]   Grade: 9 patches (stride 230px = 0.009855° | patch 256px = 0.010970°)
2026-05-06 06:54:19,009 [INFO]   Já no disco: 9/9
2026-05-06 06:54:19,011 [INFO]   Todos os patches já existem. Pulando.
2026-05-06 06:54:19,011 [INFO] 
[6/88] Região: 00000000000000000005
2026-05-06 06:54:20,229 [INFO]   Grade: 90 patches (stride 230px = 0.009855° | patch 256px = 0.010970°)
2026-05-06 06:54:20,232 [INFO]   Já no disco: 90/90
2026-05-06 06:54:20,233 [INFO]   Todos os patches já existem. Pulando.
2026-05-06 06:54:20,233 [INFO] 
[7/88] Região: 00000000000000000006
2026-05-06 06:54:21,363 [INFO]   Grade: 238 patches (stride 230px = 0.009855° | patch 256px = 0.010970°)
2026-05-06 06:54:21,367 [INFO]   Já no disco: 238/238
2026-05-06 06:54:21,371 [INFO]   Todos os patches já existem. Pulando.
2026-05-06 06:54:21,371 [INFO] 
[8/88] Região: 00000000000000000007
2026-05-06 06:54:22,466 [INFO]   Grade: 110 patches (stride 230px = 0.009855° | patch 256px = 0.010970°)
2026-05-06 06:54:22,470 [INFO]   Já no disco: 110/110
2026-05-06 06:54:22,471 [INFO]   Todos os patches já existem. Pulando.
2026-05-06 06:54:22,471 [INFO] 
[9/88] Região: 00000000000000000008
2026-05-06 06:54:23,568 [INFO]   Grade: 132 patches (stride 230px = 0.009855° | patch 256px = 0.010970°)
2026-05-06 06:54:23,571 [INFO]   Já no disco: 132/132
2026-05-06 06:54:23,572 [INFO]   Todos os patches já existem. Pulando.
2026-05-06 06:54:23,572 [INFO] 
[10/88] Região: 00000000000000000009
2026-05-06 06:54:24,592 [INFO]   Grade: 121 patches (stride 230px = 0.009855° | patch 256px = 0.010970°)
2026-05-06 06:54:24,596 [INFO]   Já no disco: 121/121
2026-05-06 06:54:24,597 [INFO]   Todos os patches já existem. Pulando.
2026-05-06 06:54:24,597 [INFO] 
[11/88] Região: 0000000000000000000a
2026-05-06 06:54:24,950 [INFO]   Grade: 156 patches (stride 230px = 0.009855° | patch 256px = 0.010970°)
2026-05-06 06:54:24,957 [INFO]   Já no disco: 156/156
2026-05-06 06:54:24,959 [INFO]   Todos os patches já existem. Pulando.
2026-05-06 06:54:24,961 [INFO] 
[12/88] Região: 0000000000000000000b
2026-05-06 06:54:26,033 [INFO]   Grade: 240 patches (stride 230px = 0.009855° | patch 256px = 0.010970°)
2026-05-06 06:54:26,036 [INFO]   Já no disco: 240/240
2026-05-06 06:54:26,037 [INFO]   Todos os patches já existem. Pulando.
2026-05-06 06:54:26,037 [INFO] 
[13/88] Região: 0000000000000000000c
2026-05-06 06:54:27,055 [INFO]   Grade: 120 patches (stride 230px = 0.009855° | patch 256px = 0.010970°)
2026-05-06 06:54:27,059 [INFO]   Já no disco: 120/120
2026-05-06 06:54:27,062 [INFO]   Todos os patches já existem. Pulando.
2026-05-06 06:54:27,062 [INFO] 
[14/88] Região: 0000000000000000000d
2026-05-06 06:54:28,322 [INFO]   Grade: 156 patches (stride 230px = 0.009855° | patch 256px = 0.010970°)
2026-05-06 06:54:28,326 [INFO]   Já no disco: 156/156
2026-05-06 06:54:28,326 [INFO]   Todos os patches já existem. Pulando.
2026-05-06 06:54:28,327 [INFO] 
[15/88] Região: 0000000000000000000e
2026-05-06 06:54:29,402 [INFO]   Grade: 121 patches (stride 230px = 0.009855° | patch 256px = 0.010970°)
2026-05-06 06:54:29,406 [INFO]   Já no disco: 121/121
2026-05-06 06:54:29,406 [INFO]   Todos os patches já existem. Pulando.
2026-05-06 06:54:29,407 [INFO] 
[16/88] Região: 0000000000000000000f
2026-05-06 06:54:30,543 [INFO]   Grade: 121 patches (stride 230px = 0.009855° | patch 256px = 0.010970°)
2026-05-06 06:54:30,547 [INFO]   Já no disco: 121/121
2026-05-06 06:54:30,548 [INFO]   Todos os patches já existem. Pulando.
2026-05-06 06:54:30,548 [INFO] 
[17/88] Região: 00000000000000000010
2026-05-06 06:54:31,764 [INFO]   Grade: 120 patches (stride 230px = 0.009855° | patch 256px = 0.010970°)
2026-05-06 06:54:31,769 [INFO]   Já no disco: 120/120
2026-05-06 06:54:31,769 [INFO]   Todos os patches já existem. Pulando.
2026-05-06 06:54:31,769 [INFO] 
[18/88] Região: 00000000000000000011
2026-05-06 06:54:32,819 [INFO]   Grade: 110 patches (stride 230px = 0.009855° | patch 256px = 0.010970°)
2026-05-06 06:54:32,823 [INFO]   Já no disco: 110/110
2026-05-06 06:54:32,826 [INFO]   Todos os patches já existem. Pulando.
2026-05-06 06:54:32,826 [INFO] 
[19/88] Região: 00000000000000000012
2026-05-06 06:54:33,958 [INFO]   Grade: 110 patches (stride 230px = 0.009855° | patch 256px = 0.010970°)
2026-05-06 06:54:33,962 [INFO]   Já no disco: 110/110
2026-05-06 06:54:33,963 [INFO]   Todos os patches já existem. Pulando.
2026-05-06 06:54:33,963 [INFO] 
[20/88] Região: 00000000000000000013
2026-05-06 06:54:34,945 [INFO]   Grade: 576 patches (stride 230px = 0.009855° | patch 256px = 0.010970°)
2026-05-06 06:54:34,950 [INFO]   Já no disco: 576/576
2026-05-06 06:54:34,951 [INFO]   Todos os patches já existem. Pulando.
2026-05-06 06:54:34,951 [INFO] 
[21/88] Região: 00000000000000000014
2026-05-06 06:54:35,268 [INFO]   Grade: 130 patches (stride 230px = 0.009855° | patch 256px = 0.010970°)
2026-05-06 06:54:35,272 [INFO]   Já no disco: 130/130
2026-05-06 06:54:35,274 [INFO]   Todos os patches já existem. Pulando.
2026-05-06 06:54:35,276 [INFO] 
[22/88] Região: 00000000000000000015
2026-05-06 06:54:35,610 [INFO]   Grade: 357 patches (stride 230px = 0.009855° | patch 256px = 0.010970°)
2026-05-06 06:54:35,617 [INFO]   Já no disco: 357/357
2026-05-06 06:54:35,619 [INFO]   Todos os patches já existem. Pulando.
2026-05-06 06:54:35,620 [INFO] 
[23/88] Região: 00000000000000000016
2026-05-06 06:54:35,920 [INFO]   Grade: 182 patches (stride 230px = 0.009855° | patch 256px = 0.010970°)
2026-05-06 06:54:35,926 [INFO]   Já no disco: 182/182
2026-05-06 06:54:35,929 [INFO]   Todos os patches já existem. Pulando.
2026-05-06 06:54:35,932 [INFO] 
[24/88] Região: 00000000000000000017
2026-05-06 06:54:36,266 [INFO]   Grade: 140 patches (stride 230px = 0.009855° | patch 256px = 0.010970°)
2026-05-06 06:54:36,270 [INFO]   Já no disco: 140/140
2026-05-06 06:54:36,273 [INFO]   Todos os patches já existem. Pulando.
2026-05-06 06:54:36,276 [INFO] 
[25/88] Região: 00000000000000000018
2026-05-06 06:54:37,325 [INFO]   Grade: 156 patches (stride 230px = 0.009855° | patch 256px = 0.010970°)
2026-05-06 06:54:37,329 [INFO]   Já no disco: 156/156
2026-05-06 06:54:37,331 [INFO]   Todos os patches já existem. Pulando.
2026-05-06 06:54:37,332 [INFO] 
[26/88] Região: 00000000000000000019
2026-05-06 06:54:38,552 [INFO]   Grade: 100 patches (stride 230px = 0.009855° | patch 256px = 0.010970°)
2026-05-06 06:54:38,556 [INFO]   Já no disco: 100/100
2026-05-06 06:54:38,557 [INFO]   Todos os patches já existem. Pulando.
2026-05-06 06:54:38,557 [INFO] 
[27/88] Região: 0000000000000000001a
2026-05-06 06:54:39,595 [INFO]   Grade: 110 patches (stride 230px = 0.009855° | patch 256px = 0.010970°)
2026-05-06 06:54:39,599 [INFO]   Já no disco: 110/110
2026-05-06 06:54:39,600 [INFO]   Todos os patches já existem. Pulando.
2026-05-06 06:54:39,600 [INFO] 
[28/88] Região: 0000000000000000001b
2026-05-06 06:54:40,683 [INFO]   Grade: 594 patches (stride 230px = 0.009855° | patch 256px = 0.010970°)
2026-05-06 06:54:40,690 [INFO]   Já no disco: 594/594
2026-05-06 06:54:40,691 [INFO]   Todos os patches já existem. Pulando.
2026-05-06 06:54:40,691 [INFO] 
[29/88] Região: 0000000000000000001c
2026-05-06 06:54:41,699 [INFO]   Grade: 255 patches (stride 230px = 0.009855° | patch 256px = 0.010970°)
2026-05-06 06:54:41,703 [INFO]   Já no disco: 255/255
2026-05-06 06:54:41,704 [INFO]   Todos os patches já existem. Pulando.
2026-05-06 06:54:41,704 [INFO] 
[30/88] Região: 0000000000000000001d
2026-05-06 06:54:42,800 [INFO]   Grade: 100 patches (stride 230px = 0.009855° | patch 256px = 0.010970°)
2026-05-06 06:54:42,803 [INFO]   Já no disco: 100/100
2026-05-06 06:54:42,804 [INFO]   Todos os patches já existem. Pulando.
2026-05-06 06:54:42,804 [INFO] 
[31/88] Região: 0000000000000000001e
2026-05-06 06:54:43,846 [INFO]   Grade: 100 patches (stride 230px = 0.009855° | patch 256px = 0.010970°)
2026-05-06 06:54:43,849 [INFO]   Já no disco: 100/100
2026-05-06 06:54:43,850 [INFO]   Todos os patches já existem. Pulando.
2026-05-06 06:54:43,850 [INFO] 
[32/88] Região: 0000000000000000001f
2026-05-06 06:54:45,049 [INFO]   Grade: 238 patches (stride 230px = 0.009855° | patch 256px = 0.010970°)
2026-05-06 06:54:45,053 [INFO]   Já no disco: 238/238
2026-05-06 06:54:45,053 [INFO]   Todos os patches já existem. Pulando.
2026-05-06 06:54:45,057 [INFO] 
[33/88] Região: 00000000000000000020
2026-05-06 06:54:46,439 [INFO]   Grade: 225 patches (stride 230px = 0.009855° | patch 256px = 0.010970°)
2026-05-06 06:54:46,443 [INFO]   Já no disco: 225/225
2026-05-06 06:54:46,444 [INFO]   Todos os patches já existem. Pulando.
2026-05-06 06:54:46,444 [INFO] 
[34/88] Região: 00000000000000000021
2026-05-06 06:54:47,579 [INFO]   Grade: 100 patches (stride 230px = 0.009855° | patch 256px = 0.010970°)
2026-05-06 06:54:47,582 [INFO]   Já no disco: 100/100
2026-05-06 06:54:47,583 [INFO]   Todos os patches já existem. Pulando.
2026-05-06 06:54:47,583 [INFO] 
[35/88] Região: 00000000000000000022
2026-05-06 06:54:47,905 [INFO]   Grade: 221 patches (stride 230px = 0.009855° | patch 256px = 0.010970°)
2026-05-06 06:54:47,911 [INFO]   Já no disco: 221/221
2026-05-06 06:54:47,913 [INFO]   Todos os patches já existem. Pulando.
2026-05-06 06:54:47,916 [INFO] 
[36/88] Região: 00000000000000000023
2026-05-06 06:54:48,211 [INFO]   Grade: 195 patches (stride 230px = 0.009855° | patch 256px = 0.010970°)
2026-05-06 06:54:48,215 [INFO]   Já no disco: 195/195
2026-05-06 06:54:48,216 [INFO]   Todos os patches já existem. Pulando.
2026-05-06 06:54:48,216 [INFO] 
[37/88] Região: 00000000000000000024
2026-05-06 06:54:48,570 [INFO]   Grade: 100 patches (stride 230px = 0.009855° | patch 256px = 0.010970°)
2026-05-06 06:54:48,574 [INFO]   Já no disco: 100/100
2026-05-06 06:54:48,575 [INFO]   Todos os patches já existem. Pulando.
2026-05-06 06:54:48,575 [INFO] 
[38/88] Região: 00000000000000000025
2026-05-06 06:54:49,599 [INFO]   Grade: 143 patches (stride 230px = 0.009855° | patch 256px = 0.010970°)
2026-05-06 06:54:49,603 [INFO]   Já no disco: 143/143
2026-05-06 06:54:49,604 [INFO]   Todos os patches já existem. Pulando.
2026-05-06 06:54:49,604 [INFO] 
[39/88] Região: 00000000000000000026
2026-05-06 06:54:49,937 [INFO]   Grade: 156 patches (stride 230px = 0.009855° | patch 256px = 0.010970°)
2026-05-06 06:54:49,941 [INFO]   Já no disco: 156/156
2026-05-06 06:54:49,943 [INFO]   Todos os patches já existem. Pulando.
2026-05-06 06:54:49,945 [INFO] 
[40/88] Região: 00000000000000000027
2026-05-06 06:54:51,058 [INFO]   Grade: 100 patches (stride 230px = 0.009855° | patch 256px = 0.010970°)
2026-05-06 06:54:51,062 [INFO]   Já no disco: 100/100
2026-05-06 06:54:51,062 [INFO]   Todos os patches já existem. Pulando.
2026-05-06 06:54:51,063 [INFO] 
[41/88] Região: 00000000000000000028
2026-05-06 06:54:51,389 [INFO]   Grade: 100 patches (stride 230px = 0.009855° | patch 256px = 0.010970°)
2026-05-06 06:54:51,393 [INFO]   Já no disco: 100/100
2026-05-06 06:54:51,396 [INFO]   Todos os patches já existem. Pulando.
2026-05-06 06:54:51,399 [INFO] 
[42/88] Região: 00000000000000000029
2026-05-06 06:54:51,805 [INFO]   Grade: 121 patches (stride 230px = 0.009855° | patch 256px = 0.010970°)
2026-05-06 06:54:51,809 [INFO]   Já no disco: 121/121
2026-05-06 06:54:51,809 [INFO]   Todos os patches já existem. Pulando.
2026-05-06 06:54:51,810 [INFO] 
[43/88] Região: 0000000000000000002a
2026-05-06 06:54:52,840 [INFO]   Grade: 100 patches (stride 230px = 0.009855° | patch 256px = 0.010970°)
2026-05-06 06:54:52,843 [INFO]   Já no disco: 100/100
2026-05-06 06:54:52,844 [INFO]   Todos os patches já existem. Pulando.
2026-05-06 06:54:52,845 [INFO] 
[44/88] Região: 0000000000000000002b
2026-05-06 06:54:53,114 [INFO]   Grade: 144 patches (stride 230px = 0.009855° | patch 256px = 0.010970°)
2026-05-06 06:54:53,120 [INFO]   Já no disco: 144/144
2026-05-06 06:54:53,122 [INFO]   Todos os patches já existem. Pulando.
2026-05-06 06:54:53,125 [INFO] 
[45/88] Região: 0000000000000000002c
2026-05-06 06:54:53,417 [INFO]   Grade: 100 patches (stride 230px = 0.009855° | patch 256px = 0.010970°)
2026-05-06 06:54:53,420 [INFO]   Já no disco: 100/100
2026-05-06 06:54:53,421 [INFO]   Todos os patches já existem. Pulando.
2026-05-06 06:54:53,421 [INFO] 
[46/88] Região: 0000000000000000002d
2026-05-06 06:54:54,790 [INFO]   Grade: 182 patches (stride 230px = 0.009855° | patch 256px = 0.010970°)
2026-05-06 06:54:54,795 [INFO]   Já no disco: 182/182
2026-05-06 06:54:54,796 [INFO]   Todos os patches já existem. Pulando.
2026-05-06 06:54:54,796 [INFO] 
[47/88] Região: 0000000000000000002e
2026-05-06 06:54:55,114 [INFO]   Grade: 182 patches (stride 230px = 0.009855° | patch 256px = 0.010970°)
2026-05-06 06:54:55,121 [INFO]   Já no disco: 182/182
2026-05-06 06:54:55,123 [INFO]   Todos os patches já existem. Pulando.
2026-05-06 06:54:55,126 [INFO] 
[48/88] Região: 0000000000000000002f
2026-05-06 06:54:55,472 [INFO]   Grade: 100 patches (stride 230px = 0.009855° | patch 256px = 0.010970°)
2026-05-06 06:54:55,476 [INFO]   Já no disco: 100/100
2026-05-06 06:54:55,476 [INFO]   Todos os patches já existem. Pulando.
2026-05-06 06:54:55,476 [INFO] 
[49/88] Região: 00000000000000000030
2026-05-06 06:54:55,807 [INFO]   Grade: 144 patches (stride 230px = 0.009855° | patch 256px = 0.010970°)
2026-05-06 06:54:55,811 [INFO]   Já no disco: 144/144
2026-05-06 06:54:55,814 [INFO]   Todos os patches já existem. Pulando.
2026-05-06 06:54:55,816 [INFO] 
[50/88] Região: 00000000000000000031
2026-05-06 06:54:56,156 [INFO]   Grade: 100 patches (stride 230px = 0.009855° | patch 256px = 0.010970°)
2026-05-06 06:54:56,160 [INFO]   Já no disco: 100/100
2026-05-06 06:54:56,163 [INFO]   Todos os patches já existem. Pulando.
2026-05-06 06:54:56,166 [INFO] 
[51/88] Região: 00000000000000000032
2026-05-06 06:54:57,200 [INFO]   Grade: 100 patches (stride 230px = 0.009855° | patch 256px = 0.010970°)
2026-05-06 06:54:57,204 [INFO]   Já no disco: 100/100
2026-05-06 06:54:57,204 [INFO]   Todos os patches já existem. Pulando.
2026-05-06 06:54:57,205 [INFO] 
[52/88] Região: 00000000000000000033
2026-05-06 06:54:57,469 [INFO]   Grade: 100 patches (stride 230px = 0.009855° | patch 256px = 0.010970°)
2026-05-06 06:54:57,473 [INFO]   Já no disco: 100/100
2026-05-06 06:54:57,473 [INFO]   Todos os patches já existem. Pulando.
2026-05-06 06:54:57,476 [INFO] 
[53/88] Região: 00000000000000000034
2026-05-06 06:54:58,517 [INFO]   Grade: 100 patches (stride 230px = 0.009855° | patch 256px = 0.010970°)
2026-05-06 06:54:58,521 [INFO]   Já no disco: 100/100
2026-05-06 06:54:58,521 [INFO]   Todos os patches já existem. Pulando.
2026-05-06 06:54:58,522 [INFO] 
[54/88] Região: 00000000000000000035
2026-05-06 06:54:59,674 [INFO]   Grade: 100 patches (stride 230px = 0.009855° | patch 256px = 0.010970°)
2026-05-06 06:54:59,678 [INFO]   Já no disco: 100/100
2026-05-06 06:54:59,678 [INFO]   Todos os patches já existem. Pulando.
2026-05-06 06:54:59,678 [INFO] 
[55/88] Região: 00000000000000000036
2026-05-06 06:55:01,048 [INFO]   Grade: 132 patches (stride 230px = 0.009855° | patch 256px = 0.010970°)
2026-05-06 06:55:01,053 [INFO]   Já no disco: 132/132
2026-05-06 06:55:01,053 [INFO]   Todos os patches já existem. Pulando.
2026-05-06 06:55:01,054 [INFO] 
[56/88] Região: 00000000000000000037
2026-05-06 06:55:01,446 [INFO]   Grade: 168 patches (stride 230px = 0.009855° | patch 256px = 0.010970°)
2026-05-06 06:55:01,450 [INFO]   Já no disco: 168/168
2026-05-06 06:55:01,450 [INFO]   Todos os patches já existem. Pulando.
2026-05-06 06:55:01,451 [INFO] 
[57/88] Região: 00000000000000000038
2026-05-06 06:55:01,831 [INFO]   Grade: 234 patches (stride 230px = 0.009855° | patch 256px = 0.010970°)
2026-05-06 06:55:01,835 [INFO]   Já no disco: 234/234
2026-05-06 06:55:01,835 [INFO]   Todos os patches já existem. Pulando.
2026-05-06 06:55:01,836 [INFO] 
[58/88] Região: 00000000000000000039
2026-05-06 06:55:03,061 [INFO]   Grade: 100 patches (stride 230px = 0.009855° | patch 256px = 0.010970°)
2026-05-06 06:55:03,065 [INFO]   Já no disco: 100/100
2026-05-06 06:55:03,066 [INFO]   Todos os patches já existem. Pulando.
2026-05-06 06:55:03,066 [INFO] 
[59/88] Região: 0000000000000000003a
2026-05-06 06:55:04,257 [INFO]   Grade: 100 patches (stride 230px = 0.009855° | patch 256px = 0.010970°)
2026-05-06 06:55:04,262 [INFO]   Já no disco: 100/100
2026-05-06 06:55:04,262 [INFO]   Todos os patches já existem. Pulando.
2026-05-06 06:55:04,263 [INFO] 
[60/88] Região: 0000000000000000003b
2026-05-06 06:55:05,249 [INFO]   Grade: 361 patches (stride 230px = 0.009855° | patch 256px = 0.010970°)
2026-05-06 06:55:05,253 [INFO]   Já no disco: 361/361
2026-05-06 06:55:05,254 [INFO]   Todos os patches já existem. Pulando.
2026-05-06 06:55:05,254 [INFO] 
[61/88] Região: 0000000000000000003c
2026-05-06 06:55:05,624 [INFO]   Grade: 165 patches (stride 230px = 0.009855° | patch 256px = 0.010970°)
2026-05-06 06:55:05,630 [INFO]   Já no disco: 165/165
2026-05-06 06:55:05,632 [INFO]   Todos os patches já existem. Pulando.
2026-05-06 06:55:05,635 [INFO] 
[62/88] Região: 0000000000000000003d
2026-05-06 06:55:06,042 [INFO]   Grade: 169 patches (stride 230px = 0.009855° | patch 256px = 0.010970°)
2026-05-06 06:55:06,046 [INFO]   Já no disco: 169/169
2026-05-06 06:55:06,047 [INFO]   Todos os patches já existem. Pulando.
2026-05-06 06:55:06,047 [INFO] 
[63/88] Região: 0000000000000000003e
2026-05-06 06:55:06,351 [INFO]   Grade: 272 patches (stride 230px = 0.009855° | patch 256px = 0.010970°)
2026-05-06 06:55:06,359 [INFO]   Já no disco: 272/272
2026-05-06 06:55:06,361 [INFO]   Todos os patches já existem. Pulando.
2026-05-06 06:55:06,364 [INFO] 
[64/88] Região: 0000000000000000003f
2026-05-06 06:55:07,416 [INFO]   Grade: 100 patches (stride 230px = 0.009855° | patch 256px = 0.010970°)
2026-05-06 06:55:07,419 [INFO]   Já no disco: 100/100
2026-05-06 06:55:07,420 [INFO]   Todos os patches já existem. Pulando.
2026-05-06 06:55:07,420 [INFO] 
[65/88] Região: 00000000000000000040
2026-05-06 06:55:07,785 [INFO]   Grade: 132 patches (stride 230px = 0.009855° | patch 256px = 0.010970°)
2026-05-06 06:55:07,790 [INFO]   Já no disco: 132/132
2026-05-06 06:55:07,792 [INFO]   Todos os patches já existem. Pulando.
2026-05-06 06:55:07,792 [INFO] 
[66/88] Região: 00000000000000000041
2026-05-06 06:55:08,175 [INFO]   Grade: 352 patches (stride 230px = 0.009855° | patch 256px = 0.010970°)
2026-05-06 06:55:08,183 [INFO]   Já no disco: 352/352
2026-05-06 06:55:08,186 [INFO]   Todos os patches já existem. Pulando.
2026-05-06 06:55:08,189 [INFO] 
[67/88] Região: 00000000000000000042
2026-05-06 06:55:08,474 [INFO]   Grade: 255 patches (stride 230px = 0.009855° | patch 256px = 0.010970°)
2026-05-06 06:55:08,479 [INFO]   Já no disco: 255/255
2026-05-06 06:55:08,479 [INFO]   Todos os patches já existem. Pulando.
2026-05-06 06:55:08,479 [INFO] 
[68/88] Região: 00000000000000000043
2026-05-06 06:55:09,503 [INFO]   Grade: 132 patches (stride 230px = 0.009855° | patch 256px = 0.010970°)
2026-05-06 06:55:09,506 [INFO]   Já no disco: 132/132
2026-05-06 06:55:09,507 [INFO]   Todos os patches já existem. Pulando.
2026-05-06 06:55:09,507 [INFO] 
[69/88] Região: 00000000000000000044
2026-05-06 06:55:10,603 [INFO]   Grade: 100 patches (stride 230px = 0.009855° | patch 256px = 0.010970°)
2026-05-06 06:55:10,607 [INFO]   Já no disco: 100/100
2026-05-06 06:55:10,608 [INFO]   Todos os patches já existem. Pulando.
2026-05-06 06:55:10,608 [INFO] 
[70/88] Região: 00000000000000000045
2026-05-06 06:55:10,880 [INFO]   Grade: 252 patches (stride 230px = 0.009855° | patch 256px = 0.010970°)
2026-05-06 06:55:10,886 [INFO]   Já no disco: 252/252
2026-05-06 06:55:10,888 [INFO]   Todos os patches já existem. Pulando.
2026-05-06 06:55:10,889 [INFO] 
[71/88] Região: 00000000000000000046
2026-05-06 06:55:11,242 [INFO]   Grade: 110 patches (stride 230px = 0.009855° | patch 256px = 0.010970°)
2026-05-06 06:55:11,247 [INFO]   Já no disco: 110/110
2026-05-06 06:55:11,249 [INFO]   Todos os patches já existem. Pulando.
2026-05-06 06:55:11,252 [INFO] 
[72/88] Região: 00000000000000000047
2026-05-06 06:55:11,693 [INFO]   Grade: 100 patches (stride 230px = 0.009855° | patch 256px = 0.010970°)
2026-05-06 06:55:11,697 [INFO]   Já no disco: 100/100
2026-05-06 06:55:11,698 [INFO]   Todos os patches já existem. Pulando.
2026-05-06 06:55:11,698 [INFO] 
[73/88] Região: 00000000000000000048
2026-05-06 06:55:12,874 [INFO]   Grade: 100 patches (stride 230px = 0.009855° | patch 256px = 0.010970°)
2026-05-06 06:55:12,879 [INFO]   Já no disco: 100/100
2026-05-06 06:55:12,879 [INFO]   Todos os patches já existem. Pulando.
2026-05-06 06:55:12,880 [INFO] 
[74/88] Região: 00000000000000000049
2026-05-06 06:55:13,190 [INFO]   Grade: 374 patches (stride 230px = 0.009855° | patch 256px = 0.010970°)
2026-05-06 06:55:13,199 [INFO]   Já no disco: 374/374
2026-05-06 06:55:13,202 [INFO]   Todos os patches já existem. Pulando.
2026-05-06 06:55:13,205 [INFO] 
[75/88] Região: 0000000000000000004a
2026-05-06 06:55:13,621 [INFO]   Grade: 132 patches (stride 230px = 0.009855° | patch 256px = 0.010970°)
2026-05-06 06:55:13,624 [INFO]   Já no disco: 132/132
2026-05-06 06:55:13,625 [INFO]   Todos os patches já existem. Pulando.
2026-05-06 06:55:13,625 [INFO] 
[76/88] Região: 0000000000000000004b
2026-05-06 06:55:14,633 [INFO]   Grade: 144 patches (stride 230px = 0.009855° | patch 256px = 0.010970°)
2026-05-06 06:55:14,638 [INFO]   Já no disco: 144/144
2026-05-06 06:55:14,638 [INFO]   Todos os patches já existem. Pulando.
2026-05-06 06:55:14,639 [INFO] 
[77/88] Região: 0000000000000000004c
2026-05-06 06:55:15,042 [INFO]   Grade: 120 patches (stride 230px = 0.009855° | patch 256px = 0.010970°)
2026-05-06 06:55:15,046 [INFO]   Já no disco: 120/120
2026-05-06 06:55:15,046 [INFO]   Todos os patches já existem. Pulando.
2026-05-06 06:55:15,047 [INFO] 
[78/88] Região: 0000000000000000004d
2026-05-06 06:55:16,049 [INFO]   Grade: 132 patches (stride 230px = 0.009855° | patch 256px = 0.010970°)
2026-05-06 06:55:16,053 [INFO]   Já no disco: 132/132
2026-05-06 06:55:16,053 [INFO]   Todos os patches já existem. Pulando.
2026-05-06 06:55:16,057 [INFO] 
[79/88] Região: 0000000000000000004e
2026-05-06 06:55:17,094 [INFO]   Grade: 110 patches (stride 230px = 0.009855° | patch 256px = 0.010970°)
2026-05-06 06:55:17,099 [INFO]   Já no disco: 110/110
2026-05-06 06:55:17,099 [INFO]   Todos os patches já existem. Pulando.
2026-05-06 06:55:17,100 [INFO] 
[80/88] Região: 0000000000000000004f
2026-05-06 06:55:17,418 [INFO]   Grade: 121 patches (stride 230px = 0.009855° | patch 256px = 0.010970°)
2026-05-06 06:55:17,422 [INFO]   Já no disco: 121/121
2026-05-06 06:55:17,424 [INFO]   Todos os patches já existem. Pulando.
2026-05-06 06:55:17,426 [INFO] 
[81/88] Região: 00000000000000000050
2026-05-06 06:55:17,757 [INFO]   Grade: 110 patches (stride 230px = 0.009855° | patch 256px = 0.010970°)
2026-05-06 06:55:17,764 [INFO]   Já no disco: 110/110
2026-05-06 06:55:17,766 [INFO]   Todos os patches já existem. Pulando.
2026-05-06 06:55:17,768 [INFO] 
[82/88] Região: 00000000000000000051
2026-05-06 06:55:18,076 [INFO]   Grade: 121 patches (stride 230px = 0.009855° | patch 256px = 0.010970°)
2026-05-06 06:55:18,080 [INFO]   Já no disco: 121/121
2026-05-06 06:55:18,080 [INFO]   Todos os patches já existem. Pulando.
2026-05-06 06:55:18,081 [INFO] 
[83/88] Região: 00000000000000000052
2026-05-06 06:55:18,441 [INFO]   Grade: 110 patches (stride 230px = 0.009855° | patch 256px = 0.010970°)
2026-05-06 06:55:18,447 [INFO]   Já no disco: 110/110
2026-05-06 06:55:18,449 [INFO]   Todos os patches já existem. Pulando.
2026-05-06 06:55:18,452 [INFO] 
[84/88] Região: 00000000000000000053
2026-05-06 06:55:19,889 [INFO]   Grade: 100 patches (stride 230px = 0.009855° | patch 256px = 0.010970°)
2026-05-06 06:55:19,893 [INFO]   Já no disco: 100/100
2026-05-06 06:55:19,893 [INFO]   Todos os patches já existem. Pulando.
2026-05-06 06:55:19,896 [INFO] 
[85/88] Região: 00000000000000000054
2026-05-06 06:55:20,319 [INFO]   Grade: 224 patches (stride 230px = 0.009855° | patch 256px = 0.010970°)
2026-05-06 06:55:20,323 [INFO]   Já no disco: 224/224
2026-05-06 06:55:20,323 [INFO]   Todos os patches já existem. Pulando.
2026-05-06 06:55:20,327 [INFO] 
[86/88] Região: 00000000000000000055
2026-05-06 06:55:20,619 [INFO]   Grade: 110 patches (stride 230px = 0.009855° | patch 256px = 0.010970°)
2026-05-06 06:55:20,623 [INFO]   Já no disco: 110/110
2026-05-06 06:55:20,626 [INFO]   Todos os patches já existem. Pulando.
2026-05-06 06:55:20,629 [INFO] 
[87/88] Região: 00000000000000000056
2026-05-06 06:55:20,982 [INFO]   Grade: 132 patches (stride 230px = 0.009855° | patch 256px = 0.010970°)
2026-05-06 06:55:20,987 [INFO]   Já no disco: 132/132
2026-05-06 06:55:20,988 [INFO]   Todos os patches já existem. Pulando.
2026-05-06 06:55:20,988 [INFO] 
[88/88] Região: 00000000000000000057
2026-05-06 06:55:21,261 [INFO]   Grade: 120 patches (stride 230px = 0.009855° | patch 256px = 0.010970°)
2026-05-06 06:55:21,265 [INFO]   Já no disco: 120/120
2026-05-06 06:55:21,268 [INFO]   Todos os patches já existem. Pulando.
2026-05-06 06:55:21,270 [INFO] 
============================================================
2026-05-06 06:55:21,270 [INFO] --- Ano 2017 ---
2026-05-06 06:55:21,690 [INFO] 
[1/88] Região: 00000000000000000000
2026-05-06 06:55:21,984 [INFO]   Grade: 121 patches (stride 230px = 0.009855° | patch 256px = 0.010970°)
2026-05-06 06:55:21,989 [INFO]   Já no disco: 121/121
2026-05-06 06:55:21,989 [INFO]   Todos os patches já existem. Pulando.
2026-05-06 06:55:21,990 [INFO] 
[2/88] Região: 00000000000000000001
2026-05-06 06:55:23,016 [INFO]   Grade: 120 patches (stride 230px = 0.009855° | patch 256px = 0.010970°)
2026-05-06 06:55:23,020 [INFO]   Já no disco: 120/120
2026-05-06 06:55:23,020 [INFO]   Todos os patches já existem. Pulando.
2026-05-06 06:55:23,021 [INFO] 
[3/88] Região: 00000000000000000002
2026-05-06 06:55:24,011 [INFO]   Grade: 132 patches (stride 230px = 0.009855° | patch 256px = 0.010970°)
2026-05-06 06:55:24,015 [INFO]   Já no disco: 132/132
2026-05-06 06:55:24,015 [INFO]   Todos os patches já existem. Pulando.
2026-05-06 06:55:24,015 [INFO] 
[4/88] Região: 00000000000000000003
2026-05-06 06:55:24,329 [INFO]   Grade: 63 patches (stride 230px = 0.009855° | patch 256px = 0.010970°)
2026-05-06 06:55:24,333 [INFO]   Já no disco: 63/63
2026-05-06 06:55:24,334 [INFO]   Todos os patches já existem. Pulando.
2026-05-06 06:55:24,334 [INFO] 
[5/88] Região: 00000000000000000004
2026-05-06 06:55:24,636 [INFO]   Grade: 9 patches (stride 230px = 0.009855° | patch 256px = 0.010970°)
2026-05-06 06:55:24,639 [INFO]   Já no disco: 9/9
2026-05-06 06:55:24,641 [INFO]   Todos os patches já existem. Pulando.
2026-05-06 06:55:24,644 [INFO] 
[6/88] Região: 00000000000000000005
2026-05-06 06:55:24,961 [INFO]   Grade: 90 patches (stride 230px = 0.009855° | patch 256px = 0.010970°)
2026-05-06 06:55:24,965 [INFO]   Já no disco: 90/90
2026-05-06 06:55:24,965 [INFO]   Todos os patches já existem. Pulando.
2026-05-06 06:55:24,965 [INFO] 
[7/88] Região: 00000000000000000006
2026-05-06 06:55:25,305 [INFO]   Grade: 238 patches (stride 230px = 0.009855° | patch 256px = 0.010970°)
2026-05-06 06:55:25,309 [INFO]   Já no disco: 238/238
2026-05-06 06:55:25,309 [INFO]   Todos os patches já existem. Pulando.
2026-05-06 06:55:25,309 [INFO] 
[8/88] Região: 00000000000000000007
2026-05-06 06:55:25,635 [INFO]   Grade: 110 patches (stride 230px = 0.009855° | patch 256px = 0.010970°)
2026-05-06 06:55:25,639 [INFO]   Já no disco: 110/110
2026-05-06 06:55:25,640 [INFO]   Todos os patches já existem. Pulando.
2026-05-06 06:55:25,640 [INFO] 
[9/88] Região: 00000000000000000008
2026-05-06 06:55:26,059 [INFO]   Grade: 132 patches (stride 230px = 0.009855° | patch 256px = 0.010970°)
2026-05-06 06:55:26,063 [INFO]   Já no disco: 132/132
2026-05-06 06:55:26,063 [INFO]   Todos os patches já existem. Pulando.
2026-05-06 06:55:26,063 [INFO] 
[10/88] Região: 00000000000000000009
2026-05-06 06:55:27,146 [INFO]   Grade: 121 patches (stride 230px = 0.009855° | patch 256px = 0.010970°)
2026-05-06 06:55:27,149 [INFO]   Já no disco: 121/121
2026-05-06 06:55:27,150 [INFO]   Todos os patches já existem. Pulando.
2026-05-06 06:55:27,150 [INFO] 
[11/88] Região: 0000000000000000000a
2026-05-06 06:55:27,551 [INFO]   Grade: 156 patches (stride 230px = 0.009855° | patch 256px = 0.010970°)
2026-05-06 06:55:27,556 [INFO]   Já no disco: 156/156
2026-05-06 06:55:27,556 [INFO]   Todos os patches já existem. Pulando.
2026-05-06 06:55:27,557 [INFO] 
[12/88] Região: 0000000000000000000b
2026-05-06 06:55:27,917 [INFO]   Grade: 240 patches (stride 230px = 0.009855° | patch 256px = 0.010970°)
2026-05-06 06:55:27,923 [INFO]   Já no disco: 240/240
2026-05-06 06:55:27,925 [INFO]   Todos os patches já existem. Pulando.
2026-05-06 06:55:27,926 [INFO] 
[13/88] Região: 0000000000000000000c
2026-05-06 06:55:28,245 [INFO]   Grade: 120 patches (stride 230px = 0.009855° | patch 256px = 0.010970°)
2026-05-06 06:55:28,250 [INFO]   Já no disco: 120/120
2026-05-06 06:55:28,252 [INFO]   Todos os patches já existem. Pulando.
2026-05-06 06:55:28,255 [INFO] 
[14/88] Região: 0000000000000000000d
2026-05-06 06:55:28,649 [INFO]   Grade: 156 patches (stride 230px = 0.009855° | patch 256px = 0.010970°)
2026-05-06 06:55:28,653 [INFO]   Já no disco: 156/156
2026-05-06 06:55:28,653 [INFO]   Todos os patches já existem. Pulando.
2026-05-06 06:55:28,653 [INFO] 
[15/88] Região: 0000000000000000000e
2026-05-06 06:55:29,747 [INFO]   Grade: 121 patches (stride 230px = 0.009855° | patch 256px = 0.010970°)
2026-05-06 06:55:29,750 [INFO]   Já no disco: 121/121
2026-05-06 06:55:29,751 [INFO]   Todos os patches já existem. Pulando.
2026-05-06 06:55:29,751 [INFO] 
[16/88] Região: 0000000000000000000f
2026-05-06 06:55:30,110 [INFO]   Grade: 121 patches (stride 230px = 0.009855° | patch 256px = 0.010970°)
2026-05-06 06:55:30,115 [INFO]   Já no disco: 121/121
2026-05-06 06:55:30,115 [INFO]   Todos os patches já existem. Pulando.
2026-05-06 06:55:30,116 [INFO] 
[17/88] Região: 00000000000000000010
2026-05-06 06:55:31,093 [INFO]   Grade: 120 patches (stride 230px = 0.009855° | patch 256px = 0.010970°)
2026-05-06 06:55:31,097 [INFO]   Já no disco: 120/120
2026-05-06 06:55:31,098 [INFO]   Todos os patches já existem. Pulando.
2026-05-06 06:55:31,098 [INFO] 
[18/88] Região: 00000000000000000011
2026-05-06 06:55:32,263 [INFO]   Grade: 110 patches (stride 230px = 0.009855° | patch 256px = 0.010970°)
2026-05-06 06:55:32,267 [INFO]   Já no disco: 110/110
2026-05-06 06:55:32,268 [INFO]   Todos os patches já existem. Pulando.
2026-05-06 06:55:32,268 [INFO] 
[19/88] Região: 00000000000000000012
2026-05-06 06:55:33,345 [INFO]   Grade: 110 patches (stride 230px = 0.009855° | patch 256px = 0.010970°)
2026-05-06 06:55:33,350 [INFO]   Já no disco: 110/110
2026-05-06 06:55:33,350 [INFO]   Todos os patches já existem. Pulando.
2026-05-06 06:55:33,351 [INFO] 
[20/88] Região: 00000000000000000013
2026-05-06 06:55:34,411 [INFO]   Grade: 576 patches (stride 230px = 0.009855° | patch 256px = 0.010970°)
2026-05-06 06:55:34,417 [INFO]   Já no disco: 576/576
2026-05-06 06:55:34,417 [INFO]   Todos os patches já existem. Pulando.
2026-05-06 06:55:34,418 [INFO] 
[21/88] Região: 00000000000000000014
2026-05-06 06:55:35,415 [INFO]   Grade: 130 patches (stride 230px = 0.009855° | patch 256px = 0.010970°)
2026-05-06 06:55:35,419 [INFO]   Já no disco: 130/130
2026-05-06 06:55:35,419 [INFO]   Todos os patches já existem. Pulando.
2026-05-06 06:55:35,420 [INFO] 
[22/88] Região: 00000000000000000015
2026-05-06 06:55:35,706 [INFO]   Grade: 357 patches (stride 230px = 0.009855° | patch 256px = 0.010970°)
2026-05-06 06:55:35,712 [INFO]   Já no disco: 357/357
2026-05-06 06:55:35,713 [INFO]   Todos os patches já existem. Pulando.
2026-05-06 06:55:35,713 [INFO] 
[23/88] Região: 00000000000000000016
2026-05-06 06:55:35,991 [INFO]   Grade: 182 patches (stride 230px = 0.009855° | patch 256px = 0.010970°)
2026-05-06 06:55:35,997 [INFO]   Já no disco: 182/182
2026-05-06 06:55:35,999 [INFO]   Todos os patches já existem. Pulando.
2026-05-06 06:55:36,002 [INFO] 
[24/88] Região: 00000000000000000017
2026-05-06 06:55:36,393 [INFO]   Grade: 140 patches (stride 230px = 0.009855° | patch 256px = 0.010970°)
2026-05-06 06:55:36,397 [INFO]   Já no disco: 140/140
2026-05-06 06:55:36,399 [INFO]   Todos os patches já existem. Pulando.
2026-05-06 06:55:36,399 [INFO] 
[25/88] Região: 00000000000000000018
2026-05-06 06:55:36,795 [INFO]   Grade: 156 patches (stride 230px = 0.009855° | patch 256px = 0.010970°)
2026-05-06 06:55:36,799 [INFO]   Já no disco: 156/156
2026-05-06 06:55:36,803 [INFO]   Todos os patches já existem. Pulando.
2026-05-06 06:55:36,803 [INFO] 
[26/88] Região: 00000000000000000019
2026-05-06 06:55:37,820 [INFO]   Grade: 100 patches (stride 230px = 0.009855° | patch 256px = 0.010970°)
2026-05-06 06:55:37,823 [INFO]   Já no disco: 100/100
2026-05-06 06:55:37,823 [INFO]   Todos os patches já existem. Pulando.
2026-05-06 06:55:37,824 [INFO] 
[27/88] Região: 0000000000000000001a
2026-05-06 06:55:39,024 [INFO]   Grade: 110 patches (stride 230px = 0.009855° | patch 256px = 0.010970°)
2026-05-06 06:55:39,029 [INFO]   Já no disco: 110/110
2026-05-06 06:55:39,029 [INFO]   Todos os patches já existem. Pulando.
2026-05-06 06:55:39,030 [INFO] 
[28/88] Região: 0000000000000000001b
2026-05-06 06:55:40,086 [INFO]   Grade: 594 patches (stride 230px = 0.009855° | patch 256px = 0.010970°)
2026-05-06 06:55:40,090 [INFO]   Já no disco: 594/594
2026-05-06 06:55:40,090 [INFO]   Todos os patches já existem. Pulando.
2026-05-06 06:55:40,091 [INFO] 
[29/88] Região: 0000000000000000001c
2026-05-06 06:55:41,388 [INFO]   Grade: 255 patches (stride 230px = 0.009855° | patch 256px = 0.010970°)
2026-05-06 06:55:41,392 [INFO]   Já no disco: 255/255
2026-05-06 06:55:41,393 [INFO]   Todos os patches já existem. Pulando.
2026-05-06 06:55:41,393 [INFO] 
[30/88] Região: 0000000000000000001d
2026-05-06 06:55:41,702 [INFO]   Grade: 100 patches (stride 230px = 0.009855° | patch 256px = 0.010970°)
2026-05-06 06:55:41,706 [INFO]   Já no disco: 100/100
2026-05-06 06:55:41,708 [INFO]   Todos os patches já existem. Pulando.
2026-05-06 06:55:41,711 [INFO] 
[31/88] Região: 0000000000000000001e
2026-05-06 06:55:42,024 [INFO]   Grade: 100 patches (stride 230px = 0.009855° | patch 256px = 0.010970°)
2026-05-06 06:55:42,030 [INFO]   Já no disco: 100/100
2026-05-06 06:55:42,034 [INFO]   Todos os patches já existem. Pulando.
2026-05-06 06:55:42,034 [INFO] 
[32/88] Região: 0000000000000000001f
2026-05-06 06:55:42,313 [INFO]   Grade: 238 patches (stride 230px = 0.009855° | patch 256px = 0.010970°)
2026-05-06 06:55:42,318 [INFO]   Já no disco: 238/238
2026-05-06 06:55:42,320 [INFO]   Todos os patches já existem. Pulando.
2026-05-06 06:55:42,321 [INFO] 
[33/88] Região: 00000000000000000020
2026-05-06 06:55:42,640 [INFO]   Grade: 225 patches (stride 230px = 0.009855° | patch 256px = 0.010970°)
2026-05-06 06:55:42,648 [INFO]   Já no disco: 225/225
2026-05-06 06:55:42,650 [INFO]   Todos os patches já existem. Pulando.
2026-05-06 06:55:42,653 [INFO] 
[34/88] Região: 00000000000000000021
2026-05-06 06:55:42,946 [INFO]   Grade: 100 patches (stride 230px = 0.009855° | patch 256px = 0.010970°)
2026-05-06 06:55:42,950 [INFO]   Já no disco: 100/100
2026-05-06 06:55:42,950 [INFO]   Todos os patches já existem. Pulando.
2026-05-06 06:55:42,950 [INFO] 
[35/88] Região: 00000000000000000022
2026-05-06 06:55:44,140 [INFO]   Grade: 221 patches (stride 230px = 0.009855° | patch 256px = 0.010970°)
2026-05-06 06:55:44,144 [INFO]   Já no disco: 221/221
2026-05-06 06:55:44,144 [INFO]   Todos os patches já existem. Pulando.
2026-05-06 06:55:44,144 [INFO] 
[36/88] Região: 00000000000000000023
2026-05-06 06:55:44,520 [INFO]   Grade: 195 patches (stride 230px = 0.009855° | patch 256px = 0.010970°)
2026-05-06 06:55:44,524 [INFO]   Já no disco: 195/195
2026-05-06 06:55:44,525 [INFO]   Todos os patches já existem. Pulando.
2026-05-06 06:55:44,525 [INFO] 
[37/88] Região: 00000000000000000024
2026-05-06 06:55:44,853 [INFO]   Grade: 100 patches (stride 230px = 0.009855° | patch 256px = 0.010970°)
2026-05-06 06:55:44,854 [INFO]   Já no disco: 100/100
2026-05-06 06:55:44,855 [INFO]   Todos os patches já existem. Pulando.
2026-05-06 06:55:44,855 [INFO] 
[38/88] Região: 00000000000000000025
2026-05-06 06:55:45,114 [INFO]   Grade: 143 patches (stride 230px = 0.009855° | patch 256px = 0.010970°)
2026-05-06 06:55:45,121 [INFO]   Já no disco: 143/143
2026-05-06 06:55:45,123 [INFO]   Todos os patches já existem. Pulando.
2026-05-06 06:55:45,125 [INFO] 
[39/88] Região: 00000000000000000026
2026-05-06 06:55:45,466 [INFO]   Grade: 156 patches (stride 230px = 0.009855° | patch 256px = 0.010970°)
2026-05-06 06:55:45,470 [INFO]   Já no disco: 156/156
2026-05-06 06:55:45,470 [INFO]   Todos os patches já existem. Pulando.
2026-05-06 06:55:45,473 [INFO] 
[40/88] Região: 00000000000000000027
2026-05-06 06:55:46,716 [INFO]   Grade: 100 patches (stride 230px = 0.009855° | patch 256px = 0.010970°)
2026-05-06 06:55:46,720 [INFO]   Já no disco: 100/100
2026-05-06 06:55:46,720 [INFO]   Todos os patches já existem. Pulando.
2026-05-06 06:55:46,723 [INFO] 
[41/88] Região: 00000000000000000028
2026-05-06 06:55:47,070 [INFO]   Grade: 100 patches (stride 230px = 0.009855° | patch 256px = 0.010970°)
2026-05-06 06:55:47,076 [INFO]   Já no disco: 100/100
2026-05-06 06:55:47,079 [INFO]   Todos os patches já existem. Pulando.
2026-05-06 06:55:47,081 [INFO] 
[42/88] Região: 00000000000000000029
2026-05-06 06:55:48,138 [INFO]   Grade: 121 patches (stride 230px = 0.009855° | patch 256px = 0.010970°)
2026-05-06 06:55:48,142 [INFO]   Já no disco: 121/121
2026-05-06 06:55:48,143 [INFO]   Todos os patches já existem. Pulando.
2026-05-06 06:55:48,143 [INFO] 
[43/88] Região: 0000000000000000002a
2026-05-06 06:55:48,541 [INFO]   Grade: 100 patches (stride 230px = 0.009855° | patch 256px = 0.010970°)
2026-05-06 06:55:48,544 [INFO]   Já no disco: 100/100
2026-05-06 06:55:48,545 [INFO]   Todos os patches já existem. Pulando.
2026-05-06 06:55:48,545 [INFO] 
[44/88] Região: 0000000000000000002b
2026-05-06 06:55:48,852 [INFO]   Grade: 144 patches (stride 230px = 0.009855° | patch 256px = 0.010970°)
2026-05-06 06:55:48,856 [INFO]   Já no disco: 144/144
2026-05-06 06:55:48,856 [INFO]   Todos os patches já existem. Pulando.
2026-05-06 06:55:48,856 [INFO] 
[45/88] Região: 0000000000000000002c
2026-05-06 06:55:49,191 [INFO]   Grade: 100 patches (stride 230px = 0.009855° | patch 256px = 0.010970°)
2026-05-06 06:55:49,197 [INFO]   Já no disco: 100/100
2026-05-06 06:55:49,199 [INFO]   Todos os patches já existem. Pulando.
2026-05-06 06:55:49,201 [INFO] 
[46/88] Região: 0000000000000000002d
2026-05-06 06:55:49,552 [INFO]   Grade: 182 patches (stride 230px = 0.009855° | patch 256px = 0.010970°)
2026-05-06 06:55:49,556 [INFO]   Já no disco: 182/182
2026-05-06 06:55:49,556 [INFO]   Todos os patches já existem. Pulando.
2026-05-06 06:55:49,556 [INFO] 
[47/88] Região: 0000000000000000002e
2026-05-06 06:55:49,960 [INFO]   Grade: 182 patches (stride 230px = 0.009855° | patch 256px = 0.010970°)
2026-05-06 06:55:49,964 [INFO]   Já no disco: 182/182
2026-05-06 06:55:49,964 [INFO]   Todos os patches já existem. Pulando.
2026-05-06 06:55:49,965 [INFO] 
[48/88] Região: 0000000000000000002f
2026-05-06 06:55:50,285 [INFO]   Grade: 100 patches (stride 230px = 0.009855° | patch 256px = 0.010970°)
2026-05-06 06:55:50,290 [INFO]   Já no disco: 100/100
2026-05-06 06:55:50,292 [INFO]   Todos os patches já existem. Pulando.
2026-05-06 06:55:50,295 [INFO] 
[49/88] Região: 00000000000000000030
2026-05-06 06:55:51,355 [INFO]   Grade: 144 patches (stride 230px = 0.009855° | patch 256px = 0.010970°)
2026-05-06 06:55:51,359 [INFO]   Já no disco: 144/144
2026-05-06 06:55:51,360 [INFO]   Todos os patches já existem. Pulando.
2026-05-06 06:55:51,360 [INFO] 
[50/88] Região: 00000000000000000031
2026-05-06 06:55:51,672 [INFO]   Grade: 100 patches (stride 230px = 0.009855° | patch 256px = 0.010970°)
2026-05-06 06:55:51,676 [INFO]   Já no disco: 100/100
2026-05-06 06:55:51,679 [INFO]   Todos os patches já existem. Pulando.
2026-05-06 06:55:51,680 [INFO] 
[51/88] Região: 00000000000000000032
2026-05-06 06:55:52,042 [INFO]   Grade: 100 patches (stride 230px = 0.009855° | patch 256px = 0.010970°)
2026-05-06 06:55:52,047 [INFO]   Já no disco: 100/100
2026-05-06 06:55:52,049 [INFO]   Todos os patches já existem. Pulando.
2026-05-06 06:55:52,052 [INFO] 
[52/88] Região: 00000000000000000033
2026-05-06 06:55:52,438 [INFO]   Grade: 100 patches (stride 230px = 0.009855° | patch 256px = 0.010970°)
2026-05-06 06:55:52,441 [INFO]   Já no disco: 100/100
2026-05-06 06:55:52,442 [INFO]   Todos os patches já existem. Pulando.
2026-05-06 06:55:52,442 [INFO] 
[53/88] Região: 00000000000000000034
2026-05-06 06:55:52,785 [INFO]   Grade: 100 patches (stride 230px = 0.009855° | patch 256px = 0.010970°)
2026-05-06 06:55:52,789 [INFO]   Já no disco: 100/100
2026-05-06 06:55:52,790 [INFO]   Todos os patches já existem. Pulando.
2026-05-06 06:55:52,790 [INFO] 
[54/88] Região: 00000000000000000035
2026-05-06 06:55:53,097 [INFO]   Grade: 100 patches (stride 230px = 0.009855° | patch 256px = 0.010970°)
2026-05-06 06:55:53,103 [INFO]   Já no disco: 100/100
2026-05-06 06:55:53,106 [INFO]   Todos os patches já existem. Pulando.
2026-05-06 06:55:53,108 [INFO] 
[55/88] Região: 00000000000000000036
2026-05-06 06:55:54,482 [INFO]   Grade: 132 patches (stride 230px = 0.009855° | patch 256px = 0.010970°)
2026-05-06 06:55:54,486 [INFO]   Já no disco: 132/132
2026-05-06 06:55:54,486 [INFO]   Todos os patches já existem. Pulando.
2026-05-06 06:55:54,486 [INFO] 
[56/88] Região: 00000000000000000037
2026-05-06 06:55:54,878 [INFO]   Grade: 168 patches (stride 230px = 0.009855° | patch 256px = 0.010970°)
2026-05-06 06:55:54,879 [INFO]   Já no disco: 168/168
2026-05-06 06:55:54,880 [INFO]   Todos os patches já existem. Pulando.
2026-05-06 06:55:54,880 [INFO] 
[57/88] Região: 00000000000000000038
2026-05-06 06:55:55,859 [INFO]   Grade: 234 patches (stride 230px = 0.009855° | patch 256px = 0.010970°)
2026-05-06 06:55:55,863 [INFO]   Já no disco: 234/234
2026-05-06 06:55:55,864 [INFO]   Todos os patches já existem. Pulando.
2026-05-06 06:55:55,864 [INFO] 
[58/88] Região: 00000000000000000039
2026-05-06 06:55:56,127 [INFO]   Grade: 100 patches (stride 230px = 0.009855° | patch 256px = 0.010970°)
2026-05-06 06:55:56,132 [INFO]   Já no disco: 100/100
2026-05-06 06:55:56,132 [INFO]   Todos os patches já existem. Pulando.
2026-05-06 06:55:56,133 [INFO] 
[59/88] Região: 0000000000000000003a
2026-05-06 06:55:56,493 [INFO]   Grade: 100 patches (stride 230px = 0.009855° | patch 256px = 0.010970°)
2026-05-06 06:55:56,496 [INFO]   Já no disco: 100/100
2026-05-06 06:55:56,499 [INFO]   Todos os patches já existem. Pulando.
2026-05-06 06:55:56,502 [INFO] 
[60/88] Região: 0000000000000000003b
2026-05-06 06:55:56,843 [INFO]   Grade: 361 patches (stride 230px = 0.009855° | patch 256px = 0.010970°)
2026-05-06 06:55:56,847 [INFO]   Já no disco: 361/361
2026-05-06 06:55:56,847 [INFO]   Todos os patches já existem. Pulando.
2026-05-06 06:55:56,847 [INFO] 
[61/88] Região: 0000000000000000003c
2026-05-06 06:55:57,148 [INFO]   Grade: 165 patches (stride 230px = 0.009855° | patch 256px = 0.010970°)
2026-05-06 06:55:57,154 [INFO]   Já no disco: 165/165
2026-05-06 06:55:57,156 [INFO]   Todos os patches já existem. Pulando.
2026-05-06 06:55:57,159 [INFO] 
[62/88] Região: 0000000000000000003d
2026-05-06 06:55:57,514 [INFO]   Grade: 169 patches (stride 230px = 0.009855° | patch 256px = 0.010970°)
2026-05-06 06:55:57,518 [INFO]   Já no disco: 169/169
2026-05-06 06:55:57,518 [INFO]   Todos os patches já existem. Pulando.
2026-05-06 06:55:57,519 [INFO] 
[63/88] Região: 0000000000000000003e
2026-05-06 06:55:57,812 [INFO]   Grade: 272 patches (stride 230px = 0.009855° | patch 256px = 0.010970°)
2026-05-06 06:55:57,816 [INFO]   Já no disco: 272/272
2026-05-06 06:55:57,817 [INFO]   Todos os patches já existem. Pulando.
2026-05-06 06:55:57,817 [INFO] 
[64/88] Região: 0000000000000000003f
2026-05-06 06:55:58,197 [INFO]   Grade: 100 patches (stride 230px = 0.009855° | patch 256px = 0.010970°)
2026-05-06 06:55:58,200 [INFO]   Já no disco: 100/100
2026-05-06 06:55:58,201 [INFO]   Todos os patches já existem. Pulando.
2026-05-06 06:55:58,201 [INFO] 
[65/88] Região: 00000000000000000040
2026-05-06 06:55:59,255 [INFO]   Grade: 132 patches (stride 230px = 0.009855° | patch 256px = 0.010970°)
2026-05-06 06:55:59,259 [INFO]   Já no disco: 132/132
2026-05-06 06:55:59,263 [INFO]   Todos os patches já existem. Pulando.
2026-05-06 06:55:59,263 [INFO] 
[66/88] Região: 00000000000000000041
2026-05-06 06:55:59,606 [INFO]   Grade: 352 patches (stride 230px = 0.009855° | patch 256px = 0.010970°)
2026-05-06 06:55:59,615 [INFO]   Já no disco: 352/352
2026-05-06 06:55:59,618 [INFO]   Todos os patches já existem. Pulando.
2026-05-06 06:55:59,621 [INFO] 
[67/88] Região: 00000000000000000042
2026-05-06 06:55:59,938 [INFO]   Grade: 255 patches (stride 230px = 0.009855° | patch 256px = 0.010970°)
2026-05-06 06:55:59,942 [INFO]   Já no disco: 255/255
2026-05-06 06:55:59,944 [INFO]   Todos os patches já existem. Pulando.
2026-05-06 06:55:59,945 [INFO] 
[68/88] Região: 00000000000000000043
2026-05-06 06:56:00,273 [INFO]   Grade: 132 patches (stride 230px = 0.009855° | patch 256px = 0.010970°)
2026-05-06 06:56:00,279 [INFO]   Já no disco: 132/132
2026-05-06 06:56:00,282 [INFO]   Todos os patches já existem. Pulando.
2026-05-06 06:56:00,285 [INFO] 
[69/88] Região: 00000000000000000044
2026-05-06 06:56:00,602 [INFO]   Grade: 100 patches (stride 230px = 0.009855° | patch 256px = 0.010970°)
2026-05-06 06:56:00,605 [INFO]   Já no disco: 100/100
2026-05-06 06:56:00,609 [INFO]   Todos os patches já existem. Pulando.
2026-05-06 06:56:00,609 [INFO] 
[70/88] Região: 00000000000000000045
2026-05-06 06:56:00,934 [INFO]   Grade: 252 patches (stride 230px = 0.009855° | patch 256px = 0.010970°)
2026-05-06 06:56:00,941 [INFO]   Já no disco: 252/252
2026-05-06 06:56:00,944 [INFO]   Todos os patches já existem. Pulando.
2026-05-06 06:56:00,947 [INFO] 
[71/88] Região: 00000000000000000046
2026-05-06 06:56:02,090 [INFO]   Grade: 110 patches (stride 230px = 0.009855° | patch 256px = 0.010970°)
2026-05-06 06:56:02,093 [INFO]   Já no disco: 110/110
2026-05-06 06:56:02,093 [INFO]   Todos os patches já existem. Pulando.
2026-05-06 06:56:02,094 [INFO] 
[72/88] Região: 00000000000000000047
2026-05-06 06:56:02,358 [INFO]   Grade: 100 patches (stride 230px = 0.009855° | patch 256px = 0.010970°)
2026-05-06 06:56:02,362 [INFO]   Já no disco: 100/100
2026-05-06 06:56:02,362 [INFO]   Todos os patches já existem. Pulando.
2026-05-06 06:56:02,362 [INFO] 
[73/88] Região: 00000000000000000048
2026-05-06 06:56:02,723 [INFO]   Grade: 100 patches (stride 230px = 0.009855° | patch 256px = 0.010970°)
2026-05-06 06:56:02,727 [INFO]   Já no disco: 100/100
2026-05-06 06:56:02,727 [INFO]   Todos os patches já existem. Pulando.
2026-05-06 06:56:02,728 [INFO] 
[74/88] Região: 00000000000000000049
2026-05-06 06:56:03,150 [INFO]   Grade: 374 patches (stride 230px = 0.009855° | patch 256px = 0.010970°)
2026-05-06 06:56:03,155 [INFO]   Já no disco: 374/374
2026-05-06 06:56:03,155 [INFO]   Todos os patches já existem. Pulando.
2026-05-06 06:56:03,155 [INFO] 
[75/88] Região: 0000000000000000004a
2026-05-06 06:56:04,130 [INFO]   Grade: 132 patches (stride 230px = 0.009855° | patch 256px = 0.010970°)
2026-05-06 06:56:04,134 [INFO]   Já no disco: 132/132
2026-05-06 06:56:04,134 [INFO]   Todos os patches já existem. Pulando.
2026-05-06 06:56:04,135 [INFO] 
[76/88] Região: 0000000000000000004b
2026-05-06 06:56:04,567 [INFO]   Grade: 144 patches (stride 230px = 0.009855° | patch 256px = 0.010970°)
2026-05-06 06:56:04,571 [INFO]   Já no disco: 144/144
2026-05-06 06:56:04,571 [INFO]   Todos os patches já existem. Pulando.
2026-05-06 06:56:04,571 [INFO] 
[77/88] Região: 0000000000000000004c
2026-05-06 06:56:04,877 [INFO]   Grade: 120 patches (stride 230px = 0.009855° | patch 256px = 0.010970°)
2026-05-06 06:56:04,882 [INFO]   Já no disco: 120/120
2026-05-06 06:56:04,882 [INFO]   Todos os patches já existem. Pulando.
2026-05-06 06:56:04,882 [INFO] 
[78/88] Região: 0000000000000000004d
2026-05-06 06:56:05,206 [INFO]   Grade: 132 patches (stride 230px = 0.009855° | patch 256px = 0.010970°)
2026-05-06 06:56:05,209 [INFO]   Já no disco: 132/132
2026-05-06 06:56:05,209 [INFO]   Todos os patches já existem. Pulando.
2026-05-06 06:56:05,210 [INFO] 
[79/88] Região: 0000000000000000004e
2026-05-06 06:56:06,277 [INFO]   Grade: 110 patches (stride 230px = 0.009855° | patch 256px = 0.010970°)
2026-05-06 06:56:06,281 [INFO]   Já no disco: 110/110
2026-05-06 06:56:06,281 [INFO]   Todos os patches já existem. Pulando.
2026-05-06 06:56:06,281 [INFO] 
[80/88] Região: 0000000000000000004f
2026-05-06 06:56:06,814 [INFO]   Grade: 121 patches (stride 230px = 0.009855° | patch 256px = 0.010970°)
2026-05-06 06:56:06,819 [INFO]   Já no disco: 121/121
2026-05-06 06:56:06,819 [INFO]   Todos os patches já existem. Pulando.
2026-05-06 06:56:06,820 [INFO] 
[81/88] Região: 00000000000000000050
2026-05-06 06:56:07,825 [INFO]   Grade: 110 patches (stride 230px = 0.009855° | patch 256px = 0.010970°)
2026-05-06 06:56:07,837 [INFO]   Já no disco: 110/110
2026-05-06 06:56:07,837 [INFO]   Todos os patches já existem. Pulando.
2026-05-06 06:56:07,838 [INFO] 
[82/88] Região: 00000000000000000051
2026-05-06 06:56:08,202 [INFO]   Grade: 121 patches (stride 230px = 0.009855° | patch 256px = 0.010970°)
2026-05-06 06:56:08,206 [INFO]   Já no disco: 121/121
2026-05-06 06:56:08,210 [INFO]   Todos os patches já existem. Pulando.
2026-05-06 06:56:08,210 [INFO] 
[83/88] Região: 00000000000000000052
2026-05-06 06:56:09,369 [INFO]   Grade: 110 patches (stride 230px = 0.009855° | patch 256px = 0.010970°)
2026-05-06 06:56:09,373 [INFO]   Já no disco: 110/110
2026-05-06 06:56:09,373 [INFO]   Todos os patches já existem. Pulando.
2026-05-06 06:56:09,373 [INFO] 
[84/88] Região: 00000000000000000053
2026-05-06 06:56:09,633 [INFO]   Grade: 100 patches (stride 230px = 0.009855° | patch 256px = 0.010970°)
2026-05-06 06:56:09,637 [INFO]   Já no disco: 100/100
2026-05-06 06:56:09,640 [INFO]   Todos os patches já existem. Pulando.
2026-05-06 06:56:09,643 [INFO] 
[85/88] Região: 00000000000000000054
2026-05-06 06:56:10,001 [INFO]   Grade: 224 patches (stride 230px = 0.009855° | patch 256px = 0.010970°)
2026-05-06 06:56:10,005 [INFO]   Já no disco: 224/224
2026-05-06 06:56:10,005 [INFO]   Todos os patches já existem. Pulando.
2026-05-06 06:56:10,005 [INFO] 
[86/88] Região: 00000000000000000055
2026-05-06 06:56:10,359 [INFO]   Grade: 110 patches (stride 230px = 0.009855° | patch 256px = 0.010970°)
2026-05-06 06:56:10,363 [INFO]   Já no disco: 110/110
2026-05-06 06:56:10,363 [INFO]   Todos os patches já existem. Pulando.
2026-05-06 06:56:10,363 [INFO] 
[87/88] Região: 00000000000000000056
2026-05-06 06:56:10,694 [INFO]   Grade: 132 patches (stride 230px = 0.009855° | patch 256px = 0.010970°)
2026-05-06 06:56:10,699 [INFO]   Já no disco: 132/132
2026-05-06 06:56:10,701 [INFO]   Todos os patches já existem. Pulando.
2026-05-06 06:56:10,702 [INFO] 
[88/88] Região: 00000000000000000057
2026-05-06 06:56:10,962 [INFO]   Grade: 120 patches (stride 230px = 0.009855° | patch 256px = 0.010970°)
2026-05-06 06:56:10,967 [INFO]   Já no disco: 120/120
2026-05-06 06:56:10,970 [INFO]   Todos os patches já existem. Pulando.
2026-05-06 06:56:10,972 [INFO] 
============================================================
2026-05-06 06:56:10,977 [INFO] --- Ano 2018 ---
2026-05-06 06:56:11,979 [INFO] 
[1/88] Região: 00000000000000000000
2026-05-06 06:56:12,323 [INFO]   Grade: 121 patches (stride 230px = 0.009855° | patch 256px = 0.010970°)
2026-05-06 06:56:12,326 [INFO]   Já no disco: 121/121
2026-05-06 06:56:12,327 [INFO]   Todos os patches já existem. Pulando.
2026-05-06 06:56:12,327 [INFO] 
[2/88] Região: 00000000000000000001
2026-05-06 06:56:12,662 [INFO]   Grade: 120 patches (stride 230px = 0.009855° | patch 256px = 0.010970°)
2026-05-06 06:56:12,666 [INFO]   Já no disco: 120/120
2026-05-06 06:56:12,669 [INFO]   Todos os patches já existem. Pulando.
2026-05-06 06:56:12,672 [INFO] 
[3/88] Região: 00000000000000000002
2026-05-06 06:56:13,092 [INFO]   Grade: 132 patches (stride 230px = 0.009855° | patch 256px = 0.010970°)
2026-05-06 06:56:13,096 [INFO]   Já no disco: 132/132
2026-05-06 06:56:13,097 [INFO]   Todos os patches já existem. Pulando.
2026-05-06 06:56:13,097 [INFO] 
[4/88] Região: 00000000000000000003
2026-05-06 06:56:13,492 [INFO]   Grade: 63 patches (stride 230px = 0.009855° | patch 256px = 0.010970°)
2026-05-06 06:56:13,496 [INFO]   Já no disco: 63/63
2026-05-06 06:56:13,497 [INFO]   Todos os patches já existem. Pulando.
2026-05-06 06:56:13,500 [INFO] 
[5/88] Região: 00000000000000000004
2026-05-06 06:56:13,797 [INFO]   Grade: 9 patches (stride 230px = 0.009855° | patch 256px = 0.010970°)
2026-05-06 06:56:13,800 [INFO]   Já no disco: 9/9
2026-05-06 06:56:13,802 [INFO]   Todos os patches já existem. Pulando.
2026-05-06 06:56:13,804 [INFO] 
[6/88] Região: 00000000000000000005
2026-05-06 06:56:14,135 [INFO]   Grade: 90 patches (stride 230px = 0.009855° | patch 256px = 0.010970°)
2026-05-06 06:56:14,140 [INFO]   Já no disco: 90/90
2026-05-06 06:56:14,142 [INFO]   Todos os patches já existem. Pulando.
2026-05-06 06:56:14,145 [INFO] 
[7/88] Região: 00000000000000000006
2026-05-06 06:56:14,485 [INFO]   Grade: 238 patches (stride 230px = 0.009855° | patch 256px = 0.010970°)
2026-05-06 06:56:14,490 [INFO]   Já no disco: 238/238
2026-05-06 06:56:14,490 [INFO]   Todos os patches já existem. Pulando.
2026-05-06 06:56:14,493 [INFO] 
[8/88] Região: 00000000000000000007
2026-05-06 06:56:14,764 [INFO]   Grade: 110 patches (stride 230px = 0.009855° | patch 256px = 0.010970°)
2026-05-06 06:56:14,770 [INFO]   Já no disco: 110/110
2026-05-06 06:56:14,772 [INFO]   Todos os patches já existem. Pulando.
2026-05-06 06:56:14,775 [INFO] 
[9/88] Região: 00000000000000000008
2026-05-06 06:56:15,034 [INFO]   Grade: 132 patches (stride 230px = 0.009855° | patch 256px = 0.010970°)
2026-05-06 06:56:15,037 [INFO]   Já no disco: 132/132
2026-05-06 06:56:15,038 [INFO]   Todos os patches já existem. Pulando.
2026-05-06 06:56:15,038 [INFO] 
[10/88] Região: 00000000000000000009
2026-05-06 06:56:15,473 [INFO]   Grade: 121 patches (stride 230px = 0.009855° | patch 256px = 0.010970°)
2026-05-06 06:56:15,476 [INFO]   Já no disco: 121/121
2026-05-06 06:56:15,477 [INFO]   Todos os patches já existem. Pulando.
2026-05-06 06:56:15,477 [INFO] 
[11/88] Região: 0000000000000000000a
2026-05-06 06:56:15,832 [INFO]   Grade: 156 patches (stride 230px = 0.009855° | patch 256px = 0.010970°)
2026-05-06 06:56:15,836 [INFO]   Já no disco: 156/156
2026-05-06 06:56:15,836 [INFO]   Todos os patches já existem. Pulando.
2026-05-06 06:56:15,836 [INFO] 
[12/88] Região: 0000000000000000000b
2026-05-06 06:56:16,160 [INFO]   Grade: 240 patches (stride 230px = 0.009855° | patch 256px = 0.010970°)
2026-05-06 06:56:16,163 [INFO]   Já no disco: 240/240
2026-05-06 06:56:16,164 [INFO]   Todos os patches já existem. Pulando.
2026-05-06 06:56:16,165 [INFO] 
[13/88] Região: 0000000000000000000c
2026-05-06 06:56:16,486 [INFO]   Grade: 120 patches (stride 230px = 0.009855° | patch 256px = 0.010970°)
2026-05-06 06:56:16,490 [INFO]   Já no disco: 120/120
2026-05-06 06:56:16,493 [INFO]   Todos os patches já existem. Pulando.
2026-05-06 06:56:16,496 [INFO] 
[14/88] Região: 0000000000000000000d
2026-05-06 06:56:16,791 [INFO]   Grade: 156 patches (stride 230px = 0.009855° | patch 256px = 0.010970°)
2026-05-06 06:56:16,794 [INFO]   Já no disco: 156/156
2026-05-06 06:56:16,795 [INFO]   Todos os patches já existem. Pulando.
2026-05-06 06:56:16,795 [INFO] 
[15/88] Região: 0000000000000000000e
2026-05-06 06:56:17,170 [INFO]   Grade: 121 patches (stride 230px = 0.009855° | patch 256px = 0.010970°)
2026-05-06 06:56:17,174 [INFO]   Já no disco: 121/121
2026-05-06 06:56:17,175 [INFO]   Todos os patches já existem. Pulando.
2026-05-06 06:56:17,175 [INFO] 
[16/88] Região: 0000000000000000000f
2026-05-06 06:56:17,486 [INFO]   Grade: 121 patches (stride 230px = 0.009855° | patch 256px = 0.010970°)
2026-05-06 06:56:17,490 [INFO]   Já no disco: 121/121
2026-05-06 06:56:17,493 [INFO]   Todos os patches já existem. Pulando.
2026-05-06 06:56:17,496 [INFO] 
[17/88] Região: 00000000000000000010
2026-05-06 06:56:17,762 [INFO]   Grade: 120 patches (stride 230px = 0.009855° | patch 256px = 0.010970°)
2026-05-06 06:56:17,766 [INFO]   Já no disco: 120/120
2026-05-06 06:56:17,766 [INFO]   Todos os patches já existem. Pulando.
2026-05-06 06:56:17,767 [INFO] 
[18/88] Região: 00000000000000000011
2026-05-06 06:56:18,753 [INFO]   Grade: 110 patches (stride 230px = 0.009855° | patch 256px = 0.010970°)
2026-05-06 06:56:18,757 [INFO]   Já no disco: 110/110
2026-05-06 06:56:18,758 [INFO]   Todos os patches já existem. Pulando.
2026-05-06 06:56:18,758 [INFO] 
[19/88] Região: 00000000000000000012
2026-05-06 06:56:19,079 [INFO]   Grade: 110 patches (stride 230px = 0.009855° | patch 256px = 0.010970°)
2026-05-06 06:56:19,084 [INFO]   Já no disco: 110/110
2026-05-06 06:56:19,086 [INFO]   Todos os patches já existem. Pulando.
2026-05-06 06:56:19,089 [INFO] 
[20/88] Região: 00000000000000000013
2026-05-06 06:56:19,469 [INFO]   Grade: 576 patches (stride 230px = 0.009855° | patch 256px = 0.010970°)
2026-05-06 06:56:19,473 [INFO]   Já no disco: 576/576
2026-05-06 06:56:19,474 [INFO]   Todos os patches já existem. Pulando.
2026-05-06 06:56:19,474 [INFO] 
[21/88] Região: 00000000000000000014
2026-05-06 06:56:19,786 [INFO]   Grade: 130 patches (stride 230px = 0.009855° | patch 256px = 0.010970°)
2026-05-06 06:56:19,791 [INFO]   Já no disco: 130/130
2026-05-06 06:56:19,792 [INFO]   Todos os patches já existem. Pulando.
2026-05-06 06:56:19,792 [INFO] 
[22/88] Região: 00000000000000000015
2026-05-06 06:56:20,184 [INFO]   Grade: 357 patches (stride 230px = 0.009855° | patch 256px = 0.010970°)
2026-05-06 06:56:20,188 [INFO]   Já no disco: 357/357
2026-05-06 06:56:20,188 [INFO]   Todos os patches já existem. Pulando.
2026-05-06 06:56:20,188 [INFO] 
[23/88] Região: 00000000000000000016
2026-05-06 06:56:20,461 [INFO]   Grade: 182 patches (stride 230px = 0.009855° | patch 256px = 0.010970°)
2026-05-06 06:56:20,466 [INFO]   Já no disco: 182/182
2026-05-06 06:56:20,467 [INFO]   Todos os patches já existem. Pulando.
2026-05-06 06:56:20,467 [INFO] 
[24/88] Região: 00000000000000000017
2026-05-06 06:56:20,729 [INFO]   Grade: 140 patches (stride 230px = 0.009855° | patch 256px = 0.010970°)
2026-05-06 06:56:20,734 [INFO]   Já no disco: 140/140
2026-05-06 06:56:20,736 [INFO]   Todos os patches já existem. Pulando.
2026-05-06 06:56:20,739 [INFO] 
[25/88] Região: 00000000000000000018
2026-05-06 06:56:21,064 [INFO]   Grade: 156 patches (stride 230px = 0.009855° | patch 256px = 0.010970°)
2026-05-06 06:56:21,068 [INFO]   Já no disco: 156/156
2026-05-06 06:56:21,068 [INFO]   Todos os patches já existem. Pulando.
2026-05-06 06:56:21,069 [INFO] 
[26/88] Região: 00000000000000000019
2026-05-06 06:56:22,137 [INFO]   Grade: 100 patches (stride 230px = 0.009855° | patch 256px = 0.010970°)
2026-05-06 06:56:22,143 [INFO]   Já no disco: 100/100
2026-05-06 06:56:22,144 [INFO]   Todos os patches já existem. Pulando.
2026-05-06 06:56:22,144 [INFO] 
[27/88] Região: 0000000000000000001a
2026-05-06 06:56:22,510 [INFO]   Grade: 110 patches (stride 230px = 0.009855° | patch 256px = 0.010970°)
2026-05-06 06:56:22,516 [INFO]   Já no disco: 110/110
2026-05-06 06:56:22,517 [INFO]   Todos os patches já existem. Pulando.
2026-05-06 06:56:22,517 [INFO] 
[28/88] Região: 0000000000000000001b
2026-05-06 06:56:22,868 [INFO]   Grade: 594 patches (stride 230px = 0.009855° | patch 256px = 0.010970°)
2026-05-06 06:56:22,876 [INFO]   Já no disco: 594/594
2026-05-06 06:56:22,876 [INFO]   Todos os patches já existem. Pulando.
2026-05-06 06:56:22,877 [INFO] 
[29/88] Região: 0000000000000000001c
2026-05-06 06:56:23,217 [INFO]   Grade: 255 patches (stride 230px = 0.009855° | patch 256px = 0.010970°)
2026-05-06 06:56:23,223 [INFO]   Já no disco: 255/255
2026-05-06 06:56:23,225 [INFO]   Todos os patches já existem. Pulando.
2026-05-06 06:56:23,226 [INFO] 
[30/88] Região: 0000000000000000001d
2026-05-06 06:56:23,513 [INFO]   Grade: 100 patches (stride 230px = 0.009855° | patch 256px = 0.010970°)
2026-05-06 06:56:23,516 [INFO]   Já no disco: 100/100
2026-05-06 06:56:23,520 [INFO]   Todos os patches já existem. Pulando.
2026-05-06 06:56:23,523 [INFO] 
[31/88] Região: 0000000000000000001e
2026-05-06 06:56:23,841 [INFO]   Grade: 100 patches (stride 230px = 0.009855° | patch 256px = 0.010970°)
2026-05-06 06:56:23,846 [INFO]   Já no disco: 100/100
2026-05-06 06:56:23,846 [INFO]   Todos os patches já existem. Pulando.
2026-05-06 06:56:23,847 [INFO] 
[32/88] Região: 0000000000000000001f
2026-05-06 06:56:25,018 [INFO]   Grade: 238 patches (stride 230px = 0.009855° | patch 256px = 0.010970°)
2026-05-06 06:56:25,022 [INFO]   Já no disco: 238/238
2026-05-06 06:56:25,022 [INFO]   Todos os patches já existem. Pulando.
2026-05-06 06:56:25,023 [INFO] 
[33/88] Região: 00000000000000000020
2026-05-06 06:56:26,097 [INFO]   Grade: 225 patches (stride 230px = 0.009855° | patch 256px = 0.010970°)
2026-05-06 06:56:26,103 [INFO]   Já no disco: 225/225
2026-05-06 06:56:26,103 [INFO]   Todos os patches já existem. Pulando.
2026-05-06 06:56:26,104 [INFO] 
[34/88] Região: 00000000000000000021
2026-05-06 06:56:26,469 [INFO]   Grade: 100 patches (stride 230px = 0.009855° | patch 256px = 0.010970°)
2026-05-06 06:56:26,473 [INFO]   Já no disco: 100/100
2026-05-06 06:56:26,476 [INFO]   Todos os patches já existem. Pulando.
2026-05-06 06:56:26,478 [INFO] 
[35/88] Região: 00000000000000000022
2026-05-06 06:56:27,538 [INFO]   Grade: 221 patches (stride 230px = 0.009855° | patch 256px = 0.010970°)
2026-05-06 06:56:27,543 [INFO]   Já no disco: 221/221
2026-05-06 06:56:27,544 [INFO]   Todos os patches já existem. Pulando.
2026-05-06 06:56:27,544 [INFO] 
[36/88] Região: 00000000000000000023
2026-05-06 06:56:27,934 [INFO]   Grade: 195 patches (stride 230px = 0.009855° | patch 256px = 0.010970°)
2026-05-06 06:56:27,938 [INFO]   Já no disco: 195/195
2026-05-06 06:56:27,938 [INFO]   Todos os patches já existem. Pulando.
2026-05-06 06:56:27,938 [INFO] 
[37/88] Região: 00000000000000000024
2026-05-06 06:56:28,220 [INFO]   Grade: 100 patches (stride 230px = 0.009855° | patch 256px = 0.010970°)
2026-05-06 06:56:28,224 [INFO]   Já no disco: 100/100
2026-05-06 06:56:28,225 [INFO]   Todos os patches já existem. Pulando.
2026-05-06 06:56:28,225 [INFO] 
[38/88] Região: 00000000000000000025
2026-05-06 06:56:28,591 [INFO]   Grade: 143 patches (stride 230px = 0.009855° | patch 256px = 0.010970°)
2026-05-06 06:56:28,597 [INFO]   Já no disco: 143/143
2026-05-06 06:56:28,599 [INFO]   Todos os patches já existem. Pulando.
2026-05-06 06:56:28,602 [INFO] 
[39/88] Região: 00000000000000000026
2026-05-06 06:56:28,971 [INFO]   Grade: 156 patches (stride 230px = 0.009855° | patch 256px = 0.010970°)
2026-05-06 06:56:28,976 [INFO]   Já no disco: 156/156
2026-05-06 06:56:28,976 [INFO]   Todos os patches já existem. Pulando.
2026-05-06 06:56:28,977 [INFO] 
[40/88] Região: 00000000000000000027
2026-05-06 06:56:29,992 [INFO]   Grade: 100 patches (stride 230px = 0.009855° | patch 256px = 0.010970°)
2026-05-06 06:56:29,995 [INFO]   Já no disco: 100/100
2026-05-06 06:56:29,999 [INFO]   Todos os patches já existem. Pulando.
2026-05-06 06:56:30,000 [INFO] 
[41/88] Região: 00000000000000000028
2026-05-06 06:56:30,298 [INFO]   Grade: 100 patches (stride 230px = 0.009855° | patch 256px = 0.010970°)
2026-05-06 06:56:30,303 [INFO]   Já no disco: 100/100
2026-05-06 06:56:30,305 [INFO]   Todos os patches já existem. Pulando.
2026-05-06 06:56:30,308 [INFO] 
[42/88] Região: 00000000000000000029
2026-05-06 06:56:30,602 [INFO]   Grade: 121 patches (stride 230px = 0.009855° | patch 256px = 0.010970°)
2026-05-06 06:56:30,606 [INFO]   Já no disco: 121/121
2026-05-06 06:56:30,606 [INFO]   Todos os patches já existem. Pulando.
2026-05-06 06:56:30,606 [INFO] 
[43/88] Região: 0000000000000000002a
2026-05-06 06:56:30,894 [INFO]   Grade: 100 patches (stride 230px = 0.009855° | patch 256px = 0.010970°)
2026-05-06 06:56:30,898 [INFO]   Já no disco: 100/100
2026-05-06 06:56:30,900 [INFO]   Todos os patches já existem. Pulando.
2026-05-06 06:56:30,902 [INFO] 
[44/88] Região: 0000000000000000002b
2026-05-06 06:56:31,171 [INFO]   Grade: 144 patches (stride 230px = 0.009855° | patch 256px = 0.010970°)
2026-05-06 06:56:31,179 [INFO]   Já no disco: 144/144
2026-05-06 06:56:31,182 [INFO]   Todos os patches já existem. Pulando.
2026-05-06 06:56:31,185 [INFO] 
[45/88] Região: 0000000000000000002c
2026-05-06 06:56:32,174 [INFO]   Grade: 100 patches (stride 230px = 0.009855° | patch 256px = 0.010970°)
2026-05-06 06:56:32,178 [INFO]   Já no disco: 100/100
2026-05-06 06:56:32,178 [INFO]   Todos os patches já existem. Pulando.
2026-05-06 06:56:32,178 [INFO] 
[46/88] Região: 0000000000000000002d
2026-05-06 06:56:32,464 [INFO]   Grade: 182 patches (stride 230px = 0.009855° | patch 256px = 0.010970°)
2026-05-06 06:56:32,469 [INFO]   Já no disco: 182/182
2026-05-06 06:56:32,469 [INFO]   Todos os patches já existem. Pulando.
2026-05-06 06:56:32,470 [INFO] 
[47/88] Região: 0000000000000000002e
2026-05-06 06:56:32,764 [INFO]   Grade: 182 patches (stride 230px = 0.009855° | patch 256px = 0.010970°)
2026-05-06 06:56:32,771 [INFO]   Já no disco: 182/182
2026-05-06 06:56:32,773 [INFO]   Todos os patches já existem. Pulando.
2026-05-06 06:56:32,775 [INFO] 
[48/88] Região: 0000000000000000002f
2026-05-06 06:56:33,106 [INFO]   Grade: 100 patches (stride 230px = 0.009855° | patch 256px = 0.010970°)
2026-05-06 06:56:33,109 [INFO]   Já no disco: 100/100
2026-05-06 06:56:33,110 [INFO]   Todos os patches já existem. Pulando.
2026-05-06 06:56:33,110 [INFO] 
[49/88] Região: 00000000000000000030
2026-05-06 06:56:33,442 [INFO]   Grade: 144 patches (stride 230px = 0.009855° | patch 256px = 0.010970°)
2026-05-06 06:56:33,447 [INFO]   Já no disco: 144/144
2026-05-06 06:56:33,447 [INFO]   Todos os patches já existem. Pulando.
2026-05-06 06:56:33,447 [INFO] 
[50/88] Região: 00000000000000000031
2026-05-06 06:56:33,781 [INFO]   Grade: 100 patches (stride 230px = 0.009855° | patch 256px = 0.010970°)
2026-05-06 06:56:33,785 [INFO]   Já no disco: 100/100
2026-05-06 06:56:33,787 [INFO]   Todos os patches já existem. Pulando.
2026-05-06 06:56:33,789 [INFO] 
[51/88] Região: 00000000000000000032
2026-05-06 06:56:34,246 [INFO]   Grade: 100 patches (stride 230px = 0.009855° | patch 256px = 0.010970°)
2026-05-06 06:56:34,249 [INFO]   Já no disco: 100/100
2026-05-06 06:56:34,251 [INFO]   Todos os patches já existem. Pulando.
2026-05-06 06:56:34,251 [INFO] 
[52/88] Região: 00000000000000000033
2026-05-06 06:56:35,803 [INFO]   Grade: 100 patches (stride 230px = 0.009855° | patch 256px = 0.010970°)
2026-05-06 06:56:35,807 [INFO]   Já no disco: 100/100
2026-05-06 06:56:35,808 [INFO]   Todos os patches já existem. Pulando.
2026-05-06 06:56:35,808 [INFO] 
[53/88] Região: 00000000000000000034
2026-05-06 06:56:36,187 [INFO]   Grade: 100 patches (stride 230px = 0.009855° | patch 256px = 0.010970°)
2026-05-06 06:56:36,193 [INFO]   Já no disco: 100/100
2026-05-06 06:56:36,194 [INFO]   Todos os patches já existem. Pulando.
2026-05-06 06:56:36,194 [INFO] 
[54/88] Região: 00000000000000000035
2026-05-06 06:56:36,457 [INFO]   Grade: 100 patches (stride 230px = 0.009855° | patch 256px = 0.010970°)
2026-05-06 06:56:36,461 [INFO]   Já no disco: 100/100
2026-05-06 06:56:36,463 [INFO]   Todos os patches já existem. Pulando.
2026-05-06 06:56:36,465 [INFO] 
[55/88] Região: 00000000000000000036
2026-05-06 06:56:36,725 [INFO]   Grade: 132 patches (stride 230px = 0.009855° | patch 256px = 0.010970°)
2026-05-06 06:56:36,730 [INFO]   Já no disco: 132/132
2026-05-06 06:56:36,732 [INFO]   Todos os patches já existem. Pulando.
2026-05-06 06:56:36,735 [INFO] 
[56/88] Região: 00000000000000000037
2026-05-06 06:56:37,055 [INFO]   Grade: 168 patches (stride 230px = 0.009855° | patch 256px = 0.010970°)
2026-05-06 06:56:37,059 [INFO]   Já no disco: 168/168
2026-05-06 06:56:37,060 [INFO]   Todos os patches já existem. Pulando.
2026-05-06 06:56:37,060 [INFO] 
[57/88] Região: 00000000000000000038
2026-05-06 06:56:38,081 [INFO]   Grade: 234 patches (stride 230px = 0.009855° | patch 256px = 0.010970°)
2026-05-06 06:56:38,086 [INFO]   Já no disco: 234/234
2026-05-06 06:56:38,087 [INFO]   Todos os patches já existem. Pulando.
2026-05-06 06:56:38,087 [INFO] 
[58/88] Região: 00000000000000000039
2026-05-06 06:56:38,431 [INFO]   Grade: 100 patches (stride 230px = 0.009855° | patch 256px = 0.010970°)
2026-05-06 06:56:38,437 [INFO]   Já no disco: 100/100
2026-05-06 06:56:38,439 [INFO]   Todos os patches já existem. Pulando.
2026-05-06 06:56:38,441 [INFO] 
[59/88] Região: 0000000000000000003a
2026-05-06 06:56:38,770 [INFO]   Grade: 100 patches (stride 230px = 0.009855° | patch 256px = 0.010970°)
2026-05-06 06:56:38,774 [INFO]   Já no disco: 100/100
2026-05-06 06:56:38,774 [INFO]   Todos os patches já existem. Pulando.
2026-05-06 06:56:38,775 [INFO] 
[60/88] Região: 0000000000000000003b
2026-05-06 06:56:39,055 [INFO]   Grade: 361 patches (stride 230px = 0.009855° | patch 256px = 0.010970°)
2026-05-06 06:56:39,060 [INFO]   Já no disco: 361/361
2026-05-06 06:56:39,060 [INFO]   Todos os patches já existem. Pulando.
2026-05-06 06:56:39,063 [INFO] 
[61/88] Região: 0000000000000000003c
2026-05-06 06:56:39,351 [INFO]   Grade: 165 patches (stride 230px = 0.009855° | patch 256px = 0.010970°)
2026-05-06 06:56:39,356 [INFO]   Já no disco: 165/165
2026-05-06 06:56:39,358 [INFO]   Todos os patches já existem. Pulando.
2026-05-06 06:56:39,359 [INFO] 
[62/88] Região: 0000000000000000003d
2026-05-06 06:56:40,527 [INFO]   Grade: 169 patches (stride 230px = 0.009855° | patch 256px = 0.010970°)
2026-05-06 06:56:40,532 [INFO]   Já no disco: 169/169
2026-05-06 06:56:40,533 [INFO]   Todos os patches já existem. Pulando.
2026-05-06 06:56:40,533 [INFO] 
[63/88] Região: 0000000000000000003e
2026-05-06 06:56:41,738 [INFO]   Grade: 272 patches (stride 230px = 0.009855° | patch 256px = 0.010970°)
2026-05-06 06:56:41,743 [INFO]   Já no disco: 272/272
2026-05-06 06:56:41,744 [INFO]   Todos os patches já existem. Pulando.
2026-05-06 06:56:41,744 [INFO] 
[64/88] Região: 0000000000000000003f
2026-05-06 06:56:42,899 [INFO]   Grade: 100 patches (stride 230px = 0.009855° | patch 256px = 0.010970°)
2026-05-06 06:56:42,903 [INFO]   Já no disco: 100/100
2026-05-06 06:56:42,903 [INFO]   Todos os patches já existem. Pulando.
2026-05-06 06:56:42,904 [INFO] 
[65/88] Região: 00000000000000000040
2026-05-06 06:56:43,878 [INFO]   Grade: 132 patches (stride 230px = 0.009855° | patch 256px = 0.010970°)
2026-05-06 06:56:43,883 [INFO]   Já no disco: 132/132
2026-05-06 06:56:43,884 [INFO]   Todos os patches já existem. Pulando.
2026-05-06 06:56:43,884 [INFO] 
[66/88] Região: 00000000000000000041
2026-05-06 06:56:44,167 [INFO]   Grade: 352 patches (stride 230px = 0.009855° | patch 256px = 0.010970°)
2026-05-06 06:56:44,175 [INFO]   Já no disco: 352/352
2026-05-06 06:56:44,178 [INFO]   Todos os patches já existem. Pulando.
2026-05-06 06:56:44,181 [INFO] 
[67/88] Região: 00000000000000000042
2026-05-06 06:56:44,482 [INFO]   Grade: 255 patches (stride 230px = 0.009855° | patch 256px = 0.010970°)
2026-05-06 06:56:44,486 [INFO]   Já no disco: 255/255
2026-05-06 06:56:44,487 [INFO]   Todos os patches já existem. Pulando.
2026-05-06 06:56:44,487 [INFO] 
[68/88] Região: 00000000000000000043
2026-05-06 06:56:44,811 [INFO]   Grade: 132 patches (stride 230px = 0.009855° | patch 256px = 0.010970°)
2026-05-06 06:56:44,817 [INFO]   Já no disco: 132/132
2026-05-06 06:56:44,819 [INFO]   Todos os patches já existem. Pulando.
2026-05-06 06:56:44,822 [INFO] 
[69/88] Região: 00000000000000000044
2026-05-06 06:56:45,134 [INFO]   Grade: 100 patches (stride 230px = 0.009855° | patch 256px = 0.010970°)
2026-05-06 06:56:45,138 [INFO]   Já no disco: 100/100
2026-05-06 06:56:45,138 [INFO]   Todos os patches já existem. Pulando.
2026-05-06 06:56:45,139 [INFO] 
[70/88] Região: 00000000000000000045
2026-05-06 06:56:46,126 [INFO]   Grade: 252 patches (stride 230px = 0.009855° | patch 256px = 0.010970°)
2026-05-06 06:56:46,130 [INFO]   Já no disco: 252/252
2026-05-06 06:56:46,131 [INFO]   Todos os patches já existem. Pulando.
2026-05-06 06:56:46,131 [INFO] 
[71/88] Região: 00000000000000000046
2026-05-06 06:56:46,571 [INFO]   Grade: 110 patches (stride 230px = 0.009855° | patch 256px = 0.010970°)
2026-05-06 06:56:46,576 [INFO]   Já no disco: 110/110
2026-05-06 06:56:46,576 [INFO]   Todos os patches já existem. Pulando.
2026-05-06 06:56:46,576 [INFO] 
[72/88] Região: 00000000000000000047
2026-05-06 06:56:46,851 [INFO]   Grade: 100 patches (stride 230px = 0.009855° | patch 256px = 0.010970°)
2026-05-06 06:56:46,855 [INFO]   Já no disco: 100/100
2026-05-06 06:56:46,857 [INFO]   Todos os patches já existem. Pulando.
2026-05-06 06:56:46,859 [INFO] 
[73/88] Região: 00000000000000000048
2026-05-06 06:56:47,910 [INFO]   Grade: 100 patches (stride 230px = 0.009855° | patch 256px = 0.010970°)
2026-05-06 06:56:47,914 [INFO]   Já no disco: 100/100
2026-05-06 06:56:47,914 [INFO]   Todos os patches já existem. Pulando.
2026-05-06 06:56:47,915 [INFO] 
[74/88] Região: 00000000000000000049
2026-05-06 06:56:49,075 [INFO]   Grade: 374 patches (stride 230px = 0.009855° | patch 256px = 0.010970°)
2026-05-06 06:56:49,079 [INFO]   Já no disco: 374/374
2026-05-06 06:56:49,080 [INFO]   Todos os patches já existem. Pulando.
2026-05-06 06:56:49,080 [INFO] 
[75/88] Região: 0000000000000000004a
2026-05-06 06:56:49,354 [INFO]   Grade: 132 patches (stride 230px = 0.009855° | patch 256px = 0.010970°)
2026-05-06 06:56:49,360 [INFO]   Já no disco: 132/132
2026-05-06 06:56:49,363 [INFO]   Todos os patches já existem. Pulando.
2026-05-06 06:56:49,366 [INFO] 
[76/88] Região: 0000000000000000004b
2026-05-06 06:56:49,726 [INFO]   Grade: 144 patches (stride 230px = 0.009855° | patch 256px = 0.010970°)
2026-05-06 06:56:49,730 [INFO]   Já no disco: 144/144
2026-05-06 06:56:49,730 [INFO]   Todos os patches já existem. Pulando.
2026-05-06 06:56:49,730 [INFO] 
[77/88] Região: 0000000000000000004c
2026-05-06 06:56:50,128 [INFO]   Grade: 120 patches (stride 230px = 0.009855° | patch 256px = 0.010970°)
2026-05-06 06:56:50,133 [INFO]   Já no disco: 120/120
2026-05-06 06:56:50,133 [INFO]   Todos os patches já existem. Pulando.
2026-05-06 06:56:50,134 [INFO] 
[78/88] Região: 0000000000000000004d
2026-05-06 06:56:50,428 [INFO]   Grade: 132 patches (stride 230px = 0.009855° | patch 256px = 0.010970°)
2026-05-06 06:56:50,432 [INFO]   Já no disco: 132/132
2026-05-06 06:56:50,435 [INFO]   Todos os patches já existem. Pulando.
2026-05-06 06:56:50,436 [INFO] 
[79/88] Região: 0000000000000000004e
2026-05-06 06:56:50,765 [INFO]   Grade: 110 patches (stride 230px = 0.009855° | patch 256px = 0.010970°)
2026-05-06 06:56:50,771 [INFO]   Já no disco: 110/110
2026-05-06 06:56:50,773 [INFO]   Todos os patches já existem. Pulando.
2026-05-06 06:56:50,775 [INFO] 
[80/88] Região: 0000000000000000004f
2026-05-06 06:56:51,125 [INFO]   Grade: 121 patches (stride 230px = 0.009855° | patch 256px = 0.010970°)
2026-05-06 06:56:51,129 [INFO]   Já no disco: 121/121
2026-05-06 06:56:51,129 [INFO]   Todos os patches já existem. Pulando.
2026-05-06 06:56:51,129 [INFO] 
[81/88] Região: 00000000000000000050
2026-05-06 06:56:51,408 [INFO]   Grade: 110 patches (stride 230px = 0.009855° | patch 256px = 0.010970°)
2026-05-06 06:56:51,412 [INFO]   Já no disco: 110/110
2026-05-06 06:56:51,414 [INFO]   Todos os patches já existem. Pulando.
2026-05-06 06:56:51,416 [INFO] 
[82/88] Região: 00000000000000000051
2026-05-06 06:56:51,793 [INFO]   Grade: 121 patches (stride 230px = 0.009855° | patch 256px = 0.010970°)
2026-05-06 06:56:51,796 [INFO]   Já no disco: 121/121
2026-05-06 06:56:51,800 [INFO]   Todos os patches já existem. Pulando.
2026-05-06 06:56:51,803 [INFO] 
[83/88] Região: 00000000000000000052
2026-05-06 06:56:52,910 [INFO]   Grade: 110 patches (stride 230px = 0.009855° | patch 256px = 0.010970°)
2026-05-06 06:56:52,913 [INFO]   Já no disco: 110/110
2026-05-06 06:56:52,914 [INFO]   Todos os patches já existem. Pulando.
2026-05-06 06:56:52,915 [INFO] 
[84/88] Região: 00000000000000000053
2026-05-06 06:56:53,170 [INFO]   Grade: 100 patches (stride 230px = 0.009855° | patch 256px = 0.010970°)
2026-05-06 06:56:53,174 [INFO]   Já no disco: 100/100
2026-05-06 06:56:53,176 [INFO]   Todos os patches já existem. Pulando.
2026-05-06 06:56:53,176 [INFO] 
[85/88] Região: 00000000000000000054
2026-05-06 06:56:53,565 [INFO]   Grade: 224 patches (stride 230px = 0.009855° | patch 256px = 0.010970°)
2026-05-06 06:56:53,569 [INFO]   Já no disco: 224/224
2026-05-06 06:56:53,569 [INFO]   Todos os patches já existem. Pulando.
2026-05-06 06:56:53,569 [INFO] 
[86/88] Região: 00000000000000000055
2026-05-06 06:56:53,858 [INFO]   Grade: 110 patches (stride 230px = 0.009855° | patch 256px = 0.010970°)
2026-05-06 06:56:53,862 [INFO]   Já no disco: 110/110
2026-05-06 06:56:53,863 [INFO]   Todos os patches já existem. Pulando.
2026-05-06 06:56:53,863 [INFO] 
[87/88] Região: 00000000000000000056
2026-05-06 06:56:54,133 [INFO]   Grade: 132 patches (stride 230px = 0.009855° | patch 256px = 0.010970°)
2026-05-06 06:56:54,137 [INFO]   Já no disco: 132/132
2026-05-06 06:56:54,140 [INFO]   Todos os patches já existem. Pulando.
2026-05-06 06:56:54,143 [INFO] 
[88/88] Região: 00000000000000000057
2026-05-06 06:56:55,247 [INFO]   Grade: 120 patches (stride 230px = 0.009855° | patch 256px = 0.010970°)
2026-05-06 06:56:55,251 [INFO]   Já no disco: 120/120
2026-05-06 06:56:55,251 [INFO]   Todos os patches já existem. Pulando.
2026-05-06 06:56:55,251 [INFO] 
============================================================
2026-05-06 06:56:55,252 [INFO] --- Ano 2019 ---
2026-05-06 06:56:55,613 [INFO] 
[1/88] Região: 00000000000000000000
2026-05-06 06:56:55,943 [INFO]   Grade: 121 patches (stride 230px = 0.009855° | patch 256px = 0.010970°)
2026-05-06 06:56:55,946 [INFO]   Já no disco: 121/121
2026-05-06 06:56:55,947 [INFO]   Todos os patches já existem. Pulando.
2026-05-06 06:56:55,947 [INFO] 
[2/88] Região: 00000000000000000001
2026-05-06 06:56:56,912 [INFO]   Grade: 120 patches (stride 230px = 0.009855° | patch 256px = 0.010970°)
2026-05-06 06:56:56,916 [INFO]   Já no disco: 120/120
2026-05-06 06:56:56,919 [INFO]   Todos os patches já existem. Pulando.
2026-05-06 06:56:56,920 [INFO] 
[3/88] Região: 00000000000000000002
2026-05-06 06:56:57,256 [INFO]   Grade: 132 patches (stride 230px = 0.009855° | patch 256px = 0.010970°)
2026-05-06 06:56:57,261 [INFO]   Já no disco: 132/132
2026-05-06 06:56:57,264 [INFO]   Todos os patches já existem. Pulando.
2026-05-06 06:56:57,266 [INFO] 
[4/88] Região: 00000000000000000003
2026-05-06 06:56:57,618 [INFO]   Grade: 63 patches (stride 230px = 0.009855° | patch 256px = 0.010970°)
2026-05-06 06:56:57,622 [INFO]   Já no disco: 63/63
2026-05-06 06:56:57,623 [INFO]   Todos os patches já existem. Pulando.
2026-05-06 06:56:57,623 [INFO] 
[5/88] Região: 00000000000000000004
2026-05-06 06:56:58,004 [INFO]   Grade: 9 patches (stride 230px = 0.009855° | patch 256px = 0.010970°)
2026-05-06 06:56:58,007 [INFO]   Já no disco: 9/9
2026-05-06 06:56:58,009 [INFO]   Todos os patches já existem. Pulando.
2026-05-06 06:56:58,011 [INFO] 
[6/88] Região: 00000000000000000005
2026-05-06 06:56:58,328 [INFO]   Grade: 90 patches (stride 230px = 0.009855° | patch 256px = 0.010970°)
2026-05-06 06:56:58,332 [INFO]   Já no disco: 90/90
2026-05-06 06:56:58,336 [INFO]   Todos os patches já existem. Pulando.
2026-05-06 06:56:58,338 [INFO] 
[7/88] Região: 00000000000000000006
2026-05-06 06:56:59,351 [INFO]   Grade: 238 patches (stride 230px = 0.009855° | patch 256px = 0.010970°)
2026-05-06 06:56:59,356 [INFO]   Já no disco: 238/238
2026-05-06 06:56:59,357 [INFO]   Todos os patches já existem. Pulando.
2026-05-06 06:56:59,357 [INFO] 
[8/88] Região: 00000000000000000007
2026-05-06 06:56:59,720 [INFO]   Grade: 110 patches (stride 230px = 0.009855° | patch 256px = 0.010970°)
2026-05-06 06:56:59,724 [INFO]   Já no disco: 110/110
2026-05-06 06:56:59,726 [INFO]   Todos os patches já existem. Pulando.
2026-05-06 06:56:59,728 [INFO] 
[9/88] Região: 00000000000000000008
2026-05-06 06:57:00,040 [INFO]   Grade: 132 patches (stride 230px = 0.009855° | patch 256px = 0.010970°)
2026-05-06 06:57:00,043 [INFO]   Já no disco: 132/132
2026-05-06 06:57:00,047 [INFO]   Todos os patches já existem. Pulando.
2026-05-06 06:57:00,050 [INFO] 
[10/88] Região: 00000000000000000009
2026-05-06 06:57:00,434 [INFO]   Grade: 121 patches (stride 230px = 0.009855° | patch 256px = 0.010970°)
2026-05-06 06:57:00,439 [INFO]   Já no disco: 121/121
2026-05-06 06:57:00,439 [INFO]   Todos os patches já existem. Pulando.
2026-05-06 06:57:00,440 [INFO] 
[11/88] Região: 0000000000000000000a
2026-05-06 06:57:00,707 [INFO]   Grade: 156 patches (stride 230px = 0.009855° | patch 256px = 0.010970°)
2026-05-06 06:57:00,714 [INFO]   Já no disco: 156/156
2026-05-06 06:57:00,716 [INFO]   Todos os patches já existem. Pulando.
2026-05-06 06:57:00,718 [INFO] 
[12/88] Região: 0000000000000000000b
2026-05-06 06:57:01,022 [INFO]   Grade: 240 patches (stride 230px = 0.009855° | patch 256px = 0.010970°)
2026-05-06 06:57:01,025 [INFO]   Já no disco: 240/240
2026-05-06 06:57:01,026 [INFO]   Todos os patches já existem. Pulando.
2026-05-06 06:57:01,026 [INFO] 
[13/88] Região: 0000000000000000000c
2026-05-06 06:57:01,320 [INFO]   Grade: 120 patches (stride 230px = 0.009855° | patch 256px = 0.010970°)
2026-05-06 06:57:01,324 [INFO]   Já no disco: 120/120
2026-05-06 06:57:01,326 [INFO]   Todos os patches já existem. Pulando.
2026-05-06 06:57:01,328 [INFO] 
[14/88] Região: 0000000000000000000d
2026-05-06 06:57:01,618 [INFO]   Grade: 156 patches (stride 230px = 0.009855° | patch 256px = 0.010970°)
2026-05-06 06:57:01,623 [INFO]   Já no disco: 156/156
2026-05-06 06:57:01,626 [INFO]   Todos os patches já existem. Pulando.
2026-05-06 06:57:01,628 [INFO] 
[15/88] Região: 0000000000000000000e
2026-05-06 06:57:01,952 [INFO]   Grade: 121 patches (stride 230px = 0.009855° | patch 256px = 0.010970°)
2026-05-06 06:57:01,956 [INFO]   Já no disco: 121/121
2026-05-06 06:57:01,956 [INFO]   Todos os patches já existem. Pulando.
2026-05-06 06:57:01,957 [INFO] 
[16/88] Região: 0000000000000000000f
2026-05-06 06:57:03,138 [INFO]   Grade: 121 patches (stride 230px = 0.009855° | patch 256px = 0.010970°)
2026-05-06 06:57:03,141 [INFO]   Já no disco: 121/121
2026-05-06 06:57:03,141 [INFO]   Todos os patches já existem. Pulando.
2026-05-06 06:57:03,142 [INFO] 
[17/88] Região: 00000000000000000010
2026-05-06 06:57:03,400 [INFO]   Grade: 120 patches (stride 230px = 0.009855° | patch 256px = 0.010970°)
2026-05-06 06:57:03,405 [INFO]   Já no disco: 120/120
2026-05-06 06:57:03,405 [INFO]   Todos os patches já existem. Pulando.
2026-05-06 06:57:03,406 [INFO] 
[18/88] Região: 00000000000000000011
2026-05-06 06:57:03,721 [INFO]   Grade: 110 patches (stride 230px = 0.009855° | patch 256px = 0.010970°)
2026-05-06 06:57:03,727 [INFO]   Já no disco: 110/110
2026-05-06 06:57:03,729 [INFO]   Todos os patches já existem. Pulando.
2026-05-06 06:57:03,732 [INFO] 
[19/88] Região: 00000000000000000012
2026-05-06 06:57:04,078 [INFO]   Grade: 110 patches (stride 230px = 0.009855° | patch 256px = 0.010970°)
2026-05-06 06:57:04,082 [INFO]   Já no disco: 110/110
2026-05-06 06:57:04,082 [INFO]   Todos os patches já existem. Pulando.
2026-05-06 06:57:04,083 [INFO] 
[20/88] Região: 00000000000000000013
2026-05-06 06:57:04,388 [INFO]   Grade: 576 patches (stride 230px = 0.009855° | patch 256px = 0.010970°)
2026-05-06 06:57:04,393 [INFO]   Já no disco: 576/576
2026-05-06 06:57:04,393 [INFO]   Todos os patches já existem. Pulando.
2026-05-06 06:57:04,393 [INFO] 
[21/88] Região: 00000000000000000014
2026-05-06 06:57:04,730 [INFO]   Grade: 130 patches (stride 230px = 0.009855° | patch 256px = 0.010970°)
2026-05-06 06:57:04,735 [INFO]   Já no disco: 130/130
2026-05-06 06:57:04,738 [INFO]   Todos os patches já existem. Pulando.
2026-05-06 06:57:04,741 [INFO] 
[22/88] Região: 00000000000000000015
2026-05-06 06:57:05,080 [INFO]   Grade: 357 patches (stride 230px = 0.009855° | patch 256px = 0.010970°)
2026-05-06 06:57:05,087 [INFO]   Já no disco: 357/357
2026-05-06 06:57:05,087 [INFO]   Todos os patches já existem. Pulando.
2026-05-06 06:57:05,088 [INFO] 
[23/88] Região: 00000000000000000016
2026-05-06 06:57:05,394 [INFO]   Grade: 182 patches (stride 230px = 0.009855° | patch 256px = 0.010970°)
2026-05-06 06:57:05,400 [INFO]   Já no disco: 182/182
2026-05-06 06:57:05,402 [INFO]   Todos os patches já existem. Pulando.
2026-05-06 06:57:05,405 [INFO] 
[24/88] Região: 00000000000000000017
2026-05-06 06:57:06,532 [INFO]   Grade: 140 patches (stride 230px = 0.009855° | patch 256px = 0.010970°)
2026-05-06 06:57:06,536 [INFO]   Já no disco: 140/140
2026-05-06 06:57:06,536 [INFO]   Todos os patches já existem. Pulando.
2026-05-06 06:57:06,537 [INFO] 
[25/88] Região: 00000000000000000018
2026-05-06 06:57:06,852 [INFO]   Grade: 156 patches (stride 230px = 0.009855° | patch 256px = 0.010970°)
2026-05-06 06:57:06,856 [INFO]   Já no disco: 156/156
2026-05-06 06:57:06,859 [INFO]   Todos os patches já existem. Pulando.
2026-05-06 06:57:06,859 [INFO] 
[26/88] Região: 00000000000000000019
2026-05-06 06:57:07,291 [INFO]   Grade: 100 patches (stride 230px = 0.009855° | patch 256px = 0.010970°)
2026-05-06 06:57:07,295 [INFO]   Já no disco: 100/100
2026-05-06 06:57:07,296 [INFO]   Todos os patches já existem. Pulando.
2026-05-06 06:57:07,296 [INFO] 
[27/88] Região: 0000000000000000001a
2026-05-06 06:57:08,424 [INFO]   Grade: 110 patches (stride 230px = 0.009855° | patch 256px = 0.010970°)
2026-05-06 06:57:08,429 [INFO]   Já no disco: 110/110
2026-05-06 06:57:08,429 [INFO]   Todos os patches já existem. Pulando.
2026-05-06 06:57:08,430 [INFO] 
[28/88] Região: 0000000000000000001b
2026-05-06 06:57:08,713 [INFO]   Grade: 594 patches (stride 230px = 0.009855° | patch 256px = 0.010970°)
2026-05-06 06:57:08,723 [INFO]   Já no disco: 594/594
2026-05-06 06:57:08,726 [INFO]   Todos os patches já existem. Pulando.
2026-05-06 06:57:08,728 [INFO] 
[29/88] Região: 0000000000000000001c
2026-05-06 06:57:09,124 [INFO]   Grade: 255 patches (stride 230px = 0.009855° | patch 256px = 0.010970°)
2026-05-06 06:57:09,128 [INFO]   Já no disco: 255/255
2026-05-06 06:57:09,129 [INFO]   Todos os patches já existem. Pulando.
2026-05-06 06:57:09,129 [INFO] 
[30/88] Região: 0000000000000000001d
2026-05-06 06:57:10,363 [INFO]   Grade: 100 patches (stride 230px = 0.009855° | patch 256px = 0.010970°)
2026-05-06 06:57:10,366 [INFO]   Já no disco: 100/100
2026-05-06 06:57:10,367 [INFO]   Todos os patches já existem. Pulando.
2026-05-06 06:57:10,368 [INFO] 
[31/88] Região: 0000000000000000001e
2026-05-06 06:57:10,640 [INFO]   Grade: 100 patches (stride 230px = 0.009855° | patch 256px = 0.010970°)
2026-05-06 06:57:10,646 [INFO]   Já no disco: 117/100
2026-05-06 06:57:10,649 [INFO]   Todos os patches já existem. Pulando.
2026-05-06 06:57:10,651 [INFO] 
[32/88] Região: 0000000000000000001f
2026-05-06 06:57:11,001 [INFO]   Grade: 238 patches (stride 230px = 0.009855° | patch 256px = 0.010970°)
2026-05-06 06:57:11,007 [INFO]   Já no disco: 238/238
2026-05-06 06:57:11,008 [INFO]   Todos os patches já existem. Pulando.
2026-05-06 06:57:11,009 [INFO] 
[33/88] Região: 00000000000000000020
2026-05-06 06:57:11,290 [INFO]   Grade: 225 patches (stride 230px = 0.009855° | patch 256px = 0.010970°)
2026-05-06 06:57:11,297 [INFO]   Já no disco: 225/225
2026-05-06 06:57:11,299 [INFO]   Todos os patches já existem. Pulando.
2026-05-06 06:57:11,302 [INFO] 
[34/88] Região: 00000000000000000021
2026-05-06 06:57:11,646 [INFO]   Grade: 100 patches (stride 230px = 0.009855° | patch 256px = 0.010970°)
2026-05-06 06:57:11,650 [INFO]   Já no disco: 100/100
2026-05-06 06:57:11,650 [INFO]   Todos os patches já existem. Pulando.
2026-05-06 06:57:11,650 [INFO] 
[35/88] Região: 00000000000000000022
2026-05-06 06:57:11,912 [INFO]   Grade: 221 patches (stride 230px = 0.009855° | patch 256px = 0.010970°)
2026-05-06 06:57:11,917 [INFO]   Já no disco: 221/221
2026-05-06 06:57:11,917 [INFO]   Todos os patches já existem. Pulando.
2026-05-06 06:57:11,918 [INFO] 
[36/88] Região: 00000000000000000023
2026-05-06 06:57:12,301 [INFO]   Grade: 195 patches (stride 230px = 0.009855° | patch 256px = 0.010970°)
2026-05-06 06:57:12,306 [INFO]   Já no disco: 195/195
2026-05-06 06:57:12,307 [INFO]   Todos os patches já existem. Pulando.
2026-05-06 06:57:12,307 [INFO] 
[37/88] Região: 00000000000000000024
2026-05-06 06:57:12,775 [INFO]   Grade: 100 patches (stride 230px = 0.009855° | patch 256px = 0.010970°)
2026-05-06 06:57:12,779 [INFO]   Já no disco: 100/100
2026-05-06 06:57:12,780 [INFO]   Todos os patches já existem. Pulando.
2026-05-06 06:57:12,780 [INFO] 
[38/88] Região: 00000000000000000025
2026-05-06 06:57:13,082 [INFO]   Grade: 143 patches (stride 230px = 0.009855° | patch 256px = 0.010970°)
2026-05-06 06:57:13,086 [INFO]   Já no disco: 143/143
2026-05-06 06:57:13,089 [INFO]   Todos os patches já existem. Pulando.
2026-05-06 06:57:13,089 [INFO] 
[39/88] Região: 00000000000000000026
2026-05-06 06:57:13,341 [INFO]   Grade: 156 patches (stride 230px = 0.009855° | patch 256px = 0.010970°)
2026-05-06 06:57:13,347 [INFO]   Já no disco: 156/156
2026-05-06 06:57:13,349 [INFO]   Todos os patches já existem. Pulando.
2026-05-06 06:57:13,352 [INFO] 
[40/88] Região: 00000000000000000027
2026-05-06 06:57:13,665 [INFO]   Grade: 100 patches (stride 230px = 0.009855° | patch 256px = 0.010970°)
2026-05-06 06:57:13,669 [INFO]   Já no disco: 100/100
2026-05-06 06:57:13,669 [INFO]   Todos os patches já existem. Pulando.
2026-05-06 06:57:13,669 [INFO] 
[41/88] Região: 00000000000000000028
2026-05-06 06:57:13,986 [INFO]   Grade: 100 patches (stride 230px = 0.009855° | patch 256px = 0.010970°)
2026-05-06 06:57:13,989 [INFO]   Já no disco: 100/100
2026-05-06 06:57:13,990 [INFO]   Todos os patches já existem. Pulando.
2026-05-06 06:57:13,990 [INFO] 
[42/88] Região: 00000000000000000029
2026-05-06 06:57:14,988 [INFO]   Grade: 121 patches (stride 230px = 0.009855° | patch 256px = 0.010970°)
2026-05-06 06:57:14,993 [INFO]   Já no disco: 121/121
2026-05-06 06:57:14,993 [INFO]   Todos os patches já existem. Pulando.
2026-05-06 06:57:14,993 [INFO] 
[43/88] Região: 0000000000000000002a
2026-05-06 06:57:15,316 [INFO]   Grade: 100 patches (stride 230px = 0.009855° | patch 256px = 0.010970°)
2026-05-06 06:57:15,320 [INFO]   Já no disco: 100/100
2026-05-06 06:57:15,323 [INFO]   Todos os patches já existem. Pulando.
2026-05-06 06:57:15,326 [INFO] 
[44/88] Região: 0000000000000000002b
2026-05-06 06:57:15,645 [INFO]   Grade: 144 patches (stride 230px = 0.009855° | patch 256px = 0.010970°)
2026-05-06 06:57:15,649 [INFO]   Já no disco: 144/144
2026-05-06 06:57:15,649 [INFO]   Todos os patches já existem. Pulando.
2026-05-06 06:57:15,649 [INFO] 
[45/88] Região: 0000000000000000002c
2026-05-06 06:57:16,042 [INFO]   Grade: 100 patches (stride 230px = 0.009855° | patch 256px = 0.010970°)
2026-05-06 06:57:16,046 [INFO]   Já no disco: 100/100
2026-05-06 06:57:16,046 [INFO]   Todos os patches já existem. Pulando.
2026-05-06 06:57:16,047 [INFO] 
[46/88] Região: 0000000000000000002d
2026-05-06 06:57:16,330 [INFO]   Grade: 182 patches (stride 230px = 0.009855° | patch 256px = 0.010970°)
2026-05-06 06:57:16,337 [INFO]   Já no disco: 182/182
2026-05-06 06:57:16,339 [INFO]   Todos os patches já existem. Pulando.
2026-05-06 06:57:16,342 [INFO] 
[47/88] Região: 0000000000000000002e
2026-05-06 06:57:16,642 [INFO]   Grade: 182 patches (stride 230px = 0.009855° | patch 256px = 0.010970°)
2026-05-06 06:57:16,646 [INFO]   Já no disco: 182/182
2026-05-06 06:57:16,646 [INFO]   Todos os patches já existem. Pulando.
2026-05-06 06:57:16,646 [INFO] 
[48/88] Região: 0000000000000000002f
2026-05-06 06:57:17,030 [INFO]   Grade: 100 patches (stride 230px = 0.009855° | patch 256px = 0.010970°)
2026-05-06 06:57:17,034 [INFO]   Já no disco: 100/100
2026-05-06 06:57:17,034 [INFO]   Todos os patches já existem. Pulando.
2026-05-06 06:57:17,034 [INFO] 
[49/88] Região: 00000000000000000030
2026-05-06 06:57:17,298 [INFO]   Grade: 144 patches (stride 230px = 0.009855° | patch 256px = 0.010970°)
2026-05-06 06:57:17,302 [INFO]   Já no disco: 144/144
2026-05-06 06:57:17,303 [INFO]   Todos os patches já existem. Pulando.
2026-05-06 06:57:17,303 [INFO] 
[50/88] Região: 00000000000000000031
2026-05-06 06:57:18,583 [INFO]   Grade: 100 patches (stride 230px = 0.009855° | patch 256px = 0.010970°)
2026-05-06 06:57:18,587 [INFO]   Já no disco: 100/100
2026-05-06 06:57:18,588 [INFO]   Todos os patches já existem. Pulando.
2026-05-06 06:57:18,588 [INFO] 
[51/88] Região: 00000000000000000032
2026-05-06 06:57:18,905 [INFO]   Grade: 100 patches (stride 230px = 0.009855° | patch 256px = 0.010970°)
2026-05-06 06:57:18,909 [INFO]   Já no disco: 100/100
2026-05-06 06:57:18,911 [INFO]   Todos os patches já existem. Pulando.
2026-05-06 06:57:18,912 [INFO] 
[52/88] Região: 00000000000000000033
2026-05-06 06:57:20,108 [INFO]   Grade: 100 patches (stride 230px = 0.009855° | patch 256px = 0.010970°)
2026-05-06 06:57:20,112 [INFO]   Já no disco: 100/100
2026-05-06 06:57:20,113 [INFO]   Todos os patches já existem. Pulando.
2026-05-06 06:57:20,113 [INFO] 
[53/88] Região: 00000000000000000034
2026-05-06 06:57:21,151 [INFO]   Grade: 100 patches (stride 230px = 0.009855° | patch 256px = 0.010970°)
2026-05-06 06:57:21,156 [INFO]   Já no disco: 100/100
2026-05-06 06:57:21,156 [INFO]   Todos os patches já existem. Pulando.
2026-05-06 06:57:21,157 [INFO] 
[54/88] Região: 00000000000000000035
2026-05-06 06:57:21,512 [INFO]   Grade: 100 patches (stride 230px = 0.009855° | patch 256px = 0.010970°)
2026-05-06 06:57:21,516 [INFO]   Já no disco: 100/100
2026-05-06 06:57:21,519 [INFO]   Todos os patches já existem. Pulando.
2026-05-06 06:57:21,520 [INFO] 
[55/88] Região: 00000000000000000036
2026-05-06 06:57:21,817 [INFO]   Grade: 132 patches (stride 230px = 0.009855° | patch 256px = 0.010970°)
2026-05-06 06:57:21,823 [INFO]   Já no disco: 132/132
2026-05-06 06:57:21,826 [INFO]   Todos os patches já existem. Pulando.
2026-05-06 06:57:21,828 [INFO] 
[56/88] Região: 00000000000000000037
2026-05-06 06:57:22,886 [INFO]   Grade: 168 patches (stride 230px = 0.009855° | patch 256px = 0.010970°)
2026-05-06 06:57:22,891 [INFO]   Já no disco: 168/168
2026-05-06 06:57:22,892 [INFO]   Todos os patches já existem. Pulando.
2026-05-06 06:57:22,892 [INFO] 
[57/88] Região: 00000000000000000038
2026-05-06 06:57:23,240 [INFO]   Grade: 234 patches (stride 230px = 0.009855° | patch 256px = 0.010970°)
2026-05-06 06:57:23,246 [INFO]   Já no disco: 234/234
2026-05-06 06:57:23,248 [INFO]   Todos os patches já existem. Pulando.
2026-05-06 06:57:23,249 [INFO] 
[58/88] Região: 00000000000000000039
2026-05-06 06:57:23,622 [INFO]   Grade: 100 patches (stride 230px = 0.009855° | patch 256px = 0.010970°)
2026-05-06 06:57:23,626 [INFO]   Já no disco: 100/100
2026-05-06 06:57:23,626 [INFO]   Todos os patches já existem. Pulando.
2026-05-06 06:57:23,626 [INFO] 
[59/88] Região: 0000000000000000003a
2026-05-06 06:57:23,936 [INFO]   Grade: 100 patches (stride 230px = 0.009855° | patch 256px = 0.010970°)
2026-05-06 06:57:23,940 [INFO]   Já no disco: 100/100
2026-05-06 06:57:23,943 [INFO]   Todos os patches já existem. Pulando.
2026-05-06 06:57:23,946 [INFO] 
[60/88] Região: 0000000000000000003b
2026-05-06 06:57:24,343 [INFO]   Grade: 361 patches (stride 230px = 0.009855° | patch 256px = 0.010970°)
2026-05-06 06:57:24,348 [INFO]   Já no disco: 361/361
2026-05-06 06:57:24,348 [INFO]   Todos os patches já existem. Pulando.
2026-05-06 06:57:24,348 [INFO] 
[61/88] Região: 0000000000000000003c
2026-05-06 06:57:25,658 [INFO]   Grade: 165 patches (stride 230px = 0.009855° | patch 256px = 0.010970°)
2026-05-06 06:57:25,662 [INFO]   Já no disco: 165/165
2026-05-06 06:57:25,663 [INFO]   Todos os patches já existem. Pulando.
2026-05-06 06:57:25,663 [INFO] 
[62/88] Região: 0000000000000000003d
2026-05-06 06:57:26,023 [INFO]   Grade: 169 patches (stride 230px = 0.009855° | patch 256px = 0.010970°)
2026-05-06 06:57:26,028 [INFO]   Já no disco: 169/169
2026-05-06 06:57:26,031 [INFO]   Todos os patches já existem. Pulando.
2026-05-06 06:57:26,034 [INFO] 
[63/88] Região: 0000000000000000003e
2026-05-06 06:57:27,117 [INFO]   Grade: 272 patches (stride 230px = 0.009855° | patch 256px = 0.010970°)
2026-05-06 06:57:27,121 [INFO]   Já no disco: 272/272
2026-05-06 06:57:27,122 [INFO]   Todos os patches já existem. Pulando.
2026-05-06 06:57:27,122 [INFO] 
[64/88] Região: 0000000000000000003f
2026-05-06 06:57:27,492 [INFO]   Grade: 100 patches (stride 230px = 0.009855° | patch 256px = 0.010970°)
2026-05-06 06:57:27,496 [INFO]   Já no disco: 100/100
2026-05-06 06:57:27,496 [INFO]   Todos os patches já existem. Pulando.
2026-05-06 06:57:27,497 [INFO] 
[65/88] Região: 00000000000000000040
2026-05-06 06:57:27,800 [INFO]   Grade: 132 patches (stride 230px = 0.009855° | patch 256px = 0.010970°)
2026-05-06 06:57:27,804 [INFO]   Já no disco: 132/132
2026-05-06 06:57:27,806 [INFO]   Todos os patches já existem. Pulando.
2026-05-06 06:57:27,809 [INFO] 
[66/88] Região: 00000000000000000041
2026-05-06 06:57:28,115 [INFO]   Grade: 352 patches (stride 230px = 0.009855° | patch 256px = 0.010970°)
2026-05-06 06:57:28,123 [INFO]   Já no disco: 352/352
2026-05-06 06:57:28,126 [INFO]   Todos os patches já existem. Pulando.
2026-05-06 06:57:28,129 [INFO] 
[67/88] Região: 00000000000000000042
2026-05-06 06:57:28,518 [INFO]   Grade: 255 patches (stride 230px = 0.009855° | patch 256px = 0.010970°)
2026-05-06 06:57:28,523 [INFO]   Já no disco: 255/255
2026-05-06 06:57:28,523 [INFO]   Todos os patches já existem. Pulando.
2026-05-06 06:57:28,523 [INFO] 
[68/88] Região: 00000000000000000043
2026-05-06 06:57:29,505 [INFO]   Grade: 132 patches (stride 230px = 0.009855° | patch 256px = 0.010970°)
2026-05-06 06:57:29,509 [INFO]   Já no disco: 132/132
2026-05-06 06:57:29,513 [INFO]   Todos os patches já existem. Pulando.
2026-05-06 06:57:29,513 [INFO] 
[69/88] Região: 00000000000000000044
2026-05-06 06:57:29,922 [INFO]   Grade: 100 patches (stride 230px = 0.009855° | patch 256px = 0.010970°)
2026-05-06 06:57:29,926 [INFO]   Já no disco: 100/100
2026-05-06 06:57:29,926 [INFO]   Todos os patches já existem. Pulando.
2026-05-06 06:57:29,926 [INFO] 
[70/88] Região: 00000000000000000045
2026-05-06 06:57:30,226 [INFO]   Grade: 252 patches (stride 230px = 0.009855° | patch 256px = 0.010970°)
2026-05-06 06:57:30,230 [INFO]   Já no disco: 106/252
2026-05-06 07:04:57,270 [INFO]   Baixados: 146 | Pulados (já existiam): 106 | Falhas: 0
2026-05-06 07:04:57,272 [INFO] 
[71/88] Região: 00000000000000000046
2026-05-06 07:04:57,601 [INFO]   Grade: 110 patches (stride 230px = 0.009855° | patch 256px = 0.010970°)
2026-05-06 07:04:57,604 [INFO]   Já no disco: 0/110
2026-05-06 07:10:42,553 [INFO]   Baixados: 110 | Pulados (já existiam): 0 | Falhas: 0
2026-05-06 07:10:42,555 [INFO] 
[72/88] Região: 00000000000000000047
2026-05-06 07:10:43,591 [INFO]   Grade: 100 patches (stride 230px = 0.009855° | patch 256px = 0.010970°)
2026-05-06 07:10:43,596 [INFO]   Já no disco: 0/100
2026-05-06 07:16:01,241 [INFO]   Baixados: 100 | Pulados (já existiam): 0 | Falhas: 0
2026-05-06 07:16:01,244 [INFO] 
[73/88] Região: 00000000000000000048
2026-05-06 07:16:01,606 [INFO]   Grade: 100 patches (stride 230px = 0.009855° | patch 256px = 0.010970°)
2026-05-06 07:16:01,609 [INFO]   Já no disco: 0/100
2026-05-06 07:21:14,982 [INFO]   Baixados: 100 | Pulados (já existiam): 0 | Falhas: 0
2026-05-06 07:21:14,984 [INFO] 
[74/88] Região: 00000000000000000049
2026-05-06 07:21:15,288 [INFO]   Grade: 374 patches (stride 230px = 0.009855° | patch 256px = 0.010970°)
2026-05-06 07:21:15,290 [INFO]   Já no disco: 0/374
2026-05-06 07:42:03,433 [INFO]   Baixados: 374 | Pulados (já existiam): 0 | Falhas: 0
2026-05-06 07:42:03,435 [INFO] 
[75/88] Região: 0000000000000000004a
2026-05-06 07:42:04,505 [INFO]   Grade: 132 patches (stride 230px = 0.009855° | patch 256px = 0.010970°)
2026-05-06 07:42:04,508 [INFO]   Já no disco: 0/132
2026-05-06 07:49:00,146 [INFO]   Baixados: 132 | Pulados (já existiam): 0 | Falhas: 0
2026-05-06 07:49:00,148 [INFO] 
[76/88] Região: 0000000000000000004b
2026-05-06 07:49:00,488 [INFO]   Grade: 144 patches (stride 230px = 0.009855° | patch 256px = 0.010970°)
2026-05-06 07:49:00,491 [INFO]   Já no disco: 0/144
2026-05-06 07:56:42,332 [INFO]   Baixados: 144 | Pulados (já existiam): 0 | Falhas: 0
2026-05-06 07:56:42,334 [INFO] 
[77/88] Região: 0000000000000000004c
2026-05-06 07:56:42,653 [INFO]   Grade: 120 patches (stride 230px = 0.009855° | patch 256px = 0.010970°)
2026-05-06 07:56:42,655 [INFO]   Já no disco: 0/120
2026-05-06 08:03:12,955 [INFO]   Baixados: 120 | Pulados (já existiam): 0 | Falhas: 0
2026-05-06 08:03:12,957 [INFO] 
[78/88] Região: 0000000000000000004d
2026-05-06 08:03:13,300 [INFO]   Grade: 132 patches (stride 230px = 0.009855° | patch 256px = 0.010970°)
2026-05-06 08:03:13,303 [INFO]   Já no disco: 0/132
2026-05-06 08:10:06,175 [INFO]   Baixados: 132 | Pulados (já existiam): 0 | Falhas: 0
2026-05-06 08:10:06,178 [INFO] 
[79/88] Região: 0000000000000000004e
2026-05-06 08:10:07,228 [INFO]   Grade: 110 patches (stride 230px = 0.009855° | patch 256px = 0.010970°)
2026-05-06 08:10:07,232 [INFO]   Já no disco: 0/110
2026-05-06 08:16:23,355 [INFO]   Baixados: 110 | Pulados (já existiam): 0 | Falhas: 0
2026-05-06 08:16:23,358 [INFO] 
[80/88] Região: 0000000000000000004f
2026-05-06 08:16:23,672 [INFO]   Grade: 121 patches (stride 230px = 0.009855° | patch 256px = 0.010970°)
2026-05-06 08:16:23,675 [INFO]   Já no disco: 0/121
2026-05-06 08:22:39,843 [INFO]   Baixados: 121 | Pulados (já existiam): 0 | Falhas: 0
2026-05-06 08:22:39,845 [INFO] 
[81/88] Região: 00000000000000000050
2026-05-06 08:22:40,160 [INFO]   Grade: 110 patches (stride 230px = 0.009855° | patch 256px = 0.010970°)
2026-05-06 08:22:40,162 [INFO]   Já no disco: 0/110
2026-05-06 08:28:21,544 [INFO]   Baixados: 110 | Pulados (já existiam): 0 | Falhas: 0
2026-05-06 08:28:21,546 [INFO] 
[82/88] Região: 00000000000000000051
2026-05-06 08:28:22,730 [INFO]   Grade: 121 patches (stride 230px = 0.009855° | patch 256px = 0.010970°)
2026-05-06 08:28:22,732 [INFO]   Já no disco: 0/121
2026-05-06 08:34:40,338 [INFO]   Baixados: 121 | Pulados (já existiam): 0 | Falhas: 0
2026-05-06 08:34:40,340 [INFO] 
[83/88] Região: 00000000000000000052
2026-05-06 08:34:41,385 [INFO]   Grade: 110 patches (stride 230px = 0.009855° | patch 256px = 0.010970°)
2026-05-06 08:34:41,389 [INFO]   Já no disco: 0/110
2026-05-06 08:40:28,982 [INFO]   Baixados: 110 | Pulados (já existiam): 0 | Falhas: 0
2026-05-06 08:40:28,985 [INFO] 
[84/88] Região: 00000000000000000053
2026-05-06 08:40:29,302 [INFO]   Grade: 100 patches (stride 230px = 0.009855° | patch 256px = 0.010970°)
2026-05-06 08:40:29,305 [INFO]   Já no disco: 0/100
2026-05-06 08:45:36,623 [INFO]   Baixados: 100 | Pulados (já existiam): 0 | Falhas: 0
2026-05-06 08:45:36,626 [INFO] 
[85/88] Região: 00000000000000000054
2026-05-06 08:45:36,915 [INFO]   Grade: 224 patches (stride 230px = 0.009855° | patch 256px = 0.010970°)
2026-05-06 08:45:36,918 [INFO]   Já no disco: 0/224
2026-05-06 08:57:26,655 [INFO]   Baixados: 224 | Pulados (já existiam): 0 | Falhas: 0
2026-05-06 08:57:26,657 [INFO] 
[86/88] Região: 00000000000000000055
2026-05-06 08:57:26,984 [INFO]   Grade: 110 patches (stride 230px = 0.009855° | patch 256px = 0.010970°)
2026-05-06 08:57:26,987 [INFO]   Já no disco: 0/110
2026-05-06 09:03:05,421 [INFO]   Baixados: 110 | Pulados (já existiam): 0 | Falhas: 0
2026-05-06 09:03:05,424 [INFO] 
[87/88] Região: 00000000000000000056
2026-05-06 09:03:05,831 [INFO]   Grade: 132 patches (stride 230px = 0.009855° | patch 256px = 0.010970°)
2026-05-06 09:03:05,835 [INFO]   Já no disco: 0/132
2026-05-06 09:09:44,034 [INFO]   Baixados: 132 | Pulados (já existiam): 0 | Falhas: 0
2026-05-06 09:09:44,037 [INFO] 
[88/88] Região: 00000000000000000057
2026-05-06 09:09:44,471 [INFO]   Grade: 120 patches (stride 230px = 0.009855° | patch 256px = 0.010970°)
2026-05-06 09:09:44,475 [INFO]   Já no disco: 0/120
2026-05-06 09:15:53,735 [INFO]   Baixados: 120 | Pulados (já existiam): 0 | Falhas: 0
2026-05-06 09:15:53,738 [INFO] 
============================================================
2026-05-06 09:15:53,741 [INFO] --- Ano 2020 ---
2026-05-06 09:15:54,056 [INFO] 
[1/88] Região: 00000000000000000000
2026-05-06 09:15:54,391 [INFO]   Grade: 121 patches (stride 230px = 0.009855° | patch 256px = 0.010970°)
2026-05-06 09:15:54,394 [INFO]   Já no disco: 0/121
2026-05-06 09:22:10,962 [INFO]   Baixados: 121 | Pulados (já existiam): 0 | Falhas: 0
2026-05-06 09:22:10,964 [INFO] 
[2/88] Região: 00000000000000000001
2026-05-06 09:22:12,034 [INFO]   Grade: 120 patches (stride 230px = 0.009855° | patch 256px = 0.010970°)
2026-05-06 09:22:12,037 [INFO]   Já no disco: 0/120
2026-05-06 09:28:37,419 [INFO]   Baixados: 120 | Pulados (já existiam): 0 | Falhas: 0
2026-05-06 09:28:37,421 [INFO] 
[3/88] Região: 00000000000000000002
2026-05-06 09:28:37,819 [INFO]   Grade: 132 patches (stride 230px = 0.009855° | patch 256px = 0.010970°)
2026-05-06 09:28:37,821 [INFO]   Já no disco: 0/132
2026-05-06 09:35:27,569 [INFO]   Baixados: 132 | Pulados (já existiam): 0 | Falhas: 0
2026-05-06 09:35:27,571 [INFO] 
[4/88] Região: 00000000000000000003
2026-05-06 09:35:27,897 [INFO]   Grade: 63 patches (stride 230px = 0.009855° | patch 256px = 0.010970°)
2026-05-06 09:35:27,900 [INFO]   Já no disco: 0/63
2026-05-06 09:38:43,831 [INFO]   Baixados: 63 | Pulados (já existiam): 0 | Falhas: 0
2026-05-06 09:38:43,834 [INFO] 
[5/88] Região: 00000000000000000004
2026-05-06 09:38:44,154 [INFO]   Grade: 9 patches (stride 230px = 0.009855° | patch 256px = 0.010970°)
2026-05-06 09:38:44,157 [INFO]   Já no disco: 0/9
2026-05-06 09:39:11,207 [INFO]   Baixados: 9 | Pulados (já existiam): 0 | Falhas: 0
2026-05-06 09:39:11,209 [INFO] 
[6/88] Região: 00000000000000000005
2026-05-06 09:39:11,584 [INFO]   Grade: 90 patches (stride 230px = 0.009855° | patch 256px = 0.010970°)
2026-05-06 09:39:11,588 [INFO]   Já no disco: 0/90
2026-05-06 09:43:51,172 [INFO]   Baixados: 90 | Pulados (já existiam): 0 | Falhas: 0
2026-05-06 09:43:51,174 [INFO] 
[7/88] Região: 00000000000000000006
2026-05-06 09:43:51,490 [INFO]   Grade: 238 patches (stride 230px = 0.009855° | patch 256px = 0.010970°)
2026-05-06 09:43:51,496 [INFO]   Já no disco: 0/238
2026-05-06 09:56:12,604 [INFO]   Baixados: 238 | Pulados (já existiam): 0 | Falhas: 0
2026-05-06 09:56:12,606 [INFO] 
[8/88] Região: 00000000000000000007
2026-05-06 09:56:12,973 [INFO]   Grade: 110 patches (stride 230px = 0.009855° | patch 256px = 0.010970°)
2026-05-06 09:56:12,976 [INFO]   Já no disco: 0/110
2026-05-06 10:02:27,493 [INFO]   Baixados: 110 | Pulados (já existiam): 0 | Falhas: 0
2026-05-06 10:02:27,495 [INFO] 
[9/88] Região: 00000000000000000008
2026-05-06 10:02:27,860 [INFO]   Grade: 132 patches (stride 230px = 0.009855° | patch 256px = 0.010970°)
2026-05-06 10:02:27,863 [INFO]   Já no disco: 0/132
2026-05-06 10:09:24,809 [INFO]   Baixados: 132 | Pulados (já existiam): 0 | Falhas: 0
2026-05-06 10:09:24,811 [INFO] 
[10/88] Região: 00000000000000000009
2026-05-06 10:09:25,184 [INFO]   Grade: 121 patches (stride 230px = 0.009855° | patch 256px = 0.010970°)
2026-05-06 10:09:25,187 [INFO]   Já no disco: 0/121
2026-05-06 10:15:49,787 [INFO]   Baixados: 121 | Pulados (já existiam): 0 | Falhas: 0
2026-05-06 10:15:49,789 [INFO] 
[11/88] Região: 0000000000000000000a
2026-05-06 10:15:50,139 [INFO]   Grade: 156 patches (stride 230px = 0.009855° | patch 256px = 0.010970°)
2026-05-06 10:15:50,142 [INFO]   Já no disco: 0/156
2026-05-06 10:23:59,520 [INFO]   Baixados: 156 | Pulados (já existiam): 0 | Falhas: 0
2026-05-06 10:23:59,522 [INFO] 
[12/88] Região: 0000000000000000000b
2026-05-06 10:23:59,841 [INFO]   Grade: 240 patches (stride 230px = 0.009855° | patch 256px = 0.010970°)
2026-05-06 10:23:59,844 [INFO]   Já no disco: 0/240
2026-05-06 10:36:37,686 [INFO]   Baixados: 240 | Pulados (já existiam): 0 | Falhas: 0
2026-05-06 10:36:37,688 [INFO] 
[13/88] Região: 0000000000000000000c
2026-05-06 10:36:37,997 [INFO]   Grade: 120 patches (stride 230px = 0.009855° | patch 256px = 0.010970°)
2026-05-06 10:36:38,000 [INFO]   Já no disco: 0/120
2026-05-06 10:42:56,114 [INFO]   Baixados: 120 | Pulados (já existiam): 0 | Falhas: 0
2026-05-06 10:42:56,116 [INFO] 
[14/88] Região: 0000000000000000000d
2026-05-06 10:42:56,422 [INFO]   Grade: 156 patches (stride 230px = 0.009855° | patch 256px = 0.010970°)
2026-05-06 10:42:56,424 [INFO]   Já no disco: 0/156
2026-05-06 10:51:02,428 [INFO]   Baixados: 156 | Pulados (já existiam): 0 | Falhas: 0
2026-05-06 10:51:02,430 [INFO] 
[15/88] Região: 0000000000000000000e
2026-05-06 10:51:02,803 [INFO]   Grade: 121 patches (stride 230px = 0.009855° | patch 256px = 0.010970°)
2026-05-06 10:51:02,805 [INFO]   Já no disco: 0/121
2026-05-06 10:57:23,313 [INFO]   Baixados: 121 | Pulados (já existiam): 0 | Falhas: 0
2026-05-06 10:57:23,315 [INFO] 
[16/88] Região: 0000000000000000000f
2026-05-06 10:57:23,672 [INFO]   Grade: 121 patches (stride 230px = 0.009855° | patch 256px = 0.010970°)
2026-05-06 10:57:23,675 [INFO]   Já no disco: 0/121
2026-05-06 11:03:49,507 [INFO]   Baixados: 121 | Pulados (já existiam): 0 | Falhas: 0
2026-05-06 11:03:49,510 [INFO] 
[17/88] Região: 00000000000000000010
2026-05-06 11:03:49,835 [INFO]   Grade: 120 patches (stride 230px = 0.009855° | patch 256px = 0.010970°)
2026-05-06 11:03:49,837 [INFO]   Já no disco: 0/120
2026-05-06 11:10:06,639 [INFO]   Baixados: 120 | Pulados (já existiam): 0 | Falhas: 0
2026-05-06 11:10:06,641 [INFO] 
[18/88] Região: 00000000000000000011
2026-05-06 11:10:06,957 [INFO]   Grade: 110 patches (stride 230px = 0.009855° | patch 256px = 0.010970°)
2026-05-06 11:10:06,960 [INFO]   Já no disco: 0/110
2026-05-06 11:15:55,611 [INFO]   Baixados: 110 | Pulados (já existiam): 0 | Falhas: 0
2026-05-06 11:15:55,614 [INFO] 
[19/88] Região: 00000000000000000012
2026-05-06 11:15:55,906 [INFO]   Grade: 110 patches (stride 230px = 0.009855° | patch 256px = 0.010970°)
2026-05-06 11:15:55,910 [INFO]   Já no disco: 0/110
2026-05-06 11:21:38,477 [INFO]   Baixados: 110 | Pulados (já existiam): 0 | Falhas: 0
2026-05-06 11:21:38,479 [INFO] 
[20/88] Região: 00000000000000000013
2026-05-06 11:21:39,038 [INFO]   Grade: 576 patches (stride 230px = 0.009855° | patch 256px = 0.010970°)
2026-05-06 11:21:39,041 [INFO]   Já no disco: 0/576
2026-05-06 11:51:30,188 [INFO]   Baixados: 576 | Pulados (já existiam): 0 | Falhas: 0
2026-05-06 11:51:30,191 [INFO] 
[21/88] Região: 00000000000000000014
2026-05-06 11:51:30,516 [INFO]   Grade: 130 patches (stride 230px = 0.009855° | patch 256px = 0.010970°)
2026-05-06 11:51:30,522 [INFO]   Já no disco: 0/130
2026-05-06 11:58:15,152 [INFO]   Baixados: 130 | Pulados (já existiam): 0 | Falhas: 0
2026-05-06 11:58:15,154 [INFO] 
[22/88] Região: 00000000000000000015
2026-05-06 11:58:15,440 [INFO]   Grade: 357 patches (stride 230px = 0.009855° | patch 256px = 0.010970°)
2026-05-06 11:58:15,443 [INFO]   Já no disco: 0/357
2026-05-06 12:16:49,523 [INFO]   Baixados: 357 | Pulados (já existiam): 0 | Falhas: 0
2026-05-06 12:16:49,526 [INFO] 
[23/88] Região: 00000000000000000016
2026-05-06 12:16:49,924 [INFO]   Grade: 182 patches (stride 230px = 0.009855° | patch 256px = 0.010970°)
2026-05-06 12:16:49,927 [INFO]   Já no disco: 0/182
2026-05-06 12:26:43,011 [INFO]   Baixados: 182 | Pulados (já existiam): 0 | Falhas: 0
2026-05-06 12:26:43,014 [INFO] 
[24/88] Região: 00000000000000000017
2026-05-06 12:26:43,560 [INFO]   Grade: 140 patches (stride 230px = 0.009855° | patch 256px = 0.010970°)
2026-05-06 12:26:43,564 [INFO]   Já no disco: 0/140
2026-05-06 12:34:18,853 [INFO]   Baixados: 140 | Pulados (já existiam): 0 | Falhas: 0
2026-05-06 12:34:18,855 [INFO] 
[25/88] Região: 00000000000000000018
2026-05-06 12:34:19,211 [INFO]   Grade: 156 patches (stride 230px = 0.009855° | patch 256px = 0.010970°)
2026-05-06 12:34:19,213 [INFO]   Já no disco: 0/156
2026-05-06 12:42:49,440 [INFO]   Baixados: 156 | Pulados (já existiam): 0 | Falhas: 0
2026-05-06 12:42:49,442 [INFO] 
[26/88] Região: 00000000000000000019
2026-05-06 12:42:49,741 [INFO]   Grade: 100 patches (stride 230px = 0.009855° | patch 256px = 0.010970°)
2026-05-06 12:42:49,743 [INFO]   Já no disco: 0/100
2026-05-06 12:48:04,070 [INFO]   Baixados: 100 | Pulados (já existiam): 0 | Falhas: 0
2026-05-06 12:48:04,073 [INFO] 
[27/88] Região: 0000000000000000001a
2026-05-06 12:48:04,456 [INFO]   Grade: 110 patches (stride 230px = 0.009855° | patch 256px = 0.010970°)
2026-05-06 12:48:04,460 [INFO]   Já no disco: 0/110
2026-05-06 12:54:00,171 [INFO]   Baixados: 110 | Pulados (já existiam): 0 | Falhas: 0
2026-05-06 12:54:00,174 [INFO] 
[28/88] Região: 0000000000000000001b
2026-05-06 12:54:00,499 [INFO]   Grade: 594 patches (stride 230px = 0.009855° | patch 256px = 0.010970°)
2026-05-06 12:54:00,502 [INFO]   Já no disco: 0/594
2026-05-06 13:25:54,808 [INFO]   Baixados: 594 | Pulados (já existiam): 0 | Falhas: 0
2026-05-06 13:25:54,811 [INFO] 
[29/88] Região: 0000000000000000001c
2026-05-06 13:25:55,452 [INFO]   Grade: 255 patches (stride 230px = 0.009855° | patch 256px = 0.010970°)
2026-05-06 13:25:55,454 [INFO]   Já no disco: 0/255
2026-05-06 13:39:35,128 [INFO]   Baixados: 255 | Pulados (já existiam): 0 | Falhas: 0
2026-05-06 13:39:35,130 [INFO] 
[30/88] Região: 0000000000000000001d
2026-05-06 13:39:35,425 [INFO]   Grade: 100 patches (stride 230px = 0.009855° | patch 256px = 0.010970°)
2026-05-06 13:39:35,428 [INFO]   Já no disco: 0/100
2026-05-06 13:44:56,548 [INFO]   Baixados: 100 | Pulados (já existiam): 0 | Falhas: 0
2026-05-06 13:44:56,550 [INFO] 
[31/88] Região: 0000000000000000001e
2026-05-06 13:44:56,876 [INFO]   Grade: 100 patches (stride 230px = 0.009855° | patch 256px = 0.010970°)
2026-05-06 13:44:56,879 [INFO]   Já no disco: 0/100
2026-05-06 13:50:14,576 [INFO]   Baixados: 100 | Pulados (já existiam): 0 | Falhas: 0
2026-05-06 13:50:14,578 [INFO] 
[32/88] Região: 0000000000000000001f
2026-05-06 13:50:15,286 [INFO]   Grade: 238 patches (stride 230px = 0.009855° | patch 256px = 0.010970°)
2026-05-06 13:50:15,290 [INFO]   Já no disco: 0/238
2026-05-06 14:03:03,344 [INFO]   Baixados: 238 | Pulados (já existiam): 0 | Falhas: 0
2026-05-06 14:03:03,346 [INFO] 
[33/88] Região: 00000000000000000020
2026-05-06 14:03:03,762 [INFO]   Grade: 225 patches (stride 230px = 0.009855° | patch 256px = 0.010970°)
2026-05-06 14:03:03,765 [INFO]   Já no disco: 0/225
2026-05-06 14:15:02,312 [INFO]   Baixados: 225 | Pulados (já existiam): 0 | Falhas: 0
2026-05-06 14:15:02,314 [INFO] 
[34/88] Região: 00000000000000000021
2026-05-06 14:15:02,657 [INFO]   Grade: 100 patches (stride 230px = 0.009855° | patch 256px = 0.010970°)
2026-05-06 14:15:02,659 [INFO]   Já no disco: 0/100
2026-05-06 14:15:21,681 [WARNING] Sleeping 1.32 seconds before retry 1 of 5 for request: POST https://earthengine.googleapis.com/v1/projects/mapbiomas-caatinga-cloud04/image:computePixels?, after 503
2026-05-06 14:20:21,727 [INFO]   Baixados: 100 | Pulados (já existiam): 0 | Falhas: 0
2026-05-06 14:20:21,730 [INFO] 
[35/88] Região: 00000000000000000022
2026-05-06 14:20:22,141 [INFO]   Grade: 221 patches (stride 230px = 0.009855° | patch 256px = 0.010970°)
2026-05-06 14:20:22,144 [INFO]   Já no disco: 0/221
2026-05-06 14:32:26,411 [INFO]   Baixados: 221 | Pulados (já existiam): 0 | Falhas: 0
2026-05-06 14:32:26,414 [INFO] 
[36/88] Região: 00000000000000000023
2026-05-06 14:32:26,829 [INFO]   Grade: 195 patches (stride 230px = 0.009855° | patch 256px = 0.010970°)
2026-05-06 14:32:26,832 [INFO]   Já no disco: 0/195
2026-05-06 14:43:11,595 [INFO]   Baixados: 195 | Pulados (já existiam): 0 | Falhas: 0
2026-05-06 14:43:11,597 [INFO] 
[37/88] Região: 00000000000000000024
2026-05-06 14:43:11,943 [INFO]   Grade: 100 patches (stride 230px = 0.009855° | patch 256px = 0.010970°)
2026-05-06 14:43:11,946 [INFO]   Já no disco: 0/100
2026-05-06 14:48:34,098 [INFO]   Baixados: 100 | Pulados (já existiam): 0 | Falhas: 0
2026-05-06 14:48:34,100 [INFO] 
[38/88] Região: 00000000000000000025
2026-05-06 14:48:34,391 [INFO]   Grade: 143 patches (stride 230px = 0.009855° | patch 256px = 0.010970°)
2026-05-06 14:48:34,393 [INFO]   Já no disco: 0/143
2026-05-06 14:49:22,718 [WARNING] Sleeping 0.63 seconds before retry 1 of 5 for request: POST https://earthengine.googleapis.com/v1/projects/mapbiomas-caatinga-cloud04/image:computePixels?, after 503
2026-05-06 14:56:20,872 [INFO]   Baixados: 143 | Pulados (já existiam): 0 | Falhas: 0
2026-05-06 14:56:20,875 [INFO] 
[39/88] Região: 00000000000000000026
2026-05-06 14:56:21,299 [INFO]   Grade: 156 patches (stride 230px = 0.009855° | patch 256px = 0.010970°)
2026-05-06 14:56:21,303 [INFO]   Já no disco: 0/156
2026-05-06 15:04:58,986 [INFO]   Baixados: 156 | Pulados (já existiam): 0 | Falhas: 0
2026-05-06 15:04:58,988 [INFO] 
[40/88] Região: 00000000000000000027
2026-05-06 15:04:59,366 [INFO]   Grade: 100 patches (stride 230px = 0.009855° | patch 256px = 0.010970°)
2026-05-06 15:04:59,369 [INFO]   Já no disco: 0/100
2026-05-06 15:08:18,710 [WARNING] Sleeping 0.63 seconds before retry 1 of 5 for request: POST https://earthengine.googleapis.com/v1/projects/mapbiomas-caatinga-cloud04/image:computePixels?, after 503
2026-05-06 15:10:24,070 [INFO]   Baixados: 100 | Pulados (já existiam): 0 | Falhas: 0
2026-05-06 15:10:24,072 [INFO] 
[41/88] Região: 00000000000000000028
2026-05-06 15:10:24,650 [INFO]   Grade: 100 patches (stride 230px = 0.009855° | patch 256px = 0.010970°)
2026-05-06 15:10:24,653 [INFO]   Já no disco: 0/100
2026-05-06 15:15:51,621 [INFO]   Baixados: 100 | Pulados (já existiam): 0 | Falhas: 0
2026-05-06 15:15:51,623 [INFO] 
[42/88] Região: 00000000000000000029
2026-05-06 15:15:51,996 [INFO]   Grade: 121 patches (stride 230px = 0.009855° | patch 256px = 0.010970°)
2026-05-06 15:15:51,999 [INFO]   Já no disco: 0/121
2026-05-06 15:22:21,271 [INFO]   Baixados: 121 | Pulados (já existiam): 0 | Falhas: 0
2026-05-06 15:22:21,273 [INFO] 
[43/88] Região: 0000000000000000002a
2026-05-06 15:22:21,666 [INFO]   Grade: 100 patches (stride 230px = 0.009855° | patch 256px = 0.010970°)
2026-05-06 15:22:21,669 [INFO]   Já no disco: 0/100
2026-05-06 15:27:39,873 [INFO]   Baixados: 100 | Pulados (já existiam): 0 | Falhas: 0
2026-05-06 15:27:39,875 [INFO] 
[44/88] Região: 0000000000000000002b
2026-05-06 15:27:41,004 [INFO]   Grade: 144 patches (stride 230px = 0.009855° | patch 256px = 0.010970°)
2026-05-06 15:27:41,008 [INFO]   Já no disco: 0/144
2026-05-06 15:35:22,763 [INFO]   Baixados: 144 | Pulados (já existiam): 0 | Falhas: 0
2026-05-06 15:35:22,766 [INFO] 
[45/88] Região: 0000000000000000002c
2026-05-06 15:35:23,132 [INFO]   Grade: 100 patches (stride 230px = 0.009855° | patch 256px = 0.010970°)
2026-05-06 15:35:23,136 [INFO]   Já no disco: 0/100
2026-05-06 15:40:38,131 [INFO]   Baixados: 100 | Pulados (já existiam): 0 | Falhas: 0
2026-05-06 15:40:38,134 [INFO] 
[46/88] Região: 0000000000000000002d
2026-05-06 15:40:38,615 [INFO]   Grade: 182 patches (stride 230px = 0.009855° | patch 256px = 0.010970°)
2026-05-06 15:40:38,619 [INFO]   Já no disco: 0/182
2026-05-06 15:47:17,309 [WARNING] Sleeping 1.34 seconds before retry 1 of 5 for request: POST https://earthengine.googleapis.com/v1/projects/mapbiomas-caatinga-cloud04/image:computePixels?, after 503
2026-05-06 15:50:48,165 [INFO]   Baixados: 182 | Pulados (já existiam): 0 | Falhas: 0
2026-05-06 15:50:48,168 [INFO] 
[47/88] Região: 0000000000000000002e
2026-05-06 15:50:48,491 [INFO]   Grade: 182 patches (stride 230px = 0.009855° | patch 256px = 0.010970°)
2026-05-06 15:50:48,497 [INFO]   Já no disco: 0/182
2026-05-06 16:00:33,627 [INFO]   Baixados: 182 | Pulados (já existiam): 0 | Falhas: 0
2026-05-06 16:00:33,633 [INFO] 
[48/88] Região: 0000000000000000002f
2026-05-06 16:00:33,958 [INFO]   Grade: 100 patches (stride 230px = 0.009855° | patch 256px = 0.010970°)
2026-05-06 16:00:33,963 [INFO]   Já no disco: 0/100
2026-05-06 16:05:50,544 [INFO]   Baixados: 100 | Pulados (já existiam): 0 | Falhas: 0
2026-05-06 16:05:50,547 [INFO] 
[49/88] Região: 00000000000000000030
2026-05-06 16:05:50,893 [INFO]   Grade: 144 patches (stride 230px = 0.009855° | patch 256px = 0.010970°)
2026-05-06 16:05:50,896 [INFO]   Já no disco: 0/144
2026-05-06 16:13:45,495 [INFO]   Baixados: 144 | Pulados (já existiam): 0 | Falhas: 0
2026-05-06 16:13:45,497 [INFO] 
[50/88] Região: 00000000000000000031
2026-05-06 16:13:45,987 [INFO]   Grade: 100 patches (stride 230px = 0.009855° | patch 256px = 0.010970°)
2026-05-06 16:13:45,991 [INFO]   Já no disco: 0/100
2026-05-06 16:19:05,746 [INFO]   Baixados: 100 | Pulados (já existiam): 0 | Falhas: 0
2026-05-06 16:19:05,748 [INFO] 
[51/88] Região: 00000000000000000032
2026-05-06 16:19:06,984 [INFO]   Grade: 100 patches (stride 230px = 0.009855° | patch 256px = 0.010970°)
2026-05-06 16:19:06,992 [INFO]   Já no disco: 0/100
2026-05-06 16:24:21,596 [INFO]   Baixados: 100 | Pulados (já existiam): 0 | Falhas: 0
2026-05-06 16:24:21,599 [INFO] 
[52/88] Região: 00000000000000000033
2026-05-06 16:24:22,627 [INFO]   Grade: 100 patches (stride 230px = 0.009855° | patch 256px = 0.010970°)
2026-05-06 16:24:22,629 [INFO]   Já no disco: 0/100
2026-05-06 16:29:35,031 [INFO]   Baixados: 100 | Pulados (já existiam): 0 | Falhas: 0
2026-05-06 16:29:35,034 [INFO] 
[53/88] Região: 00000000000000000034
2026-05-06 16:29:36,109 [INFO]   Grade: 100 patches (stride 230px = 0.009855° | patch 256px = 0.010970°)
2026-05-06 16:29:36,112 [INFO]   Já no disco: 0/100
2026-05-06 16:34:52,748 [INFO]   Baixados: 100 | Pulados (já existiam): 0 | Falhas: 0
2026-05-06 16:34:52,751 [INFO] 
[54/88] Região: 00000000000000000035
2026-05-06 16:34:53,210 [INFO]   Grade: 100 patches (stride 230px = 0.009855° | patch 256px = 0.010970°)
2026-05-06 16:34:53,213 [INFO]   Já no disco: 0/100
2026-05-06 16:40:11,977 [INFO]   Baixados: 100 | Pulados (já existiam): 0 | Falhas: 0
2026-05-06 16:40:11,980 [INFO] 
[55/88] Região: 00000000000000000036
2026-05-06 16:40:12,381 [INFO]   Grade: 132 patches (stride 230px = 0.009855° | patch 256px = 0.010970°)
2026-05-06 16:40:12,384 [INFO]   Já no disco: 0/132
2026-05-06 16:47:03,891 [INFO]   Baixados: 132 | Pulados (já existiam): 0 | Falhas: 0
2026-05-06 16:47:03,893 [INFO] 
[56/88] Região: 00000000000000000037
2026-05-06 16:47:04,216 [INFO]   Grade: 168 patches (stride 230px = 0.009855° | patch 256px = 0.010970°)
2026-05-06 16:47:04,218 [INFO]   Já no disco: 0/168
2026-05-06 16:55:51,078 [INFO]   Baixados: 168 | Pulados (já existiam): 0 | Falhas: 0
2026-05-06 16:55:51,080 [INFO] 
[57/88] Região: 00000000000000000038
2026-05-06 16:55:51,388 [INFO]   Grade: 234 patches (stride 230px = 0.009855° | patch 256px = 0.010970°)
2026-05-06 16:55:51,391 [INFO]   Já no disco: 0/234
2026-05-06 17:08:14,432 [INFO]   Baixados: 234 | Pulados (já existiam): 0 | Falhas: 0
2026-05-06 17:08:14,435 [INFO] 
[58/88] Região: 00000000000000000039
2026-05-06 17:08:14,738 [INFO]   Grade: 100 patches (stride 230px = 0.009855° | patch 256px = 0.010970°)
2026-05-06 17:08:14,741 [INFO]   Já no disco: 0/100
2026-05-06 17:13:32,990 [INFO]   Baixados: 100 | Pulados (já existiam): 0 | Falhas: 0
2026-05-06 17:13:32,993 [INFO] 
[59/88] Região: 0000000000000000003a
2026-05-06 17:13:33,333 [INFO]   Grade: 100 patches (stride 230px = 0.009855° | patch 256px = 0.010970°)
2026-05-06 17:13:33,336 [INFO]   Já no disco: 0/100
2026-05-06 17:18:50,583 [INFO]   Baixados: 100 | Pulados (já existiam): 0 | Falhas: 0
2026-05-06 17:18:50,585 [INFO] 
[60/88] Região: 0000000000000000003b
2026-05-06 17:18:51,617 [INFO]   Grade: 361 patches (stride 230px = 0.009855° | patch 256px = 0.010970°)
2026-05-06 17:18:51,623 [INFO]   Já no disco: 0/361
2026-05-06 17:38:52,099 [INFO]   Baixados: 361 | Pulados (já existiam): 0 | Falhas: 0
2026-05-06 17:38:52,101 [INFO] 
[61/88] Região: 0000000000000000003c
2026-05-06 17:38:52,464 [INFO]   Grade: 165 patches (stride 230px = 0.009855° | patch 256px = 0.010970°)
2026-05-06 17:38:52,467 [INFO]   Já no disco: 0/165
2026-05-06 17:47:34,683 [INFO]   Baixados: 165 | Pulados (já existiam): 0 | Falhas: 0
2026-05-06 17:47:34,685 [INFO] 
[62/88] Região: 0000000000000000003d
2026-05-06 17:47:35,063 [INFO]   Grade: 169 patches (stride 230px = 0.009855° | patch 256px = 0.010970°)
2026-05-06 17:47:35,066 [INFO]   Já no disco: 0/169
2026-05-06 17:56:38,463 [INFO]   Baixados: 169 | Pulados (já existiam): 0 | Falhas: 0
2026-05-06 17:56:38,466 [INFO] 
[63/88] Região: 0000000000000000003e
2026-05-06 17:56:38,816 [INFO]   Grade: 272 patches (stride 230px = 0.009855° | patch 256px = 0.010970°)
2026-05-06 17:56:38,819 [INFO]   Já no disco: 0/272
2026-05-06 18:09:54,210 [WARNING] Sleeping 1.31 seconds before retry 1 of 5 for request: POST https://earthengine.googleapis.com/v1/projects/mapbiomas-caatinga-cloud04/image:computePixels?, after 503
2026-05-06 18:10:51,165 [WARNING] Sleeping 1.55 seconds before retry 1 of 5 for request: POST https://earthengine.googleapis.com/v1/projects/mapbiomas-caatinga-cloud04/image:computePixels?, after 503
2026-05-06 18:12:01,359 [WARNING] Sleeping 0.47 seconds before retry 1 of 5 for request: POST https://earthengine.googleapis.com/v1/projects/mapbiomas-caatinga-cloud04/image:computePixels?, after 503
2026-05-06 18:12:23,052 [WARNING] Sleeping 1.70 seconds before retry 1 of 5 for request: POST https://earthengine.googleapis.com/v1/projects/mapbiomas-caatinga-cloud04/image:computePixels?, after 503
2026-05-06 18:13:46,433 [INFO]   Baixados: 272 | Pulados (já existiam): 0 | Falhas: 0
2026-05-06 18:13:46,435 [INFO] 
[64/88] Região: 0000000000000000003f
2026-05-06 18:13:47,452 [INFO]   Grade: 100 patches (stride 230px = 0.009855° | patch 256px = 0.010970°)
2026-05-06 18:13:47,454 [INFO]   Já no disco: 0/100
2026-05-06 18:19:43,104 [INFO]   Baixados: 100 | Pulados (já existiam): 0 | Falhas: 0
2026-05-06 18:19:43,106 [INFO] 
[65/88] Região: 00000000000000000040
2026-05-06 18:19:43,610 [INFO]   Grade: 132 patches (stride 230px = 0.009855° | patch 256px = 0.010970°)
2026-05-06 18:19:43,613 [INFO]   Já no disco: 0/132
2026-05-06 18:26:51,697 [INFO]   Baixados: 132 | Pulados (já existiam): 0 | Falhas: 0
2026-05-06 18:26:51,699 [INFO] 
[66/88] Região: 00000000000000000041
2026-05-06 18:26:52,052 [INFO]   Grade: 352 patches (stride 230px = 0.009855° | patch 256px = 0.010970°)
2026-05-06 18:26:52,055 [INFO]   Já no disco: 0/352
2026-05-06 18:46:24,015 [INFO]   Baixados: 352 | Pulados (já existiam): 0 | Falhas: 0
2026-05-06 18:46:24,017 [INFO] 
[67/88] Região: 00000000000000000042
2026-05-06 18:46:24,388 [INFO]   Grade: 255 patches (stride 230px = 0.009855° | patch 256px = 0.010970°)
2026-05-06 18:46:24,391 [INFO]   Já no disco: 0/255
2026-05-06 18:59:51,426 [INFO]   Baixados: 255 | Pulados (já existiam): 0 | Falhas: 0
2026-05-06 18:59:51,428 [INFO] 
[68/88] Região: 00000000000000000043
2026-05-06 18:59:52,493 [INFO]   Grade: 132 patches (stride 230px = 0.009855° | patch 256px = 0.010970°)
2026-05-06 18:59:52,499 [INFO]   Já no disco: 0/132
2026-05-06 19:06:52,889 [INFO]   Baixados: 132 | Pulados (já existiam): 0 | Falhas: 0
2026-05-06 19:06:52,892 [INFO] 
[69/88] Região: 00000000000000000044
2026-05-06 19:06:53,291 [INFO]   Grade: 100 patches (stride 230px = 0.009855° | patch 256px = 0.010970°)
2026-05-06 19:06:53,294 [INFO]   Já no disco: 0/100
2026-05-06 19:12:06,180 [INFO]   Baixados: 100 | Pulados (já existiam): 0 | Falhas: 0
2026-05-06 19:12:06,183 [INFO] 
[70/88] Região: 00000000000000000045
2026-05-06 19:12:06,632 [INFO]   Grade: 252 patches (stride 230px = 0.009855° | patch 256px = 0.010970°)
2026-05-06 19:12:06,634 [INFO]   Já no disco: 0/252
2026-05-06 19:25:37,096 [INFO]   Baixados: 252 | Pulados (já existiam): 0 | Falhas: 0
2026-05-06 19:25:37,099 [INFO] 
[71/88] Região: 00000000000000000046
2026-05-06 19:25:37,448 [INFO]   Grade: 110 patches (stride 230px = 0.009855° | patch 256px = 0.010970°)
2026-05-06 19:25:37,451 [INFO]   Já no disco: 0/110
2026-05-06 19:31:29,380 [INFO]   Baixados: 110 | Pulados (já existiam): 0 | Falhas: 0
2026-05-06 19:31:29,382 [INFO] 
[72/88] Região: 00000000000000000047
2026-05-06 19:31:29,818 [INFO]   Grade: 100 patches (stride 230px = 0.009855° | patch 256px = 0.010970°)
2026-05-06 19:31:29,821 [INFO]   Já no disco: 0/100
2026-05-06 19:36:48,291 [INFO]   Baixados: 100 | Pulados (já existiam): 0 | Falhas: 0
2026-05-06 19:36:48,294 [INFO] 
[73/88] Região: 00000000000000000048
2026-05-06 19:36:49,379 [INFO]   Grade: 100 patches (stride 230px = 0.009855° | patch 256px = 0.010970°)
2026-05-06 19:36:49,382 [INFO]   Já no disco: 0/100
2026-05-06 19:42:04,408 [INFO]   Baixados: 100 | Pulados (já existiam): 0 | Falhas: 0
2026-05-06 19:42:04,410 [INFO] 
[74/88] Região: 00000000000000000049
2026-05-06 19:42:05,480 [INFO]   Grade: 374 patches (stride 230px = 0.009855° | patch 256px = 0.010970°)
2026-05-06 19:42:05,485 [INFO]   Já no disco: 0/374
2026-05-06 20:02:40,195 [INFO]   Baixados: 374 | Pulados (já existiam): 0 | Falhas: 0
2026-05-06 20:02:40,197 [INFO] 
[75/88] Região: 0000000000000000004a
2026-05-06 20:02:40,530 [INFO]   Grade: 132 patches (stride 230px = 0.009855° | patch 256px = 0.010970°)
2026-05-06 20:02:40,533 [INFO]   Já no disco: 0/132
2026-05-06 20:10:03,018 [INFO]   Baixados: 132 | Pulados (já existiam): 0 | Falhas: 0
2026-05-06 20:10:03,021 [INFO] 
[76/88] Região: 0000000000000000004b
2026-05-06 20:10:03,361 [INFO]   Grade: 144 patches (stride 230px = 0.009855° | patch 256px = 0.010970°)
2026-05-06 20:10:03,365 [INFO]   Já no disco: 0/144
2026-05-06 20:17:47,851 [INFO]   Baixados: 144 | Pulados (já existiam): 0 | Falhas: 0
2026-05-06 20:17:47,853 [INFO] 
[77/88] Região: 0000000000000000004c
2026-05-06 20:17:49,089 [INFO]   Grade: 120 patches (stride 230px = 0.009855° | patch 256px = 0.010970°)
2026-05-06 20:17:49,093 [INFO]   Já no disco: 0/120
2026-05-06 20:24:21,321 [INFO]   Baixados: 120 | Pulados (já existiam): 0 | Falhas: 0
2026-05-06 20:24:21,324 [INFO] 
[78/88] Região: 0000000000000000004d
2026-05-06 20:24:22,544 [INFO]   Grade: 132 patches (stride 230px = 0.009855° | patch 256px = 0.010970°)
2026-05-06 20:24:22,548 [INFO]   Já no disco: 0/132
2026-05-06 20:31:36,932 [INFO]   Baixados: 132 | Pulados (já existiam): 0 | Falhas: 0
2026-05-06 20:31:36,935 [INFO] 
[79/88] Região: 0000000000000000004e
2026-05-06 20:31:37,255 [INFO]   Grade: 110 patches (stride 230px = 0.009855° | patch 256px = 0.010970°)
2026-05-06 20:31:37,258 [INFO]   Já no disco: 0/110
2026-05-06 20:37:55,988 [INFO]   Baixados: 110 | Pulados (já existiam): 0 | Falhas: 0
2026-05-06 20:37:55,990 [INFO] 
[80/88] Região: 0000000000000000004f
2026-05-06 20:37:56,309 [INFO]   Grade: 121 patches (stride 230px = 0.009855° | patch 256px = 0.010970°)
2026-05-06 20:37:56,313 [INFO]   Já no disco: 0/121
2026-05-06 20:44:28,950 [INFO]   Baixados: 121 | Pulados (já existiam): 0 | Falhas: 0
2026-05-06 20:44:28,952 [INFO] 
[81/88] Região: 00000000000000000050
2026-05-06 20:44:29,368 [INFO]   Grade: 110 patches (stride 230px = 0.009855° | patch 256px = 0.010970°)
2026-05-06 20:44:29,370 [INFO]   Já no disco: 0/110
2026-05-06 20:50:30,263 [INFO]   Baixados: 110 | Pulados (já existiam): 0 | Falhas: 0
2026-05-06 20:50:30,265 [INFO] 
[82/88] Região: 00000000000000000051
2026-05-06 20:50:31,562 [INFO]   Grade: 121 patches (stride 230px = 0.009855° | patch 256px = 0.010970°)
2026-05-06 20:50:31,565 [INFO]   Já no disco: 0/121
2026-05-06 20:57:23,190 [INFO]   Baixados: 121 | Pulados (já existiam): 0 | Falhas: 0
2026-05-06 20:57:23,192 [INFO] 
[83/88] Região: 00000000000000000052
2026-05-06 20:57:23,605 [INFO]   Grade: 110 patches (stride 230px = 0.009855° | patch 256px = 0.010970°)
2026-05-06 20:57:23,608 [INFO]   Já no disco: 0/110
2026-05-06 21:03:27,660 [INFO]   Baixados: 110 | Pulados (já existiam): 0 | Falhas: 0
2026-05-06 21:03:27,662 [INFO] 
[84/88] Região: 00000000000000000053
2026-05-06 21:03:28,125 [INFO]   Grade: 100 patches (stride 230px = 0.009855° | patch 256px = 0.010970°)
2026-05-06 21:03:28,128 [INFO]   Já no disco: 0/100
2026-05-06 21:09:02,048 [INFO]   Baixados: 100 | Pulados (já existiam): 0 | Falhas: 0
2026-05-06 21:09:02,051 [INFO] 
[85/88] Região: 00000000000000000054
2026-05-06 21:09:02,387 [INFO]   Grade: 224 patches (stride 230px = 0.009855° | patch 256px = 0.010970°)
2026-05-06 21:09:02,390 [INFO]   Já no disco: 0/224
2026-05-06 21:21:27,741 [INFO]   Baixados: 224 | Pulados (já existiam): 0 | Falhas: 0
2026-05-06 21:21:27,743 [INFO] 
[86/88] Região: 00000000000000000055
2026-05-06 21:21:28,219 [INFO]   Grade: 110 patches (stride 230px = 0.009855° | patch 256px = 0.010970°)
2026-05-06 21:21:28,223 [INFO]   Já no disco: 0/110
2026-05-06 21:27:31,442 [INFO]   Baixados: 110 | Pulados (já existiam): 0 | Falhas: 0
2026-05-06 21:27:31,444 [INFO] 
[87/88] Região: 00000000000000000056
2026-05-06 21:27:31,873 [INFO]   Grade: 132 patches (stride 230px = 0.009855° | patch 256px = 0.010970°)
2026-05-06 21:27:31,876 [INFO]   Já no disco: 0/132
2026-05-06 21:34:53,236 [INFO]   Baixados: 132 | Pulados (já existiam): 0 | Falhas: 0
2026-05-06 21:34:53,239 [INFO] 
[88/88] Região: 00000000000000000057
2026-05-06 21:34:53,668 [INFO]   Grade: 120 patches (stride 230px = 0.009855° | patch 256px = 0.010970°)
2026-05-06 21:34:53,671 [INFO]   Já no disco: 0/120
2026-05-06 21:41:27,625 [INFO]   Baixados: 120 | Pulados (já existiam): 0 | Falhas: 0
2026-05-06 21:41:27,627 [INFO] 
Exportação concluída. Log salvo em: /home/superusuario/Dados/proj/dev_mapping_sistemas_fotovoltaicos_usinas/src/posprocessing/export_npy.log
2026-05-08 15:07:52,709 [INFO] Carregando feature collection de regiões fotovoltaicas...
2026-05-08 15:07:53,192 [INFO] Total de regiões: 88 | Processando [0:90]
2026-05-08 15:07:53,193 [INFO] 
============================================================
2026-05-08 15:07:53,193 [INFO] --- Ano 2016 ---
2026-05-08 15:07:53,651 [INFO] 
[1/88] Região: 00000000000000000000
2026-05-08 15:07:54,085 [INFO]   Grade: 121 patches (stride 230px = 0.009855° | patch 256px = 0.010970°)
2026-05-08 15:07:54,098 [INFO]   Já no disco: 227/121
2026-05-08 15:07:54,098 [INFO]   Todos os patches já existem. Pulando.
2026-05-08 15:07:54,098 [INFO] 
[2/88] Região: 00000000000000000001
2026-05-08 15:07:54,586 [INFO]   Grade: 120 patches (stride 230px = 0.009855° | patch 256px = 0.010970°)
2026-05-08 15:07:54,593 [INFO]   Já no disco: 120/120
2026-05-08 15:07:54,593 [INFO]   Todos os patches já existem. Pulando.
2026-05-08 15:07:54,594 [INFO] 
[3/88] Região: 00000000000000000002
2026-05-08 15:07:54,988 [INFO]   Grade: 132 patches (stride 230px = 0.009855° | patch 256px = 0.010970°)
2026-05-08 15:07:54,997 [INFO]   Já no disco: 132/132
2026-05-08 15:07:54,997 [INFO]   Todos os patches já existem. Pulando.
2026-05-08 15:07:54,997 [INFO] 
[4/88] Região: 00000000000000000003
2026-05-08 15:07:55,475 [INFO]   Grade: 63 patches (stride 230px = 0.009855° | patch 256px = 0.010970°)
2026-05-08 15:07:55,481 [INFO]   Já no disco: 63/63
2026-05-08 15:07:55,481 [INFO]   Todos os patches já existem. Pulando.
2026-05-08 15:07:55,481 [INFO] 
[5/88] Região: 00000000000000000004
2026-05-08 15:07:55,920 [INFO]   Grade: 9 patches (stride 230px = 0.009855° | patch 256px = 0.010970°)
2026-05-08 15:07:55,927 [INFO]   Já no disco: 9/9
2026-05-08 15:07:55,927 [INFO]   Todos os patches já existem. Pulando.
2026-05-08 15:07:55,927 [INFO] 
[6/88] Região: 00000000000000000005
2026-05-08 15:07:56,387 [INFO]   Grade: 90 patches (stride 230px = 0.009855° | patch 256px = 0.010970°)
2026-05-08 15:07:56,394 [INFO]   Já no disco: 90/90
2026-05-08 15:07:56,395 [INFO]   Todos os patches já existem. Pulando.
2026-05-08 15:07:56,395 [INFO] 
[7/88] Região: 00000000000000000006
2026-05-08 15:07:56,814 [INFO]   Grade: 238 patches (stride 230px = 0.009855° | patch 256px = 0.010970°)
2026-05-08 15:07:56,823 [INFO]   Já no disco: 238/238
2026-05-08 15:07:56,824 [INFO]   Todos os patches já existem. Pulando.
2026-05-08 15:07:56,824 [INFO] 
[8/88] Região: 00000000000000000007
2026-05-08 15:07:57,198 [INFO]   Grade: 110 patches (stride 230px = 0.009855° | patch 256px = 0.010970°)
2026-05-08 15:07:57,206 [INFO]   Já no disco: 110/110
2026-05-08 15:07:57,207 [INFO]   Todos os patches já existem. Pulando.
2026-05-08 15:07:57,207 [INFO] 
[9/88] Região: 00000000000000000008
2026-05-08 15:07:57,669 [INFO]   Grade: 132 patches (stride 230px = 0.009855° | patch 256px = 0.010970°)
2026-05-08 15:07:57,677 [INFO]   Já no disco: 132/132
2026-05-08 15:07:57,677 [INFO]   Todos os patches já existem. Pulando.
2026-05-08 15:07:57,677 [INFO] 
[10/88] Região: 00000000000000000009
2026-05-08 15:07:58,003 [INFO]   Grade: 121 patches (stride 230px = 0.009855° | patch 256px = 0.010970°)
2026-05-08 15:07:58,011 [INFO]   Já no disco: 121/121
2026-05-08 15:07:58,011 [INFO]   Todos os patches já existem. Pulando.
2026-05-08 15:07:58,011 [INFO] 
[11/88] Região: 0000000000000000000a
2026-05-08 15:07:58,471 [INFO]   Grade: 156 patches (stride 230px = 0.009855° | patch 256px = 0.010970°)
2026-05-08 15:07:58,479 [INFO]   Já no disco: 156/156
2026-05-08 15:07:58,479 [INFO]   Todos os patches já existem. Pulando.
2026-05-08 15:07:58,480 [INFO] 
[12/88] Região: 0000000000000000000b
2026-05-08 15:07:58,943 [INFO]   Grade: 240 patches (stride 230px = 0.009855° | patch 256px = 0.010970°)
2026-05-08 15:07:58,953 [INFO]   Já no disco: 240/240
2026-05-08 15:07:58,953 [INFO]   Todos os patches já existem. Pulando.
2026-05-08 15:07:58,954 [INFO] 
[13/88] Região: 0000000000000000000c
2026-05-08 15:07:59,301 [INFO]   Grade: 120 patches (stride 230px = 0.009855° | patch 256px = 0.010970°)
2026-05-08 15:07:59,309 [INFO]   Já no disco: 120/120
2026-05-08 15:07:59,309 [INFO]   Todos os patches já existem. Pulando.
2026-05-08 15:07:59,310 [INFO] 
[14/88] Região: 0000000000000000000d
2026-05-08 15:07:59,766 [INFO]   Grade: 156 patches (stride 230px = 0.009855° | patch 256px = 0.010970°)
2026-05-08 15:07:59,774 [INFO]   Já no disco: 156/156
2026-05-08 15:07:59,774 [INFO]   Todos os patches já existem. Pulando.
2026-05-08 15:07:59,775 [INFO] 
[15/88] Região: 0000000000000000000e
2026-05-08 15:08:00,228 [INFO]   Grade: 121 patches (stride 230px = 0.009855° | patch 256px = 0.010970°)
2026-05-08 15:08:00,237 [INFO]   Já no disco: 121/121
2026-05-08 15:08:00,237 [INFO]   Todos os patches já existem. Pulando.
2026-05-08 15:08:00,237 [INFO] 
[16/88] Região: 0000000000000000000f
2026-05-08 15:08:00,678 [INFO]   Grade: 121 patches (stride 230px = 0.009855° | patch 256px = 0.010970°)
2026-05-08 15:08:00,686 [INFO]   Já no disco: 121/121
2026-05-08 15:08:00,686 [INFO]   Todos os patches já existem. Pulando.
2026-05-08 15:08:00,686 [INFO] 
[17/88] Região: 00000000000000000010
2026-05-08 15:08:01,804 [INFO]   Grade: 120 patches (stride 230px = 0.009855° | patch 256px = 0.010970°)
2026-05-08 15:08:01,813 [INFO]   Já no disco: 120/120
2026-05-08 15:08:01,813 [INFO]   Todos os patches já existem. Pulando.
2026-05-08 15:08:01,813 [INFO] 
[18/88] Região: 00000000000000000011
2026-05-08 15:08:02,237 [INFO]   Grade: 110 patches (stride 230px = 0.009855° | patch 256px = 0.010970°)
2026-05-08 15:08:02,245 [INFO]   Já no disco: 110/110
2026-05-08 15:08:02,245 [INFO]   Todos os patches já existem. Pulando.
2026-05-08 15:08:02,245 [INFO] 
[19/88] Região: 00000000000000000012
2026-05-08 15:08:02,727 [INFO]   Grade: 110 patches (stride 230px = 0.009855° | patch 256px = 0.010970°)
2026-05-08 15:08:02,736 [INFO]   Já no disco: 110/110
2026-05-08 15:08:02,736 [INFO]   Todos os patches já existem. Pulando.
2026-05-08 15:08:02,736 [INFO] 
[20/88] Região: 00000000000000000013
2026-05-08 15:08:03,264 [INFO]   Grade: 576 patches (stride 230px = 0.009855° | patch 256px = 0.010970°)
2026-05-08 15:08:03,282 [INFO]   Já no disco: 576/576
2026-05-08 15:08:03,282 [INFO]   Todos os patches já existem. Pulando.
2026-05-08 15:08:03,282 [INFO] 
[21/88] Região: 00000000000000000014
2026-05-08 15:08:03,672 [INFO]   Grade: 130 patches (stride 230px = 0.009855° | patch 256px = 0.010970°)
2026-05-08 15:08:03,681 [INFO]   Já no disco: 130/130
2026-05-08 15:08:03,681 [INFO]   Todos os patches já existem. Pulando.
2026-05-08 15:08:03,681 [INFO] 
[22/88] Região: 00000000000000000015
2026-05-08 15:08:04,110 [INFO]   Grade: 357 patches (stride 230px = 0.009855° | patch 256px = 0.010970°)
2026-05-08 15:08:04,123 [INFO]   Já no disco: 357/357
2026-05-08 15:08:04,123 [INFO]   Todos os patches já existem. Pulando.
2026-05-08 15:08:04,124 [INFO] 
[23/88] Região: 00000000000000000016
2026-05-08 15:08:04,383 [INFO]   Grade: 182 patches (stride 230px = 0.009855° | patch 256px = 0.010970°)
2026-05-08 15:08:04,393 [INFO]   Já no disco: 182/182
2026-05-08 15:08:04,393 [INFO]   Todos os patches já existem. Pulando.
2026-05-08 15:08:04,393 [INFO] 
[24/88] Região: 00000000000000000017
2026-05-08 15:08:04,791 [INFO]   Grade: 140 patches (stride 230px = 0.009855° | patch 256px = 0.010970°)
2026-05-08 15:08:04,800 [INFO]   Já no disco: 140/140
2026-05-08 15:08:04,801 [INFO]   Todos os patches já existem. Pulando.
2026-05-08 15:08:04,801 [INFO] 
[25/88] Região: 00000000000000000018
2026-05-08 15:08:05,084 [INFO]   Grade: 156 patches (stride 230px = 0.009855° | patch 256px = 0.010970°)
2026-05-08 15:08:05,093 [INFO]   Já no disco: 156/156
2026-05-08 15:08:05,093 [INFO]   Todos os patches já existem. Pulando.
2026-05-08 15:08:05,094 [INFO] 
[26/88] Região: 00000000000000000019
2026-05-08 15:08:05,503 [INFO]   Grade: 100 patches (stride 230px = 0.009855° | patch 256px = 0.010970°)
2026-05-08 15:08:05,510 [INFO]   Já no disco: 100/100
2026-05-08 15:08:05,510 [INFO]   Todos os patches já existem. Pulando.
2026-05-08 15:08:05,510 [INFO] 
[27/88] Região: 0000000000000000001a
2026-05-08 15:08:05,937 [INFO]   Grade: 110 patches (stride 230px = 0.009855° | patch 256px = 0.010970°)
2026-05-08 15:08:05,945 [INFO]   Já no disco: 110/110
2026-05-08 15:08:05,946 [INFO]   Todos os patches já existem. Pulando.
2026-05-08 15:08:05,946 [INFO] 
[28/88] Região: 0000000000000000001b
2026-05-08 15:08:06,423 [INFO]   Grade: 594 patches (stride 230px = 0.009855° | patch 256px = 0.010970°)
2026-05-08 15:08:06,441 [INFO]   Já no disco: 594/594
2026-05-08 15:08:06,441 [INFO]   Todos os patches já existem. Pulando.
2026-05-08 15:08:06,441 [INFO] 
[29/88] Região: 0000000000000000001c
2026-05-08 15:08:06,801 [INFO]   Grade: 255 patches (stride 230px = 0.009855° | patch 256px = 0.010970°)
2026-05-08 15:08:06,812 [INFO]   Já no disco: 255/255
2026-05-08 15:08:06,812 [INFO]   Todos os patches já existem. Pulando.
2026-05-08 15:08:06,813 [INFO] 
[30/88] Região: 0000000000000000001d
2026-05-08 15:08:08,104 [INFO]   Grade: 100 patches (stride 230px = 0.009855° | patch 256px = 0.010970°)
2026-05-08 15:08:08,113 [INFO]   Já no disco: 100/100
2026-05-08 15:08:08,113 [INFO]   Todos os patches já existem. Pulando.
2026-05-08 15:08:08,113 [INFO] 
[31/88] Região: 0000000000000000001e
2026-05-08 15:08:08,570 [INFO]   Grade: 100 patches (stride 230px = 0.009855° | patch 256px = 0.010970°)
2026-05-08 15:08:08,578 [INFO]   Já no disco: 100/100
2026-05-08 15:08:08,579 [INFO]   Todos os patches já existem. Pulando.
2026-05-08 15:08:08,579 [INFO] 
[32/88] Região: 0000000000000000001f
2026-05-08 15:08:09,058 [INFO]   Grade: 238 patches (stride 230px = 0.009855° | patch 256px = 0.010970°)
2026-05-08 15:08:09,067 [INFO]   Já no disco: 238/238
2026-05-08 15:08:09,067 [INFO]   Todos os patches já existem. Pulando.
2026-05-08 15:08:09,068 [INFO] 
[33/88] Região: 00000000000000000020
2026-05-08 15:08:09,505 [INFO]   Grade: 225 patches (stride 230px = 0.009855° | patch 256px = 0.010970°)
2026-05-08 15:08:09,515 [INFO]   Já no disco: 225/225
2026-05-08 15:08:09,515 [INFO]   Todos os patches já existem. Pulando.
2026-05-08 15:08:09,515 [INFO] 
[34/88] Região: 00000000000000000021
2026-05-08 15:08:10,001 [INFO]   Grade: 100 patches (stride 230px = 0.009855° | patch 256px = 0.010970°)
2026-05-08 15:08:10,006 [INFO]   Já no disco: 100/100
2026-05-08 15:08:10,006 [INFO]   Todos os patches já existem. Pulando.
2026-05-08 15:08:10,006 [INFO] 
[35/88] Região: 00000000000000000022
2026-05-08 15:08:10,458 [INFO]   Grade: 221 patches (stride 230px = 0.009855° | patch 256px = 0.010970°)
2026-05-08 15:08:10,468 [INFO]   Já no disco: 221/221
2026-05-08 15:08:10,468 [INFO]   Todos os patches já existem. Pulando.
2026-05-08 15:08:10,468 [INFO] 
[36/88] Região: 00000000000000000023
2026-05-08 15:08:10,876 [INFO]   Grade: 195 patches (stride 230px = 0.009855° | patch 256px = 0.010970°)
2026-05-08 15:08:10,886 [INFO]   Já no disco: 195/195
2026-05-08 15:08:10,886 [INFO]   Todos os patches já existem. Pulando.
2026-05-08 15:08:10,887 [INFO] 
[37/88] Região: 00000000000000000024
2026-05-08 15:08:11,165 [INFO]   Grade: 100 patches (stride 230px = 0.009855° | patch 256px = 0.010970°)
2026-05-08 15:08:11,173 [INFO]   Já no disco: 100/100
2026-05-08 15:08:11,174 [INFO]   Todos os patches já existem. Pulando.
2026-05-08 15:08:11,174 [INFO] 
[38/88] Região: 00000000000000000025
2026-05-08 15:08:11,688 [INFO]   Grade: 143 patches (stride 230px = 0.009855° | patch 256px = 0.010970°)
2026-05-08 15:08:11,696 [INFO]   Já no disco: 143/143
2026-05-08 15:08:11,696 [INFO]   Todos os patches já existem. Pulando.
2026-05-08 15:08:11,696 [INFO] 
[39/88] Região: 00000000000000000026
2026-05-08 15:08:11,994 [INFO]   Grade: 156 patches (stride 230px = 0.009855° | patch 256px = 0.010970°)
2026-05-08 15:08:12,003 [INFO]   Já no disco: 156/156
2026-05-08 15:08:12,004 [INFO]   Todos os patches já existem. Pulando.
2026-05-08 15:08:12,004 [INFO] 
[40/88] Região: 00000000000000000027
2026-05-08 15:08:12,404 [INFO]   Grade: 100 patches (stride 230px = 0.009855° | patch 256px = 0.010970°)
2026-05-08 15:08:12,412 [INFO]   Já no disco: 100/100
2026-05-08 15:08:12,413 [INFO]   Todos os patches já existem. Pulando.
2026-05-08 15:08:12,413 [INFO] 
[41/88] Região: 00000000000000000028
2026-05-08 15:08:12,800 [INFO]   Grade: 100 patches (stride 230px = 0.009855° | patch 256px = 0.010970°)
2026-05-08 15:08:12,807 [INFO]   Já no disco: 100/100
2026-05-08 15:08:12,807 [INFO]   Todos os patches já existem. Pulando.
2026-05-08 15:08:12,807 [INFO] 
[42/88] Região: 00000000000000000029
2026-05-08 15:08:13,062 [INFO]   Grade: 121 patches (stride 230px = 0.009855° | patch 256px = 0.010970°)
2026-05-08 15:08:13,070 [INFO]   Já no disco: 121/121
2026-05-08 15:08:13,070 [INFO]   Todos os patches já existem. Pulando.
2026-05-08 15:08:13,070 [INFO] 
[43/88] Região: 0000000000000000002a
2026-05-08 15:08:13,498 [INFO]   Grade: 100 patches (stride 230px = 0.009855° | patch 256px = 0.010970°)
2026-05-08 15:08:13,506 [INFO]   Já no disco: 100/100
2026-05-08 15:08:13,507 [INFO]   Todos os patches já existem. Pulando.
2026-05-08 15:08:13,507 [INFO] 
[44/88] Região: 0000000000000000002b
2026-05-08 15:08:13,965 [INFO]   Grade: 144 patches (stride 230px = 0.009855° | patch 256px = 0.010970°)
2026-05-08 15:08:13,973 [INFO]   Já no disco: 144/144
2026-05-08 15:08:13,973 [INFO]   Todos os patches já existem. Pulando.
2026-05-08 15:08:13,974 [INFO] 
[45/88] Região: 0000000000000000002c
2026-05-08 15:08:14,350 [INFO]   Grade: 100 patches (stride 230px = 0.009855° | patch 256px = 0.010970°)
2026-05-08 15:08:14,358 [INFO]   Já no disco: 100/100
2026-05-08 15:08:14,358 [INFO]   Todos os patches já existem. Pulando.
2026-05-08 15:08:14,358 [INFO] 
[46/88] Região: 0000000000000000002d
2026-05-08 15:08:14,762 [INFO]   Grade: 182 patches (stride 230px = 0.009855° | patch 256px = 0.010970°)
2026-05-08 15:08:14,771 [INFO]   Já no disco: 182/182
2026-05-08 15:08:14,771 [INFO]   Todos os patches já existem. Pulando.
2026-05-08 15:08:14,771 [INFO] 
[47/88] Região: 0000000000000000002e
2026-05-08 15:08:15,222 [INFO]   Grade: 182 patches (stride 230px = 0.009855° | patch 256px = 0.010970°)
2026-05-08 15:08:15,232 [INFO]   Já no disco: 182/182
2026-05-08 15:08:15,232 [INFO]   Todos os patches já existem. Pulando.
2026-05-08 15:08:15,232 [INFO] 
[48/88] Região: 0000000000000000002f
2026-05-08 15:08:15,568 [INFO]   Grade: 100 patches (stride 230px = 0.009855° | patch 256px = 0.010970°)
2026-05-08 15:08:15,572 [INFO]   Já no disco: 100/100
2026-05-08 15:08:15,573 [INFO]   Todos os patches já existem. Pulando.
2026-05-08 15:08:15,573 [INFO] 
[49/88] Região: 00000000000000000030
2026-05-08 15:08:15,972 [INFO]   Grade: 144 patches (stride 230px = 0.009855° | patch 256px = 0.010970°)
2026-05-08 15:08:15,980 [INFO]   Já no disco: 144/144
2026-05-08 15:08:15,980 [INFO]   Todos os patches já existem. Pulando.
2026-05-08 15:08:15,981 [INFO] 
[50/88] Região: 00000000000000000031
2026-05-08 15:08:16,373 [INFO]   Grade: 100 patches (stride 230px = 0.009855° | patch 256px = 0.010970°)
2026-05-08 15:08:16,381 [INFO]   Já no disco: 100/100
2026-05-08 15:08:16,381 [INFO]   Todos os patches já existem. Pulando.
2026-05-08 15:08:16,381 [INFO] 
[51/88] Região: 00000000000000000032
2026-05-08 15:08:16,649 [INFO]   Grade: 100 patches (stride 230px = 0.009855° | patch 256px = 0.010970°)
2026-05-08 15:08:16,657 [INFO]   Já no disco: 100/100
2026-05-08 15:08:16,657 [INFO]   Todos os patches já existem. Pulando.
2026-05-08 15:08:16,658 [INFO] 
[52/88] Região: 00000000000000000033
2026-05-08 15:08:17,063 [INFO]   Grade: 100 patches (stride 230px = 0.009855° | patch 256px = 0.010970°)
2026-05-08 15:08:17,071 [INFO]   Já no disco: 100/100
2026-05-08 15:08:17,072 [INFO]   Todos os patches já existem. Pulando.
2026-05-08 15:08:17,072 [INFO] 
[53/88] Região: 00000000000000000034
2026-05-08 15:08:17,386 [INFO]   Grade: 100 patches (stride 230px = 0.009855° | patch 256px = 0.010970°)
2026-05-08 15:08:17,394 [INFO]   Já no disco: 100/100
2026-05-08 15:08:17,394 [INFO]   Todos os patches já existem. Pulando.
2026-05-08 15:08:17,394 [INFO] 
[54/88] Região: 00000000000000000035
2026-05-08 15:08:17,704 [INFO]   Grade: 100 patches (stride 230px = 0.009855° | patch 256px = 0.010970°)
2026-05-08 15:08:17,713 [INFO]   Já no disco: 100/100
2026-05-08 15:08:17,713 [INFO]   Todos os patches já existem. Pulando.
2026-05-08 15:08:17,713 [INFO] 
[55/88] Região: 00000000000000000036
2026-05-08 15:08:18,086 [INFO]   Grade: 132 patches (stride 230px = 0.009855° | patch 256px = 0.010970°)
2026-05-08 15:08:18,093 [INFO]   Já no disco: 132/132
2026-05-08 15:08:18,094 [INFO]   Todos os patches já existem. Pulando.
2026-05-08 15:08:18,094 [INFO] 
[56/88] Região: 00000000000000000037
2026-05-08 15:08:18,526 [INFO]   Grade: 168 patches (stride 230px = 0.009855° | patch 256px = 0.010970°)
2026-05-08 15:08:18,537 [INFO]   Já no disco: 168/168
2026-05-08 15:08:18,537 [INFO]   Todos os patches já existem. Pulando.
2026-05-08 15:08:18,538 [INFO] 
[57/88] Região: 00000000000000000038
2026-05-08 15:08:18,990 [INFO]   Grade: 234 patches (stride 230px = 0.009855° | patch 256px = 0.010970°)
2026-05-08 15:08:19,001 [INFO]   Já no disco: 234/234
2026-05-08 15:08:19,001 [INFO]   Todos os patches já existem. Pulando.
2026-05-08 15:08:19,001 [INFO] 
[58/88] Região: 00000000000000000039
2026-05-08 15:08:19,437 [INFO]   Grade: 100 patches (stride 230px = 0.009855° | patch 256px = 0.010970°)
2026-05-08 15:08:19,446 [INFO]   Já no disco: 100/100
2026-05-08 15:08:19,446 [INFO]   Todos os patches já existem. Pulando.
2026-05-08 15:08:19,446 [INFO] 
[59/88] Região: 0000000000000000003a
2026-05-08 15:08:19,914 [INFO]   Grade: 100 patches (stride 230px = 0.009855° | patch 256px = 0.010970°)
2026-05-08 15:08:19,923 [INFO]   Já no disco: 100/100
2026-05-08 15:08:19,923 [INFO]   Todos os patches já existem. Pulando.
2026-05-08 15:08:19,923 [INFO] 
[60/88] Região: 0000000000000000003b
2026-05-08 15:08:20,306 [INFO]   Grade: 361 patches (stride 230px = 0.009855° | patch 256px = 0.010970°)
2026-05-08 15:08:20,321 [INFO]   Já no disco: 361/361
2026-05-08 15:08:20,321 [INFO]   Todos os patches já existem. Pulando.
2026-05-08 15:08:20,321 [INFO] 
[61/88] Região: 0000000000000000003c
2026-05-08 15:08:20,703 [INFO]   Grade: 165 patches (stride 230px = 0.009855° | patch 256px = 0.010970°)
2026-05-08 15:08:20,714 [INFO]   Já no disco: 165/165
2026-05-08 15:08:20,714 [INFO]   Todos os patches já existem. Pulando.
2026-05-08 15:08:20,714 [INFO] 
[62/88] Região: 0000000000000000003d
2026-05-08 15:08:20,991 [INFO]   Grade: 169 patches (stride 230px = 0.009855° | patch 256px = 0.010970°)
2026-05-08 15:08:21,002 [INFO]   Já no disco: 169/169
2026-05-08 15:08:21,002 [INFO]   Todos os patches já existem. Pulando.
2026-05-08 15:08:21,003 [INFO] 
[63/88] Região: 0000000000000000003e
2026-05-08 15:08:21,473 [INFO]   Grade: 272 patches (stride 230px = 0.009855° | patch 256px = 0.010970°)
2026-05-08 15:08:21,488 [INFO]   Já no disco: 272/272
2026-05-08 15:08:21,488 [INFO]   Todos os patches já existem. Pulando.
2026-05-08 15:08:21,488 [INFO] 
[64/88] Região: 0000000000000000003f
2026-05-08 15:08:21,755 [INFO]   Grade: 100 patches (stride 230px = 0.009855° | patch 256px = 0.010970°)
2026-05-08 15:08:21,763 [INFO]   Já no disco: 100/100
2026-05-08 15:08:21,763 [INFO]   Todos os patches já existem. Pulando.
2026-05-08 15:08:21,764 [INFO] 
[65/88] Região: 00000000000000000040
2026-05-08 15:08:22,193 [INFO]   Grade: 132 patches (stride 230px = 0.009855° | patch 256px = 0.010970°)
2026-05-08 15:08:22,201 [INFO]   Já no disco: 132/132
2026-05-08 15:08:22,202 [INFO]   Todos os patches já existem. Pulando.
2026-05-08 15:08:22,202 [INFO] 
[66/88] Região: 00000000000000000041
2026-05-08 15:08:22,586 [INFO]   Grade: 352 patches (stride 230px = 0.009855° | patch 256px = 0.010970°)
2026-05-08 15:08:22,601 [INFO]   Já no disco: 352/352
2026-05-08 15:08:22,601 [INFO]   Todos os patches já existem. Pulando.
2026-05-08 15:08:22,601 [INFO] 
[67/88] Região: 00000000000000000042
2026-05-08 15:08:23,018 [INFO]   Grade: 255 patches (stride 230px = 0.009855° | patch 256px = 0.010970°)
2026-05-08 15:08:23,030 [INFO]   Já no disco: 255/255
2026-05-08 15:08:23,030 [INFO]   Todos os patches já existem. Pulando.
2026-05-08 15:08:23,030 [INFO] 
[68/88] Região: 00000000000000000043
2026-05-08 15:08:23,407 [INFO]   Grade: 132 patches (stride 230px = 0.009855° | patch 256px = 0.010970°)
2026-05-08 15:08:23,416 [INFO]   Já no disco: 132/132
2026-05-08 15:08:23,417 [INFO]   Todos os patches já existem. Pulando.
2026-05-08 15:08:23,417 [INFO] 
[69/88] Região: 00000000000000000044
2026-05-08 15:08:23,843 [INFO]   Grade: 100 patches (stride 230px = 0.009855° | patch 256px = 0.010970°)
2026-05-08 15:08:23,852 [INFO]   Já no disco: 100/100
2026-05-08 15:08:23,852 [INFO]   Todos os patches já existem. Pulando.
2026-05-08 15:08:23,852 [INFO] 
[70/88] Região: 00000000000000000045
2026-05-08 15:08:24,143 [INFO]   Grade: 252 patches (stride 230px = 0.009855° | patch 256px = 0.010970°)
2026-05-08 15:08:24,154 [INFO]   Já no disco: 252/252
2026-05-08 15:08:24,154 [INFO]   Todos os patches já existem. Pulando.
2026-05-08 15:08:24,154 [INFO] 
[71/88] Região: 00000000000000000046
2026-05-08 15:08:24,477 [INFO]   Grade: 110 patches (stride 230px = 0.009855° | patch 256px = 0.010970°)
2026-05-08 15:08:24,486 [INFO]   Já no disco: 110/110
2026-05-08 15:08:24,487 [INFO]   Todos os patches já existem. Pulando.
2026-05-08 15:08:24,487 [INFO] 
[72/88] Região: 00000000000000000047
2026-05-08 15:08:24,919 [INFO]   Grade: 100 patches (stride 230px = 0.009855° | patch 256px = 0.010970°)
2026-05-08 15:08:24,927 [INFO]   Já no disco: 100/100
2026-05-08 15:08:24,927 [INFO]   Todos os patches já existem. Pulando.
2026-05-08 15:08:24,927 [INFO] 
[73/88] Região: 00000000000000000048
2026-05-08 15:08:25,329 [INFO]   Grade: 100 patches (stride 230px = 0.009855° | patch 256px = 0.010970°)
2026-05-08 15:08:25,337 [INFO]   Já no disco: 100/100
2026-05-08 15:08:25,337 [INFO]   Todos os patches já existem. Pulando.
2026-05-08 15:08:25,338 [INFO] 
[74/88] Região: 00000000000000000049
2026-05-08 15:08:25,697 [INFO]   Grade: 374 patches (stride 230px = 0.009855° | patch 256px = 0.010970°)
2026-05-08 15:08:25,712 [INFO]   Já no disco: 374/374
2026-05-08 15:08:25,712 [INFO]   Todos os patches já existem. Pulando.
2026-05-08 15:08:25,712 [INFO] 
[75/88] Região: 0000000000000000004a
2026-05-08 15:08:26,092 [INFO]   Grade: 132 patches (stride 230px = 0.009855° | patch 256px = 0.010970°)
2026-05-08 15:08:26,101 [INFO]   Já no disco: 132/132
2026-05-08 15:08:26,102 [INFO]   Todos os patches já existem. Pulando.
2026-05-08 15:08:26,102 [INFO] 
[76/88] Região: 0000000000000000004b
2026-05-08 15:08:27,386 [INFO]   Grade: 144 patches (stride 230px = 0.009855° | patch 256px = 0.010970°)
2026-05-08 15:08:27,395 [INFO]   Já no disco: 144/144
2026-05-08 15:08:27,395 [INFO]   Todos os patches já existem. Pulando.
2026-05-08 15:08:27,395 [INFO] 
[77/88] Região: 0000000000000000004c
2026-05-08 15:08:27,715 [INFO]   Grade: 120 patches (stride 230px = 0.009855° | patch 256px = 0.010970°)
2026-05-08 15:08:27,724 [INFO]   Já no disco: 120/120
2026-05-08 15:08:27,724 [INFO]   Todos os patches já existem. Pulando.
2026-05-08 15:08:27,725 [INFO] 
[78/88] Região: 0000000000000000004d
2026-05-08 15:08:28,010 [INFO]   Grade: 132 patches (stride 230px = 0.009855° | patch 256px = 0.010970°)
2026-05-08 15:08:28,020 [INFO]   Já no disco: 132/132
2026-05-08 15:08:28,021 [INFO]   Todos os patches já existem. Pulando.
2026-05-08 15:08:28,021 [INFO] 
[79/88] Região: 0000000000000000004e
2026-05-08 15:08:28,451 [INFO]   Grade: 110 patches (stride 230px = 0.009855° | patch 256px = 0.010970°)
2026-05-08 15:08:28,459 [INFO]   Já no disco: 110/110
2026-05-08 15:08:28,459 [INFO]   Todos os patches já existem. Pulando.
2026-05-08 15:08:28,460 [INFO] 
[80/88] Região: 0000000000000000004f
2026-05-08 15:08:28,777 [INFO]   Grade: 121 patches (stride 230px = 0.009855° | patch 256px = 0.010970°)
2026-05-08 15:08:28,785 [INFO]   Já no disco: 121/121
2026-05-08 15:08:28,785 [INFO]   Todos os patches já existem. Pulando.
2026-05-08 15:08:28,786 [INFO] 
[81/88] Região: 00000000000000000050
2026-05-08 15:08:29,239 [INFO]   Grade: 110 patches (stride 230px = 0.009855° | patch 256px = 0.010970°)
2026-05-08 15:08:29,248 [INFO]   Já no disco: 110/110
2026-05-08 15:08:29,248 [INFO]   Todos os patches já existem. Pulando.
2026-05-08 15:08:29,248 [INFO] 
[82/88] Região: 00000000000000000051
2026-05-08 15:08:29,631 [INFO]   Grade: 121 patches (stride 230px = 0.009855° | patch 256px = 0.010970°)
2026-05-08 15:08:29,640 [INFO]   Já no disco: 121/121
2026-05-08 15:08:29,640 [INFO]   Todos os patches já existem. Pulando.
2026-05-08 15:08:29,640 [INFO] 
[83/88] Região: 00000000000000000052
2026-05-08 15:08:30,137 [INFO]   Grade: 110 patches (stride 230px = 0.009855° | patch 256px = 0.010970°)
2026-05-08 15:08:30,146 [INFO]   Já no disco: 110/110
2026-05-08 15:08:30,146 [INFO]   Todos os patches já existem. Pulando.
2026-05-08 15:08:30,146 [INFO] 
[84/88] Região: 00000000000000000053
2026-05-08 15:08:30,549 [INFO]   Grade: 100 patches (stride 230px = 0.009855° | patch 256px = 0.010970°)
2026-05-08 15:08:30,557 [INFO]   Já no disco: 100/100
2026-05-08 15:08:30,557 [INFO]   Todos os patches já existem. Pulando.
2026-05-08 15:08:30,557 [INFO] 
[85/88] Região: 00000000000000000054
2026-05-08 15:08:31,572 [INFO]   Grade: 224 patches (stride 230px = 0.009855° | patch 256px = 0.010970°)
2026-05-08 15:08:31,584 [INFO]   Já no disco: 224/224
2026-05-08 15:08:31,584 [INFO]   Todos os patches já existem. Pulando.
2026-05-08 15:08:31,584 [INFO] 
[86/88] Região: 00000000000000000055
2026-05-08 15:08:32,057 [INFO]   Grade: 110 patches (stride 230px = 0.009855° | patch 256px = 0.010970°)
2026-05-08 15:08:32,066 [INFO]   Já no disco: 110/110
2026-05-08 15:08:32,066 [INFO]   Todos os patches já existem. Pulando.
2026-05-08 15:08:32,067 [INFO] 
[87/88] Região: 00000000000000000056
2026-05-08 15:08:32,509 [INFO]   Grade: 132 patches (stride 230px = 0.009855° | patch 256px = 0.010970°)
2026-05-08 15:08:32,517 [INFO]   Já no disco: 132/132
2026-05-08 15:08:32,518 [INFO]   Todos os patches já existem. Pulando.
2026-05-08 15:08:32,518 [INFO] 
[88/88] Região: 00000000000000000057
2026-05-08 15:08:33,695 [INFO]   Grade: 120 patches (stride 230px = 0.009855° | patch 256px = 0.010970°)
2026-05-08 15:08:33,703 [INFO]   Já no disco: 120/120
2026-05-08 15:08:33,703 [INFO]   Todos os patches já existem. Pulando.
2026-05-08 15:08:33,703 [INFO] 
============================================================
2026-05-08 15:08:33,703 [INFO] --- Ano 2017 ---
2026-05-08 15:08:34,036 [INFO] 
[1/88] Região: 00000000000000000000
2026-05-08 15:08:34,414 [INFO]   Grade: 121 patches (stride 230px = 0.009855° | patch 256px = 0.010970°)
2026-05-08 15:08:34,421 [INFO]   Já no disco: 121/121
2026-05-08 15:08:34,421 [INFO]   Todos os patches já existem. Pulando.
2026-05-08 15:08:34,421 [INFO] 
[2/88] Região: 00000000000000000001
2026-05-08 15:08:34,792 [INFO]   Grade: 120 patches (stride 230px = 0.009855° | patch 256px = 0.010970°)
2026-05-08 15:08:34,799 [INFO]   Já no disco: 120/120
2026-05-08 15:08:34,799 [INFO]   Todos os patches já existem. Pulando.
2026-05-08 15:08:34,799 [INFO] 
[3/88] Região: 00000000000000000002
2026-05-08 15:08:35,178 [INFO]   Grade: 132 patches (stride 230px = 0.009855° | patch 256px = 0.010970°)
2026-05-08 15:08:35,186 [INFO]   Já no disco: 132/132
2026-05-08 15:08:35,187 [INFO]   Todos os patches já existem. Pulando.
2026-05-08 15:08:35,187 [INFO] 
[4/88] Região: 00000000000000000003
2026-05-08 15:08:35,493 [INFO]   Grade: 63 patches (stride 230px = 0.009855° | patch 256px = 0.010970°)
2026-05-08 15:08:35,499 [INFO]   Já no disco: 63/63
2026-05-08 15:08:35,499 [INFO]   Todos os patches já existem. Pulando.
2026-05-08 15:08:35,499 [INFO] 
[5/88] Região: 00000000000000000004
2026-05-08 15:08:35,828 [INFO]   Grade: 9 patches (stride 230px = 0.009855° | patch 256px = 0.010970°)
2026-05-08 15:08:35,834 [INFO]   Já no disco: 9/9
2026-05-08 15:08:35,834 [INFO]   Todos os patches já existem. Pulando.
2026-05-08 15:08:35,834 [INFO] 
[6/88] Região: 00000000000000000005
2026-05-08 15:08:36,807 [INFO]   Grade: 90 patches (stride 230px = 0.009855° | patch 256px = 0.010970°)
2026-05-08 15:08:36,814 [INFO]   Já no disco: 90/90
2026-05-08 15:08:36,814 [INFO]   Todos os patches já existem. Pulando.
2026-05-08 15:08:36,814 [INFO] 
[7/88] Região: 00000000000000000006
2026-05-08 15:08:37,264 [INFO]   Grade: 238 patches (stride 230px = 0.009855° | patch 256px = 0.010970°)
2026-05-08 15:08:37,273 [INFO]   Já no disco: 238/238
2026-05-08 15:08:37,273 [INFO]   Todos os patches já existem. Pulando.
2026-05-08 15:08:37,273 [INFO] 
[8/88] Região: 00000000000000000007
2026-05-08 15:08:37,544 [INFO]   Grade: 110 patches (stride 230px = 0.009855° | patch 256px = 0.010970°)
2026-05-08 15:08:37,552 [INFO]   Já no disco: 110/110
2026-05-08 15:08:37,552 [INFO]   Todos os patches já existem. Pulando.
2026-05-08 15:08:37,552 [INFO] 
[9/88] Região: 00000000000000000008
2026-05-08 15:08:37,955 [INFO]   Grade: 132 patches (stride 230px = 0.009855° | patch 256px = 0.010970°)
2026-05-08 15:08:37,963 [INFO]   Já no disco: 132/132
2026-05-08 15:08:37,963 [INFO]   Todos os patches já existem. Pulando.
2026-05-08 15:08:37,963 [INFO] 
[10/88] Região: 00000000000000000009
2026-05-08 15:08:38,561 [INFO]   Grade: 121 patches (stride 230px = 0.009855° | patch 256px = 0.010970°)
2026-05-08 15:08:38,569 [INFO]   Já no disco: 121/121
2026-05-08 15:08:38,569 [INFO]   Todos os patches já existem. Pulando.
2026-05-08 15:08:38,569 [INFO] 
[11/88] Região: 0000000000000000000a
2026-05-08 15:08:39,052 [INFO]   Grade: 156 patches (stride 230px = 0.009855° | patch 256px = 0.010970°)
2026-05-08 15:08:39,060 [INFO]   Já no disco: 156/156
2026-05-08 15:08:39,060 [INFO]   Todos os patches já existem. Pulando.
2026-05-08 15:08:39,060 [INFO] 
[12/88] Região: 0000000000000000000b
2026-05-08 15:08:39,446 [INFO]   Grade: 240 patches (stride 230px = 0.009855° | patch 256px = 0.010970°)
2026-05-08 15:08:39,456 [INFO]   Já no disco: 240/240
2026-05-08 15:08:39,456 [INFO]   Todos os patches já existem. Pulando.
2026-05-08 15:08:39,456 [INFO] 
[13/88] Região: 0000000000000000000c
2026-05-08 15:08:39,848 [INFO]   Grade: 120 patches (stride 230px = 0.009855° | patch 256px = 0.010970°)
2026-05-08 15:08:39,856 [INFO]   Já no disco: 120/120
2026-05-08 15:08:39,857 [INFO]   Todos os patches já existem. Pulando.
2026-05-08 15:08:39,857 [INFO] 
[14/88] Região: 0000000000000000000d
2026-05-08 15:08:40,249 [INFO]   Grade: 156 patches (stride 230px = 0.009855° | patch 256px = 0.010970°)
2026-05-08 15:08:40,257 [INFO]   Já no disco: 156/156
2026-05-08 15:08:40,258 [INFO]   Todos os patches já existem. Pulando.
2026-05-08 15:08:40,258 [INFO] 
[15/88] Região: 0000000000000000000e
2026-05-08 15:08:40,826 [INFO]   Grade: 121 patches (stride 230px = 0.009855° | patch 256px = 0.010970°)
2026-05-08 15:08:40,834 [INFO]   Já no disco: 121/121
2026-05-08 15:08:40,835 [INFO]   Todos os patches já existem. Pulando.
2026-05-08 15:08:40,835 [INFO] 
[16/88] Região: 0000000000000000000f
2026-05-08 15:08:41,236 [INFO]   Grade: 121 patches (stride 230px = 0.009855° | patch 256px = 0.010970°)
2026-05-08 15:08:41,243 [INFO]   Já no disco: 121/121
2026-05-08 15:08:41,244 [INFO]   Todos os patches já existem. Pulando.
2026-05-08 15:08:41,244 [INFO] 
[17/88] Região: 00000000000000000010
2026-05-08 15:08:41,584 [INFO]   Grade: 120 patches (stride 230px = 0.009855° | patch 256px = 0.010970°)
2026-05-08 15:08:41,591 [INFO]   Já no disco: 120/120
2026-05-08 15:08:41,592 [INFO]   Todos os patches já existem. Pulando.
2026-05-08 15:08:41,592 [INFO] 
[18/88] Região: 00000000000000000011
2026-05-08 15:08:41,865 [INFO]   Grade: 110 patches (stride 230px = 0.009855° | patch 256px = 0.010970°)
2026-05-08 15:08:41,872 [INFO]   Já no disco: 110/110
2026-05-08 15:08:41,873 [INFO]   Todos os patches já existem. Pulando.
2026-05-08 15:08:41,873 [INFO] 
[19/88] Região: 00000000000000000012
2026-05-08 15:08:42,219 [INFO]   Grade: 110 patches (stride 230px = 0.009855° | patch 256px = 0.010970°)
2026-05-08 15:08:42,226 [INFO]   Já no disco: 110/110
2026-05-08 15:08:42,226 [INFO]   Todos os patches já existem. Pulando.
2026-05-08 15:08:42,226 [INFO] 
[20/88] Região: 00000000000000000013
2026-05-08 15:08:42,536 [INFO]   Grade: 576 patches (stride 230px = 0.009855° | patch 256px = 0.010970°)
2026-05-08 15:08:42,553 [INFO]   Já no disco: 576/576
2026-05-08 15:08:42,553 [INFO]   Todos os patches já existem. Pulando.
2026-05-08 15:08:42,553 [INFO] 
[21/88] Região: 00000000000000000014
2026-05-08 15:08:42,884 [INFO]   Grade: 130 patches (stride 230px = 0.009855° | patch 256px = 0.010970°)
2026-05-08 15:08:42,893 [INFO]   Já no disco: 130/130
2026-05-08 15:08:42,893 [INFO]   Todos os patches já existem. Pulando.
2026-05-08 15:08:42,893 [INFO] 
[22/88] Região: 00000000000000000015
2026-05-08 15:08:43,203 [INFO]   Grade: 357 patches (stride 230px = 0.009855° | patch 256px = 0.010970°)
2026-05-08 15:08:43,214 [INFO]   Já no disco: 357/357
2026-05-08 15:08:43,214 [INFO]   Todos os patches já existem. Pulando.
2026-05-08 15:08:43,214 [INFO] 
[23/88] Região: 00000000000000000016
2026-05-08 15:08:43,465 [INFO]   Grade: 182 patches (stride 230px = 0.009855° | patch 256px = 0.010970°)
2026-05-08 15:08:43,474 [INFO]   Já no disco: 182/182
2026-05-08 15:08:43,475 [INFO]   Todos os patches já existem. Pulando.
2026-05-08 15:08:43,475 [INFO] 
[24/88] Região: 00000000000000000017
2026-05-08 15:08:43,914 [INFO]   Grade: 140 patches (stride 230px = 0.009855° | patch 256px = 0.010970°)
2026-05-08 15:08:43,922 [INFO]   Já no disco: 140/140
2026-05-08 15:08:43,922 [INFO]   Todos os patches já existem. Pulando.
2026-05-08 15:08:43,923 [INFO] 
[25/88] Região: 00000000000000000018
2026-05-08 15:08:44,246 [INFO]   Grade: 156 patches (stride 230px = 0.009855° | patch 256px = 0.010970°)
2026-05-08 15:08:44,255 [INFO]   Já no disco: 156/156
2026-05-08 15:08:44,255 [INFO]   Todos os patches já existem. Pulando.
2026-05-08 15:08:44,255 [INFO] 
[26/88] Região: 00000000000000000019
2026-05-08 15:08:44,559 [INFO]   Grade: 100 patches (stride 230px = 0.009855° | patch 256px = 0.010970°)
2026-05-08 15:08:44,566 [INFO]   Já no disco: 100/100
2026-05-08 15:08:44,566 [INFO]   Todos os patches já existem. Pulando.
2026-05-08 15:08:44,566 [INFO] 
[27/88] Região: 0000000000000000001a
2026-05-08 15:08:44,837 [INFO]   Grade: 110 patches (stride 230px = 0.009855° | patch 256px = 0.010970°)
2026-05-08 15:08:44,845 [INFO]   Já no disco: 110/110
2026-05-08 15:08:44,846 [INFO]   Todos os patches já existem. Pulando.
2026-05-08 15:08:44,846 [INFO] 
[28/88] Região: 0000000000000000001b
2026-05-08 15:08:45,223 [INFO]   Grade: 594 patches (stride 230px = 0.009855° | patch 256px = 0.010970°)
2026-05-08 15:08:45,240 [INFO]   Já no disco: 594/594
2026-05-08 15:08:45,240 [INFO]   Todos os patches já existem. Pulando.
2026-05-08 15:08:45,240 [INFO] 
[29/88] Região: 0000000000000000001c
2026-05-08 15:08:45,629 [INFO]   Grade: 255 patches (stride 230px = 0.009855° | patch 256px = 0.010970°)
2026-05-08 15:08:45,640 [INFO]   Já no disco: 255/255
2026-05-08 15:08:45,641 [INFO]   Todos os patches já existem. Pulando.
2026-05-08 15:08:45,641 [INFO] 
[30/88] Região: 0000000000000000001d
2026-05-08 15:08:46,116 [INFO]   Grade: 100 patches (stride 230px = 0.009855° | patch 256px = 0.010970°)
2026-05-08 15:08:46,124 [INFO]   Já no disco: 100/100
2026-05-08 15:08:46,124 [INFO]   Todos os patches já existem. Pulando.
2026-05-08 15:08:46,124 [INFO] 
[31/88] Região: 0000000000000000001e
2026-05-08 15:08:46,549 [INFO]   Grade: 100 patches (stride 230px = 0.009855° | patch 256px = 0.010970°)
2026-05-08 15:08:46,556 [INFO]   Já no disco: 100/100
2026-05-08 15:08:46,556 [INFO]   Todos os patches já existem. Pulando.
2026-05-08 15:08:46,556 [INFO] 
[32/88] Região: 0000000000000000001f
2026-05-08 15:08:46,859 [INFO]   Grade: 238 patches (stride 230px = 0.009855° | patch 256px = 0.010970°)
2026-05-08 15:08:46,868 [INFO]   Já no disco: 238/238
2026-05-08 15:08:46,868 [INFO]   Todos os patches já existem. Pulando.
2026-05-08 15:08:46,868 [INFO] 
[33/88] Região: 00000000000000000020
2026-05-08 15:08:47,880 [INFO]   Grade: 225 patches (stride 230px = 0.009855° | patch 256px = 0.010970°)
2026-05-08 15:08:47,890 [INFO]   Já no disco: 225/225
2026-05-08 15:08:47,890 [INFO]   Todos os patches já existem. Pulando.
2026-05-08 15:08:47,891 [INFO] 
[34/88] Região: 00000000000000000021
2026-05-08 15:08:48,220 [INFO]   Grade: 100 patches (stride 230px = 0.009855° | patch 256px = 0.010970°)
2026-05-08 15:08:48,228 [INFO]   Já no disco: 100/100
2026-05-08 15:08:48,228 [INFO]   Todos os patches já existem. Pulando.
2026-05-08 15:08:48,228 [INFO] 
[35/88] Região: 00000000000000000022
2026-05-08 15:08:48,551 [INFO]   Grade: 221 patches (stride 230px = 0.009855° | patch 256px = 0.010970°)
2026-05-08 15:08:48,560 [INFO]   Já no disco: 221/221
2026-05-08 15:08:48,561 [INFO]   Todos os patches já existem. Pulando.
2026-05-08 15:08:48,561 [INFO] 
[36/88] Região: 00000000000000000023
2026-05-08 15:08:48,837 [INFO]   Grade: 195 patches (stride 230px = 0.009855° | patch 256px = 0.010970°)
2026-05-08 15:08:48,845 [INFO]   Já no disco: 195/195
2026-05-08 15:08:48,845 [INFO]   Todos os patches já existem. Pulando.
2026-05-08 15:08:48,846 [INFO] 
[37/88] Região: 00000000000000000024
2026-05-08 15:08:49,201 [INFO]   Grade: 100 patches (stride 230px = 0.009855° | patch 256px = 0.010970°)
2026-05-08 15:08:49,209 [INFO]   Já no disco: 100/100
2026-05-08 15:08:49,209 [INFO]   Todos os patches já existem. Pulando.
2026-05-08 15:08:49,209 [INFO] 
[38/88] Região: 00000000000000000025
2026-05-08 15:08:49,517 [INFO]   Grade: 143 patches (stride 230px = 0.009855° | patch 256px = 0.010970°)
2026-05-08 15:08:49,526 [INFO]   Já no disco: 143/143
2026-05-08 15:08:49,526 [INFO]   Todos os patches já existem. Pulando.
2026-05-08 15:08:49,527 [INFO] 
[39/88] Região: 00000000000000000026
2026-05-08 15:08:50,083 [INFO]   Grade: 156 patches (stride 230px = 0.009855° | patch 256px = 0.010970°)
2026-05-08 15:08:50,091 [INFO]   Já no disco: 156/156
2026-05-08 15:08:50,092 [INFO]   Todos os patches já existem. Pulando.
2026-05-08 15:08:50,092 [INFO] 
[40/88] Região: 00000000000000000027
2026-05-08 15:08:50,473 [INFO]   Grade: 100 patches (stride 230px = 0.009855° | patch 256px = 0.010970°)
2026-05-08 15:08:50,481 [INFO]   Já no disco: 100/100
2026-05-08 15:08:50,481 [INFO]   Todos os patches já existem. Pulando.
2026-05-08 15:08:50,482 [INFO] 
[41/88] Região: 00000000000000000028
2026-05-08 15:08:50,853 [INFO]   Grade: 100 patches (stride 230px = 0.009855° | patch 256px = 0.010970°)
2026-05-08 15:08:50,859 [INFO]   Já no disco: 100/100
2026-05-08 15:08:50,860 [INFO]   Todos os patches já existem. Pulando.
2026-05-08 15:08:50,860 [INFO] 
[42/88] Região: 00000000000000000029
2026-05-08 15:08:51,274 [INFO]   Grade: 121 patches (stride 230px = 0.009855° | patch 256px = 0.010970°)
2026-05-08 15:08:51,281 [INFO]   Já no disco: 121/121
2026-05-08 15:08:51,282 [INFO]   Todos os patches já existem. Pulando.
2026-05-08 15:08:51,282 [INFO] 
[43/88] Região: 0000000000000000002a
2026-05-08 15:08:51,674 [INFO]   Grade: 100 patches (stride 230px = 0.009855° | patch 256px = 0.010970°)
2026-05-08 15:08:51,681 [INFO]   Já no disco: 100/100
2026-05-08 15:08:51,681 [INFO]   Todos os patches já existem. Pulando.
2026-05-08 15:08:51,682 [INFO] 
[44/88] Região: 0000000000000000002b
2026-05-08 15:08:51,970 [INFO]   Grade: 144 patches (stride 230px = 0.009855° | patch 256px = 0.010970°)
2026-05-08 15:08:51,978 [INFO]   Já no disco: 144/144
2026-05-08 15:08:51,979 [INFO]   Todos os patches já existem. Pulando.
2026-05-08 15:08:51,979 [INFO] 
[45/88] Região: 0000000000000000002c
2026-05-08 15:08:52,270 [INFO]   Grade: 100 patches (stride 230px = 0.009855° | patch 256px = 0.010970°)
2026-05-08 15:08:52,278 [INFO]   Já no disco: 100/100
2026-05-08 15:08:52,278 [INFO]   Todos os patches já existem. Pulando.
2026-05-08 15:08:52,278 [INFO] 
[46/88] Região: 0000000000000000002d
2026-05-08 15:08:52,542 [INFO]   Grade: 182 patches (stride 230px = 0.009855° | patch 256px = 0.010970°)
2026-05-08 15:08:52,550 [INFO]   Já no disco: 182/182
2026-05-08 15:08:52,551 [INFO]   Todos os patches já existem. Pulando.
2026-05-08 15:08:52,551 [INFO] 
[47/88] Região: 0000000000000000002e
2026-05-08 15:08:52,854 [INFO]   Grade: 182 patches (stride 230px = 0.009855° | patch 256px = 0.010970°)
2026-05-08 15:08:52,863 [INFO]   Já no disco: 182/182
2026-05-08 15:08:52,863 [INFO]   Todos os patches já existem. Pulando.
2026-05-08 15:08:52,863 [INFO] 
[48/88] Região: 0000000000000000002f
2026-05-08 15:08:53,301 [INFO]   Grade: 100 patches (stride 230px = 0.009855° | patch 256px = 0.010970°)
2026-05-08 15:08:53,309 [INFO]   Já no disco: 100/100
2026-05-08 15:08:53,309 [INFO]   Todos os patches já existem. Pulando.
2026-05-08 15:08:53,309 [INFO] 
[49/88] Região: 00000000000000000030
2026-05-08 15:08:53,677 [INFO]   Grade: 144 patches (stride 230px = 0.009855° | patch 256px = 0.010970°)
2026-05-08 15:08:53,684 [INFO]   Já no disco: 144/144
2026-05-08 15:08:53,685 [INFO]   Todos os patches já existem. Pulando.
2026-05-08 15:08:53,685 [INFO] 
[50/88] Região: 00000000000000000031
2026-05-08 15:08:54,010 [INFO]   Grade: 100 patches (stride 230px = 0.009855° | patch 256px = 0.010970°)
2026-05-08 15:08:54,018 [INFO]   Já no disco: 100/100
2026-05-08 15:08:54,018 [INFO]   Todos os patches já existem. Pulando.
2026-05-08 15:08:54,018 [INFO] 
[51/88] Região: 00000000000000000032
2026-05-08 15:08:54,463 [INFO]   Grade: 100 patches (stride 230px = 0.009855° | patch 256px = 0.010970°)
2026-05-08 15:08:54,471 [INFO]   Já no disco: 100/100
2026-05-08 15:08:54,472 [INFO]   Todos os patches já existem. Pulando.
2026-05-08 15:08:54,472 [INFO] 
[52/88] Região: 00000000000000000033
2026-05-08 15:08:54,825 [INFO]   Grade: 100 patches (stride 230px = 0.009855° | patch 256px = 0.010970°)
2026-05-08 15:08:54,832 [INFO]   Já no disco: 100/100
2026-05-08 15:08:54,833 [INFO]   Todos os patches já existem. Pulando.
2026-05-08 15:08:54,833 [INFO] 
[53/88] Região: 00000000000000000034
2026-05-08 15:08:55,341 [INFO]   Grade: 100 patches (stride 230px = 0.009855° | patch 256px = 0.010970°)
2026-05-08 15:08:55,349 [INFO]   Já no disco: 100/100
2026-05-08 15:08:55,349 [INFO]   Todos os patches já existem. Pulando.
2026-05-08 15:08:55,350 [INFO] 
[54/88] Região: 00000000000000000035
2026-05-08 15:08:55,808 [INFO]   Grade: 100 patches (stride 230px = 0.009855° | patch 256px = 0.010970°)
2026-05-08 15:08:55,816 [INFO]   Já no disco: 100/100
2026-05-08 15:08:55,816 [INFO]   Todos os patches já existem. Pulando.
2026-05-08 15:08:55,816 [INFO] 
[55/88] Região: 00000000000000000036
2026-05-08 15:08:56,097 [INFO]   Grade: 132 patches (stride 230px = 0.009855° | patch 256px = 0.010970°)
2026-05-08 15:08:56,106 [INFO]   Já no disco: 132/132
2026-05-08 15:08:56,107 [INFO]   Todos os patches já existem. Pulando.
2026-05-08 15:08:56,107 [INFO] 
[56/88] Região: 00000000000000000037
2026-05-08 15:08:56,404 [INFO]   Grade: 168 patches (stride 230px = 0.009855° | patch 256px = 0.010970°)
2026-05-08 15:08:56,414 [INFO]   Já no disco: 168/168
2026-05-08 15:08:56,414 [INFO]   Todos os patches já existem. Pulando.
2026-05-08 15:08:56,414 [INFO] 
[57/88] Região: 00000000000000000038
2026-05-08 15:08:56,777 [INFO]   Grade: 234 patches (stride 230px = 0.009855° | patch 256px = 0.010970°)
2026-05-08 15:08:56,789 [INFO]   Já no disco: 234/234
2026-05-08 15:08:56,789 [INFO]   Todos os patches já existem. Pulando.
2026-05-08 15:08:56,790 [INFO] 
[58/88] Região: 00000000000000000039
2026-05-08 15:08:57,053 [INFO]   Grade: 100 patches (stride 230px = 0.009855° | patch 256px = 0.010970°)
2026-05-08 15:08:57,061 [INFO]   Já no disco: 100/100
2026-05-08 15:08:57,061 [INFO]   Todos os patches já existem. Pulando.
2026-05-08 15:08:57,062 [INFO] 
[59/88] Região: 0000000000000000003a
2026-05-08 15:08:57,541 [INFO]   Grade: 100 patches (stride 230px = 0.009855° | patch 256px = 0.010970°)
2026-05-08 15:08:57,548 [INFO]   Já no disco: 100/100
2026-05-08 15:08:57,549 [INFO]   Todos os patches já existem. Pulando.
2026-05-08 15:08:57,549 [INFO] 
[60/88] Região: 0000000000000000003b
2026-05-08 15:08:57,847 [INFO]   Grade: 361 patches (stride 230px = 0.009855° | patch 256px = 0.010970°)
2026-05-08 15:08:57,861 [INFO]   Já no disco: 361/361
2026-05-08 15:08:57,862 [INFO]   Todos os patches já existem. Pulando.
2026-05-08 15:08:57,862 [INFO] 
[61/88] Região: 0000000000000000003c
2026-05-08 15:08:58,241 [INFO]   Grade: 165 patches (stride 230px = 0.009855° | patch 256px = 0.010970°)
2026-05-08 15:08:58,251 [INFO]   Já no disco: 165/165
2026-05-08 15:08:58,251 [INFO]   Todos os patches já existem. Pulando.
2026-05-08 15:08:58,251 [INFO] 
[62/88] Região: 0000000000000000003d
2026-05-08 15:08:58,764 [INFO]   Grade: 169 patches (stride 230px = 0.009855° | patch 256px = 0.010970°)
2026-05-08 15:08:58,773 [INFO]   Já no disco: 169/169
2026-05-08 15:08:58,774 [INFO]   Todos os patches já existem. Pulando.
2026-05-08 15:08:58,774 [INFO] 
[63/88] Região: 0000000000000000003e
2026-05-08 15:08:59,144 [INFO]   Grade: 272 patches (stride 230px = 0.009855° | patch 256px = 0.010970°)
2026-05-08 15:08:59,158 [INFO]   Já no disco: 272/272
2026-05-08 15:08:59,158 [INFO]   Todos os patches já existem. Pulando.
2026-05-08 15:08:59,158 [INFO] 
[64/88] Região: 0000000000000000003f
2026-05-08 15:08:59,504 [INFO]   Grade: 100 patches (stride 230px = 0.009855° | patch 256px = 0.010970°)
2026-05-08 15:08:59,512 [INFO]   Já no disco: 100/100
2026-05-08 15:08:59,512 [INFO]   Todos os patches já existem. Pulando.
2026-05-08 15:08:59,512 [INFO] 
[65/88] Região: 00000000000000000040
2026-05-08 15:08:59,767 [INFO]   Grade: 132 patches (stride 230px = 0.009855° | patch 256px = 0.010970°)
2026-05-08 15:08:59,776 [INFO]   Já no disco: 132/132
2026-05-08 15:08:59,777 [INFO]   Todos os patches já existem. Pulando.
2026-05-08 15:08:59,777 [INFO] 
[66/88] Região: 00000000000000000041
2026-05-08 15:09:00,043 [INFO]   Grade: 352 patches (stride 230px = 0.009855° | patch 256px = 0.010970°)
2026-05-08 15:09:00,057 [INFO]   Já no disco: 352/352
2026-05-08 15:09:00,057 [INFO]   Todos os patches já existem. Pulando.
2026-05-08 15:09:00,057 [INFO] 
[67/88] Região: 00000000000000000042
2026-05-08 15:09:00,349 [INFO]   Grade: 255 patches (stride 230px = 0.009855° | patch 256px = 0.010970°)
2026-05-08 15:09:00,361 [INFO]   Já no disco: 255/255
2026-05-08 15:09:00,362 [INFO]   Todos os patches já existem. Pulando.
2026-05-08 15:09:00,362 [INFO] 
[68/88] Região: 00000000000000000043
2026-05-08 15:09:01,486 [INFO]   Grade: 132 patches (stride 230px = 0.009855° | patch 256px = 0.010970°)
2026-05-08 15:09:01,496 [INFO]   Já no disco: 132/132
2026-05-08 15:09:01,496 [INFO]   Todos os patches já existem. Pulando.
2026-05-08 15:09:01,496 [INFO] 
[69/88] Região: 00000000000000000044
2026-05-08 15:09:01,805 [INFO]   Grade: 100 patches (stride 230px = 0.009855° | patch 256px = 0.010970°)
2026-05-08 15:09:01,814 [INFO]   Já no disco: 100/100
2026-05-08 15:09:01,814 [INFO]   Todos os patches já existem. Pulando.
2026-05-08 15:09:01,814 [INFO] 
[70/88] Região: 00000000000000000045
2026-05-08 15:09:02,205 [INFO]   Grade: 252 patches (stride 230px = 0.009855° | patch 256px = 0.010970°)
2026-05-08 15:09:02,216 [INFO]   Já no disco: 252/252
2026-05-08 15:09:02,216 [INFO]   Todos os patches já existem. Pulando.
2026-05-08 15:09:02,217 [INFO] 
[71/88] Região: 00000000000000000046
2026-05-08 15:09:02,608 [INFO]   Grade: 110 patches (stride 230px = 0.009855° | patch 256px = 0.010970°)
2026-05-08 15:09:02,617 [INFO]   Já no disco: 110/110
2026-05-08 15:09:02,617 [INFO]   Todos os patches já existem. Pulando.
2026-05-08 15:09:02,617 [INFO] 
[72/88] Região: 00000000000000000047
2026-05-08 15:09:02,992 [INFO]   Grade: 100 patches (stride 230px = 0.009855° | patch 256px = 0.010970°)
2026-05-08 15:09:03,000 [INFO]   Já no disco: 100/100
2026-05-08 15:09:03,001 [INFO]   Todos os patches já existem. Pulando.
2026-05-08 15:09:03,001 [INFO] 
[73/88] Região: 00000000000000000048
2026-05-08 15:09:03,319 [INFO]   Grade: 100 patches (stride 230px = 0.009855° | patch 256px = 0.010970°)
2026-05-08 15:09:03,326 [INFO]   Já no disco: 100/100
2026-05-08 15:09:03,326 [INFO]   Todos os patches já existem. Pulando.
2026-05-08 15:09:03,327 [INFO] 
[74/88] Região: 00000000000000000049
2026-05-08 15:09:03,643 [INFO]   Grade: 374 patches (stride 230px = 0.009855° | patch 256px = 0.010970°)
2026-05-08 15:09:03,658 [INFO]   Já no disco: 374/374
2026-05-08 15:09:03,658 [INFO]   Todos os patches já existem. Pulando.
2026-05-08 15:09:03,658 [INFO] 
[75/88] Região: 0000000000000000004a
2026-05-08 15:09:03,978 [INFO]   Grade: 132 patches (stride 230px = 0.009855° | patch 256px = 0.010970°)
2026-05-08 15:09:03,987 [INFO]   Já no disco: 132/132
2026-05-08 15:09:03,987 [INFO]   Todos os patches já existem. Pulando.
2026-05-08 15:09:03,988 [INFO] 
[76/88] Região: 0000000000000000004b
2026-05-08 15:09:04,336 [INFO]   Grade: 144 patches (stride 230px = 0.009855° | patch 256px = 0.010970°)
2026-05-08 15:09:04,345 [INFO]   Já no disco: 144/144
2026-05-08 15:09:04,346 [INFO]   Todos os patches já existem. Pulando.
2026-05-08 15:09:04,346 [INFO] 
[77/88] Região: 0000000000000000004c
2026-05-08 15:09:04,645 [INFO]   Grade: 120 patches (stride 230px = 0.009855° | patch 256px = 0.010970°)
2026-05-08 15:09:04,653 [INFO]   Já no disco: 120/120
2026-05-08 15:09:04,653 [INFO]   Todos os patches já existem. Pulando.
2026-05-08 15:09:04,653 [INFO] 
[78/88] Região: 0000000000000000004d
2026-05-08 15:09:05,013 [INFO]   Grade: 132 patches (stride 230px = 0.009855° | patch 256px = 0.010970°)
2026-05-08 15:09:05,022 [INFO]   Já no disco: 132/132
2026-05-08 15:09:05,022 [INFO]   Todos os patches já existem. Pulando.
2026-05-08 15:09:05,022 [INFO] 
[79/88] Região: 0000000000000000004e
2026-05-08 15:09:05,337 [INFO]   Grade: 110 patches (stride 230px = 0.009855° | patch 256px = 0.010970°)
2026-05-08 15:09:05,345 [INFO]   Já no disco: 110/110
2026-05-08 15:09:05,345 [INFO]   Todos os patches já existem. Pulando.
2026-05-08 15:09:05,345 [INFO] 
[80/88] Região: 0000000000000000004f
2026-05-08 15:09:05,669 [INFO]   Grade: 121 patches (stride 230px = 0.009855° | patch 256px = 0.010970°)
2026-05-08 15:09:05,677 [INFO]   Já no disco: 121/121
2026-05-08 15:09:05,678 [INFO]   Todos os patches já existem. Pulando.
2026-05-08 15:09:05,678 [INFO] 
[81/88] Região: 00000000000000000050
2026-05-08 15:09:05,948 [INFO]   Grade: 110 patches (stride 230px = 0.009855° | patch 256px = 0.010970°)
2026-05-08 15:09:05,955 [INFO]   Já no disco: 110/110
2026-05-08 15:09:05,955 [INFO]   Todos os patches já existem. Pulando.
2026-05-08 15:09:05,956 [INFO] 
[82/88] Região: 00000000000000000051
2026-05-08 15:09:06,331 [INFO]   Grade: 121 patches (stride 230px = 0.009855° | patch 256px = 0.010970°)
2026-05-08 15:09:06,338 [INFO]   Já no disco: 121/121
2026-05-08 15:09:06,338 [INFO]   Todos os patches já existem. Pulando.
2026-05-08 15:09:06,339 [INFO] 
[83/88] Região: 00000000000000000052
2026-05-08 15:09:06,651 [INFO]   Grade: 110 patches (stride 230px = 0.009855° | patch 256px = 0.010970°)
2026-05-08 15:09:06,659 [INFO]   Já no disco: 110/110
2026-05-08 15:09:06,659 [INFO]   Todos os patches já existem. Pulando.
2026-05-08 15:09:06,659 [INFO] 
[84/88] Região: 00000000000000000053
2026-05-08 15:09:07,005 [INFO]   Grade: 100 patches (stride 230px = 0.009855° | patch 256px = 0.010970°)
2026-05-08 15:09:07,013 [INFO]   Já no disco: 100/100
2026-05-08 15:09:07,013 [INFO]   Todos os patches já existem. Pulando.
2026-05-08 15:09:07,013 [INFO] 
[85/88] Região: 00000000000000000054
2026-05-08 15:09:07,469 [INFO]   Grade: 224 patches (stride 230px = 0.009855° | patch 256px = 0.010970°)
2026-05-08 15:09:07,480 [INFO]   Já no disco: 224/224
2026-05-08 15:09:07,480 [INFO]   Todos os patches já existem. Pulando.
2026-05-08 15:09:07,480 [INFO] 
[86/88] Região: 00000000000000000055
2026-05-08 15:09:07,857 [INFO]   Grade: 110 patches (stride 230px = 0.009855° | patch 256px = 0.010970°)
2026-05-08 15:09:07,865 [INFO]   Já no disco: 110/110
2026-05-08 15:09:07,866 [INFO]   Todos os patches já existem. Pulando.
2026-05-08 15:09:07,866 [INFO] 
[87/88] Região: 00000000000000000056
2026-05-08 15:09:08,140 [INFO]   Grade: 132 patches (stride 230px = 0.009855° | patch 256px = 0.010970°)
2026-05-08 15:09:08,183 [INFO]   Já no disco: 132/132
2026-05-08 15:09:08,183 [INFO]   Todos os patches já existem. Pulando.
2026-05-08 15:09:08,183 [INFO] 
[88/88] Região: 00000000000000000057
2026-05-08 15:09:09,157 [INFO]   Grade: 120 patches (stride 230px = 0.009855° | patch 256px = 0.010970°)
2026-05-08 15:09:09,166 [INFO]   Já no disco: 120/120
2026-05-08 15:09:09,166 [INFO]   Todos os patches já existem. Pulando.
2026-05-08 15:09:09,166 [INFO] 
============================================================
2026-05-08 15:09:09,166 [INFO] --- Ano 2018 ---
2026-05-08 15:09:09,539 [INFO] 
[1/88] Região: 00000000000000000000
2026-05-08 15:09:09,940 [INFO]   Grade: 121 patches (stride 230px = 0.009855° | patch 256px = 0.010970°)
2026-05-08 15:09:09,946 [INFO]   Já no disco: 121/121
2026-05-08 15:09:09,947 [INFO]   Todos os patches já existem. Pulando.
2026-05-08 15:09:09,947 [INFO] 
[2/88] Região: 00000000000000000001
2026-05-08 15:09:10,348 [INFO]   Grade: 120 patches (stride 230px = 0.009855° | patch 256px = 0.010970°)
2026-05-08 15:09:10,356 [INFO]   Já no disco: 120/120
2026-05-08 15:09:10,356 [INFO]   Todos os patches já existem. Pulando.
2026-05-08 15:09:10,356 [INFO] 
[3/88] Região: 00000000000000000002
2026-05-08 15:09:10,785 [INFO]   Grade: 132 patches (stride 230px = 0.009855° | patch 256px = 0.010970°)
2026-05-08 15:09:10,793 [INFO]   Já no disco: 132/132
2026-05-08 15:09:10,793 [INFO]   Todos os patches já existem. Pulando.
2026-05-08 15:09:10,793 [INFO] 
[4/88] Região: 00000000000000000003
2026-05-08 15:09:11,193 [INFO]   Grade: 63 patches (stride 230px = 0.009855° | patch 256px = 0.010970°)
2026-05-08 15:09:11,199 [INFO]   Já no disco: 63/63
2026-05-08 15:09:11,199 [INFO]   Todos os patches já existem. Pulando.
2026-05-08 15:09:11,200 [INFO] 
[5/88] Região: 00000000000000000004
2026-05-08 15:09:11,480 [INFO]   Grade: 9 patches (stride 230px = 0.009855° | patch 256px = 0.010970°)
2026-05-08 15:09:11,485 [INFO]   Já no disco: 9/9
2026-05-08 15:09:11,486 [INFO]   Todos os patches já existem. Pulando.
2026-05-08 15:09:11,486 [INFO] 
[6/88] Região: 00000000000000000005
2026-05-08 15:09:11,808 [INFO]   Grade: 90 patches (stride 230px = 0.009855° | patch 256px = 0.010970°)
2026-05-08 15:09:11,814 [INFO]   Já no disco: 90/90
2026-05-08 15:09:11,815 [INFO]   Todos os patches já existem. Pulando.
2026-05-08 15:09:11,815 [INFO] 
[7/88] Região: 00000000000000000006
2026-05-08 15:09:12,200 [INFO]   Grade: 238 patches (stride 230px = 0.009855° | patch 256px = 0.010970°)
2026-05-08 15:09:12,209 [INFO]   Já no disco: 238/238
2026-05-08 15:09:12,210 [INFO]   Todos os patches já existem. Pulando.
2026-05-08 15:09:12,210 [INFO] 
[8/88] Região: 00000000000000000007
2026-05-08 15:09:12,641 [INFO]   Grade: 110 patches (stride 230px = 0.009855° | patch 256px = 0.010970°)
2026-05-08 15:09:12,649 [INFO]   Já no disco: 110/110
2026-05-08 15:09:12,649 [INFO]   Todos os patches já existem. Pulando.
2026-05-08 15:09:12,649 [INFO] 
[9/88] Região: 00000000000000000008
2026-05-08 15:09:13,019 [INFO]   Grade: 132 patches (stride 230px = 0.009855° | patch 256px = 0.010970°)
2026-05-08 15:09:13,027 [INFO]   Já no disco: 132/132
2026-05-08 15:09:13,027 [INFO]   Todos os patches já existem. Pulando.
2026-05-08 15:09:13,027 [INFO] 
[10/88] Região: 00000000000000000009
2026-05-08 15:09:13,387 [INFO]   Grade: 121 patches (stride 230px = 0.009855° | patch 256px = 0.010970°)
2026-05-08 15:09:13,394 [INFO]   Já no disco: 121/121
2026-05-08 15:09:13,395 [INFO]   Todos os patches já existem. Pulando.
2026-05-08 15:09:13,395 [INFO] 
[11/88] Região: 0000000000000000000a
2026-05-08 15:09:13,784 [INFO]   Grade: 156 patches (stride 230px = 0.009855° | patch 256px = 0.010970°)
2026-05-08 15:09:13,793 [INFO]   Já no disco: 156/156
2026-05-08 15:09:13,793 [INFO]   Todos os patches já existem. Pulando.
2026-05-08 15:09:13,794 [INFO] 
[12/88] Região: 0000000000000000000b
2026-05-08 15:09:14,060 [INFO]   Grade: 240 patches (stride 230px = 0.009855° | patch 256px = 0.010970°)
2026-05-08 15:09:14,070 [INFO]   Já no disco: 240/240
2026-05-08 15:09:14,070 [INFO]   Todos os patches já existem. Pulando.
2026-05-08 15:09:14,070 [INFO] 
[13/88] Região: 0000000000000000000c
2026-05-08 15:09:14,401 [INFO]   Grade: 120 patches (stride 230px = 0.009855° | patch 256px = 0.010970°)
2026-05-08 15:09:14,407 [INFO]   Já no disco: 120/120
2026-05-08 15:09:14,408 [INFO]   Todos os patches já existem. Pulando.
2026-05-08 15:09:14,408 [INFO] 
[14/88] Região: 0000000000000000000d
2026-05-08 15:09:14,702 [INFO]   Grade: 156 patches (stride 230px = 0.009855° | patch 256px = 0.010970°)
2026-05-08 15:09:14,710 [INFO]   Já no disco: 156/156
2026-05-08 15:09:14,711 [INFO]   Todos os patches já existem. Pulando.
2026-05-08 15:09:14,711 [INFO] 
[15/88] Região: 0000000000000000000e
2026-05-08 15:09:15,141 [INFO]   Grade: 121 patches (stride 230px = 0.009855° | patch 256px = 0.010970°)
2026-05-08 15:09:15,149 [INFO]   Já no disco: 121/121
2026-05-08 15:09:15,150 [INFO]   Todos os patches já existem. Pulando.
2026-05-08 15:09:15,150 [INFO] 
[16/88] Região: 0000000000000000000f
2026-05-08 15:09:15,723 [INFO]   Grade: 121 patches (stride 230px = 0.009855° | patch 256px = 0.010970°)
2026-05-08 15:09:15,730 [INFO]   Já no disco: 121/121
2026-05-08 15:09:15,730 [INFO]   Todos os patches já existem. Pulando.
2026-05-08 15:09:15,731 [INFO] 
[17/88] Região: 00000000000000000010
2026-05-08 15:09:16,007 [INFO]   Grade: 120 patches (stride 230px = 0.009855° | patch 256px = 0.010970°)
2026-05-08 15:09:16,014 [INFO]   Já no disco: 120/120
2026-05-08 15:09:16,015 [INFO]   Todos os patches já existem. Pulando.
2026-05-08 15:09:16,015 [INFO] 
[18/88] Região: 00000000000000000011
2026-05-08 15:09:16,346 [INFO]   Grade: 110 patches (stride 230px = 0.009855° | patch 256px = 0.010970°)
2026-05-08 15:09:16,354 [INFO]   Já no disco: 110/110
2026-05-08 15:09:16,354 [INFO]   Todos os patches já existem. Pulando.
2026-05-08 15:09:16,354 [INFO] 
[19/88] Região: 00000000000000000012
2026-05-08 15:09:17,689 [INFO]   Grade: 110 patches (stride 230px = 0.009855° | patch 256px = 0.010970°)
2026-05-08 15:09:17,696 [INFO]   Já no disco: 110/110
2026-05-08 15:09:17,696 [INFO]   Todos os patches já existem. Pulando.
2026-05-08 15:09:17,697 [INFO] 
[20/88] Região: 00000000000000000013
2026-05-08 15:09:18,020 [INFO]   Grade: 576 patches (stride 230px = 0.009855° | patch 256px = 0.010970°)
2026-05-08 15:09:18,038 [INFO]   Já no disco: 576/576
2026-05-08 15:09:18,038 [INFO]   Todos os patches já existem. Pulando.
2026-05-08 15:09:18,038 [INFO] 
[21/88] Região: 00000000000000000014
2026-05-08 15:09:18,974 [INFO]   Grade: 130 patches (stride 230px = 0.009855° | patch 256px = 0.010970°)
2026-05-08 15:09:18,982 [INFO]   Já no disco: 130/130
2026-05-08 15:09:18,983 [INFO]   Todos os patches já existem. Pulando.
2026-05-08 15:09:18,983 [INFO] 
[22/88] Região: 00000000000000000015
2026-05-08 15:09:19,273 [INFO]   Grade: 357 patches (stride 230px = 0.009855° | patch 256px = 0.010970°)
2026-05-08 15:09:19,282 [INFO]   Já no disco: 357/357
2026-05-08 15:09:19,282 [INFO]   Todos os patches já existem. Pulando.
2026-05-08 15:09:19,282 [INFO] 
[23/88] Região: 00000000000000000016
2026-05-08 15:09:19,542 [INFO]   Grade: 182 patches (stride 230px = 0.009855° | patch 256px = 0.010970°)
2026-05-08 15:09:19,551 [INFO]   Já no disco: 182/182
2026-05-08 15:09:19,551 [INFO]   Todos os patches já existem. Pulando.
2026-05-08 15:09:19,552 [INFO] 
[24/88] Região: 00000000000000000017
2026-05-08 15:09:19,889 [INFO]   Grade: 140 patches (stride 230px = 0.009855° | patch 256px = 0.010970°)
2026-05-08 15:09:19,898 [INFO]   Já no disco: 140/140
2026-05-08 15:09:19,898 [INFO]   Todos os patches já existem. Pulando.
2026-05-08 15:09:19,898 [INFO] 
[25/88] Região: 00000000000000000018
2026-05-08 15:09:20,334 [INFO]   Grade: 156 patches (stride 230px = 0.009855° | patch 256px = 0.010970°)
2026-05-08 15:09:20,342 [INFO]   Já no disco: 156/156
2026-05-08 15:09:20,342 [INFO]   Todos os patches já existem. Pulando.
2026-05-08 15:09:20,343 [INFO] 
[26/88] Região: 00000000000000000019
2026-05-08 15:09:20,675 [INFO]   Grade: 100 patches (stride 230px = 0.009855° | patch 256px = 0.010970°)
2026-05-08 15:09:20,683 [INFO]   Já no disco: 100/100
2026-05-08 15:09:20,683 [INFO]   Todos os patches já existem. Pulando.
2026-05-08 15:09:20,683 [INFO] 
[27/88] Região: 0000000000000000001a
2026-05-08 15:09:20,963 [INFO]   Grade: 110 patches (stride 230px = 0.009855° | patch 256px = 0.010970°)
2026-05-08 15:09:20,970 [INFO]   Já no disco: 110/110
2026-05-08 15:09:20,970 [INFO]   Todos os patches já existem. Pulando.
2026-05-08 15:09:20,970 [INFO] 
[28/88] Região: 0000000000000000001b
2026-05-08 15:09:21,425 [INFO]   Grade: 594 patches (stride 230px = 0.009855° | patch 256px = 0.010970°)
2026-05-08 15:09:21,443 [INFO]   Já no disco: 594/594
2026-05-08 15:09:21,443 [INFO]   Todos os patches já existem. Pulando.
2026-05-08 15:09:21,443 [INFO] 
[29/88] Região: 0000000000000000001c
2026-05-08 15:09:21,815 [INFO]   Grade: 255 patches (stride 230px = 0.009855° | patch 256px = 0.010970°)
2026-05-08 15:09:21,826 [INFO]   Já no disco: 255/255
2026-05-08 15:09:21,826 [INFO]   Todos os patches já existem. Pulando.
2026-05-08 15:09:21,826 [INFO] 
[30/88] Região: 0000000000000000001d
2026-05-08 15:09:22,231 [INFO]   Grade: 100 patches (stride 230px = 0.009855° | patch 256px = 0.010970°)
2026-05-08 15:09:22,238 [INFO]   Já no disco: 100/100
2026-05-08 15:09:22,238 [INFO]   Todos os patches já existem. Pulando.
2026-05-08 15:09:22,239 [INFO] 
[31/88] Região: 0000000000000000001e
2026-05-08 15:09:22,509 [INFO]   Grade: 100 patches (stride 230px = 0.009855° | patch 256px = 0.010970°)
2026-05-08 15:09:22,515 [INFO]   Já no disco: 100/100
2026-05-08 15:09:22,516 [INFO]   Todos os patches já existem. Pulando.
2026-05-08 15:09:22,516 [INFO] 
[32/88] Região: 0000000000000000001f
2026-05-08 15:09:22,870 [INFO]   Grade: 238 patches (stride 230px = 0.009855° | patch 256px = 0.010970°)
2026-05-08 15:09:22,880 [INFO]   Já no disco: 238/238
2026-05-08 15:09:22,880 [INFO]   Todos os patches já existem. Pulando.
2026-05-08 15:09:22,880 [INFO] 
[33/88] Região: 00000000000000000020
2026-05-08 15:09:23,169 [INFO]   Grade: 225 patches (stride 230px = 0.009855° | patch 256px = 0.010970°)
2026-05-08 15:09:23,178 [INFO]   Já no disco: 225/225
2026-05-08 15:09:23,179 [INFO]   Todos os patches já existem. Pulando.
2026-05-08 15:09:23,179 [INFO] 
[34/88] Região: 00000000000000000021
2026-05-08 15:09:23,447 [INFO]   Grade: 100 patches (stride 230px = 0.009855° | patch 256px = 0.010970°)
2026-05-08 15:09:23,455 [INFO]   Já no disco: 100/100
2026-05-08 15:09:23,455 [INFO]   Todos os patches já existem. Pulando.
2026-05-08 15:09:23,455 [INFO] 
[35/88] Região: 00000000000000000022
2026-05-08 15:09:24,491 [INFO]   Grade: 221 patches (stride 230px = 0.009855° | patch 256px = 0.010970°)
2026-05-08 15:09:24,500 [INFO]   Já no disco: 221/221
2026-05-08 15:09:24,500 [INFO]   Todos os patches já existem. Pulando.
2026-05-08 15:09:24,500 [INFO] 
[36/88] Região: 00000000000000000023
2026-05-08 15:09:24,764 [INFO]   Grade: 195 patches (stride 230px = 0.009855° | patch 256px = 0.010970°)
2026-05-08 15:09:24,774 [INFO]   Já no disco: 195/195
2026-05-08 15:09:24,775 [INFO]   Todos os patches já existem. Pulando.
2026-05-08 15:09:24,775 [INFO] 
[37/88] Região: 00000000000000000024
2026-05-08 15:09:25,133 [INFO]   Grade: 100 patches (stride 230px = 0.009855° | patch 256px = 0.010970°)
2026-05-08 15:09:25,140 [INFO]   Já no disco: 100/100
2026-05-08 15:09:25,141 [INFO]   Todos os patches já existem. Pulando.
2026-05-08 15:09:25,141 [INFO] 
[38/88] Região: 00000000000000000025
2026-05-08 15:09:25,459 [INFO]   Grade: 143 patches (stride 230px = 0.009855° | patch 256px = 0.010970°)
2026-05-08 15:09:25,467 [INFO]   Já no disco: 143/143
2026-05-08 15:09:25,467 [INFO]   Todos os patches já existem. Pulando.
2026-05-08 15:09:25,468 [INFO] 
[39/88] Região: 00000000000000000026
2026-05-08 15:09:25,736 [INFO]   Grade: 156 patches (stride 230px = 0.009855° | patch 256px = 0.010970°)
2026-05-08 15:09:25,744 [INFO]   Já no disco: 156/156
2026-05-08 15:09:25,745 [INFO]   Todos os patches já existem. Pulando.
2026-05-08 15:09:25,745 [INFO] 
[40/88] Região: 00000000000000000027
2026-05-08 15:09:26,085 [INFO]   Grade: 100 patches (stride 230px = 0.009855° | patch 256px = 0.010970°)
2026-05-08 15:09:26,092 [INFO]   Já no disco: 100/100
2026-05-08 15:09:26,092 [INFO]   Todos os patches já existem. Pulando.
2026-05-08 15:09:26,092 [INFO] 
[41/88] Região: 00000000000000000028
2026-05-08 15:09:26,361 [INFO]   Grade: 100 patches (stride 230px = 0.009855° | patch 256px = 0.010970°)
2026-05-08 15:09:26,369 [INFO]   Já no disco: 100/100
2026-05-08 15:09:26,369 [INFO]   Todos os patches já existem. Pulando.
2026-05-08 15:09:26,369 [INFO] 
[42/88] Região: 00000000000000000029
2026-05-08 15:09:26,752 [INFO]   Grade: 121 patches (stride 230px = 0.009855° | patch 256px = 0.010970°)
2026-05-08 15:09:26,759 [INFO]   Já no disco: 121/121
2026-05-08 15:09:26,759 [INFO]   Todos os patches já existem. Pulando.
2026-05-08 15:09:26,760 [INFO] 
[43/88] Região: 0000000000000000002a
2026-05-08 15:09:27,307 [INFO]   Grade: 100 patches (stride 230px = 0.009855° | patch 256px = 0.010970°)
2026-05-08 15:09:27,314 [INFO]   Já no disco: 100/100
2026-05-08 15:09:27,314 [INFO]   Todos os patches já existem. Pulando.
2026-05-08 15:09:27,314 [INFO] 
[44/88] Região: 0000000000000000002b
2026-05-08 15:09:27,729 [INFO]   Grade: 144 patches (stride 230px = 0.009855° | patch 256px = 0.010970°)
2026-05-08 15:09:27,738 [INFO]   Já no disco: 144/144
2026-05-08 15:09:27,738 [INFO]   Todos os patches já existem. Pulando.
2026-05-08 15:09:27,738 [INFO] 
[45/88] Região: 0000000000000000002c
2026-05-08 15:09:28,132 [INFO]   Grade: 100 patches (stride 230px = 0.009855° | patch 256px = 0.010970°)
2026-05-08 15:09:28,139 [INFO]   Já no disco: 100/100
2026-05-08 15:09:28,139 [INFO]   Todos os patches já existem. Pulando.
2026-05-08 15:09:28,139 [INFO] 
[46/88] Região: 0000000000000000002d
2026-05-08 15:09:28,502 [INFO]   Grade: 182 patches (stride 230px = 0.009855° | patch 256px = 0.010970°)
2026-05-08 15:09:28,511 [INFO]   Já no disco: 182/182
2026-05-08 15:09:28,511 [INFO]   Todos os patches já existem. Pulando.
2026-05-08 15:09:28,512 [INFO] 
[47/88] Região: 0000000000000000002e
2026-05-08 15:09:28,819 [INFO]   Grade: 182 patches (stride 230px = 0.009855° | patch 256px = 0.010970°)
2026-05-08 15:09:28,828 [INFO]   Já no disco: 182/182
2026-05-08 15:09:28,828 [INFO]   Todos os patches já existem. Pulando.
2026-05-08 15:09:28,828 [INFO] 
[48/88] Região: 0000000000000000002f
2026-05-08 15:09:29,212 [INFO]   Grade: 100 patches (stride 230px = 0.009855° | patch 256px = 0.010970°)
2026-05-08 15:09:29,220 [INFO]   Já no disco: 100/100
2026-05-08 15:09:29,220 [INFO]   Todos os patches já existem. Pulando.
2026-05-08 15:09:29,220 [INFO] 
[49/88] Região: 00000000000000000030
2026-05-08 15:09:29,521 [INFO]   Grade: 144 patches (stride 230px = 0.009855° | patch 256px = 0.010970°)
2026-05-08 15:09:29,530 [INFO]   Já no disco: 144/144
2026-05-08 15:09:29,530 [INFO]   Todos os patches já existem. Pulando.
2026-05-08 15:09:29,530 [INFO] 
[50/88] Região: 00000000000000000031
2026-05-08 15:09:29,822 [INFO]   Grade: 100 patches (stride 230px = 0.009855° | patch 256px = 0.010970°)
2026-05-08 15:09:29,828 [INFO]   Já no disco: 100/100
2026-05-08 15:09:29,829 [INFO]   Todos os patches já existem. Pulando.
2026-05-08 15:09:29,829 [INFO] 
[51/88] Região: 00000000000000000032
2026-05-08 15:09:30,119 [INFO]   Grade: 100 patches (stride 230px = 0.009855° | patch 256px = 0.010970°)
2026-05-08 15:09:30,126 [INFO]   Já no disco: 100/100
2026-05-08 15:09:30,127 [INFO]   Todos os patches já existem. Pulando.
2026-05-08 15:09:30,127 [INFO] 
[52/88] Região: 00000000000000000033
2026-05-08 15:09:30,556 [INFO]   Grade: 100 patches (stride 230px = 0.009855° | patch 256px = 0.010970°)
2026-05-08 15:09:30,563 [INFO]   Já no disco: 100/100
2026-05-08 15:09:30,563 [INFO]   Todos os patches já existem. Pulando.
2026-05-08 15:09:30,564 [INFO] 
[53/88] Região: 00000000000000000034
2026-05-08 15:09:30,841 [INFO]   Grade: 100 patches (stride 230px = 0.009855° | patch 256px = 0.010970°)
2026-05-08 15:09:30,845 [INFO]   Já no disco: 100/100
2026-05-08 15:09:30,845 [INFO]   Todos os patches já existem. Pulando.
2026-05-08 15:09:30,846 [INFO] 
[54/88] Região: 00000000000000000035
2026-05-08 15:09:31,147 [INFO]   Grade: 100 patches (stride 230px = 0.009855° | patch 256px = 0.010970°)
2026-05-08 15:09:31,155 [INFO]   Já no disco: 100/100
2026-05-08 15:09:31,155 [INFO]   Todos os patches já existem. Pulando.
2026-05-08 15:09:31,155 [INFO] 
[55/88] Região: 00000000000000000036
2026-05-08 15:09:31,440 [INFO]   Grade: 132 patches (stride 230px = 0.009855° | patch 256px = 0.010970°)
2026-05-08 15:09:31,448 [INFO]   Já no disco: 132/132
2026-05-08 15:09:31,449 [INFO]   Todos os patches já existem. Pulando.
2026-05-08 15:09:31,449 [INFO] 
[56/88] Região: 00000000000000000037
2026-05-08 15:09:31,869 [INFO]   Grade: 168 patches (stride 230px = 0.009855° | patch 256px = 0.010970°)
2026-05-08 15:09:31,878 [INFO]   Já no disco: 168/168
2026-05-08 15:09:31,878 [INFO]   Todos os patches já existem. Pulando.
2026-05-08 15:09:31,879 [INFO] 
[57/88] Região: 00000000000000000038
2026-05-08 15:09:32,133 [INFO]   Grade: 234 patches (stride 230px = 0.009855° | patch 256px = 0.010970°)
2026-05-08 15:09:32,144 [INFO]   Já no disco: 234/234
2026-05-08 15:09:32,145 [INFO]   Todos os patches já existem. Pulando.
2026-05-08 15:09:32,145 [INFO] 
[58/88] Região: 00000000000000000039
2026-05-08 15:09:32,446 [INFO]   Grade: 100 patches (stride 230px = 0.009855° | patch 256px = 0.010970°)
2026-05-08 15:09:32,455 [INFO]   Já no disco: 100/100
2026-05-08 15:09:32,455 [INFO]   Todos os patches já existem. Pulando.
2026-05-08 15:09:32,455 [INFO] 
[59/88] Região: 0000000000000000003a
2026-05-08 15:09:32,779 [INFO]   Grade: 100 patches (stride 230px = 0.009855° | patch 256px = 0.010970°)
2026-05-08 15:09:32,786 [INFO]   Já no disco: 100/100
2026-05-08 15:09:32,787 [INFO]   Todos os patches já existem. Pulando.
2026-05-08 15:09:32,787 [INFO] 
[60/88] Região: 0000000000000000003b
2026-05-08 15:09:33,078 [INFO]   Grade: 361 patches (stride 230px = 0.009855° | patch 256px = 0.010970°)
2026-05-08 15:09:33,091 [INFO]   Já no disco: 361/361
2026-05-08 15:09:33,092 [INFO]   Todos os patches já existem. Pulando.
2026-05-08 15:09:33,092 [INFO] 
[61/88] Região: 0000000000000000003c
2026-05-08 15:09:33,429 [INFO]   Grade: 165 patches (stride 230px = 0.009855° | patch 256px = 0.010970°)
2026-05-08 15:09:33,440 [INFO]   Já no disco: 165/165
2026-05-08 15:09:33,440 [INFO]   Todos os patches já existem. Pulando.
2026-05-08 15:09:33,440 [INFO] 
[62/88] Região: 0000000000000000003d
2026-05-08 15:09:33,811 [INFO]   Grade: 169 patches (stride 230px = 0.009855° | patch 256px = 0.010970°)
2026-05-08 15:09:33,822 [INFO]   Já no disco: 169/169
2026-05-08 15:09:33,822 [INFO]   Todos os patches já existem. Pulando.
2026-05-08 15:09:33,822 [INFO] 
[63/88] Região: 0000000000000000003e
2026-05-08 15:09:34,183 [INFO]   Grade: 272 patches (stride 230px = 0.009855° | patch 256px = 0.010970°)
2026-05-08 15:09:34,193 [INFO]   Já no disco: 272/272
2026-05-08 15:09:34,193 [INFO]   Todos os patches já existem. Pulando.
2026-05-08 15:09:34,194 [INFO] 
[64/88] Região: 0000000000000000003f
2026-05-08 15:09:36,119 [INFO]   Grade: 100 patches (stride 230px = 0.009855° | patch 256px = 0.010970°)
2026-05-08 15:09:36,127 [INFO]   Já no disco: 100/100
2026-05-08 15:09:36,128 [INFO]   Todos os patches já existem. Pulando.
2026-05-08 15:09:36,128 [INFO] 
[65/88] Região: 00000000000000000040
2026-05-08 15:09:36,438 [INFO]   Grade: 132 patches (stride 230px = 0.009855° | patch 256px = 0.010970°)
2026-05-08 15:09:36,447 [INFO]   Já no disco: 132/132
2026-05-08 15:09:36,447 [INFO]   Todos os patches já existem. Pulando.
2026-05-08 15:09:36,447 [INFO] 
[66/88] Região: 00000000000000000041
2026-05-08 15:09:36,835 [INFO]   Grade: 352 patches (stride 230px = 0.009855° | patch 256px = 0.010970°)
2026-05-08 15:09:36,848 [INFO]   Já no disco: 352/352
2026-05-08 15:09:36,849 [INFO]   Todos os patches já existem. Pulando.
2026-05-08 15:09:36,849 [INFO] 
[67/88] Região: 00000000000000000042
2026-05-08 15:09:37,149 [INFO]   Grade: 255 patches (stride 230px = 0.009855° | patch 256px = 0.010970°)
2026-05-08 15:09:37,161 [INFO]   Já no disco: 255/255
2026-05-08 15:09:37,161 [INFO]   Todos os patches já existem. Pulando.
2026-05-08 15:09:37,161 [INFO] 
[68/88] Região: 00000000000000000043
2026-05-08 15:09:37,571 [INFO]   Grade: 132 patches (stride 230px = 0.009855° | patch 256px = 0.010970°)
2026-05-08 15:09:37,580 [INFO]   Já no disco: 132/132
2026-05-08 15:09:37,580 [INFO]   Todos os patches já existem. Pulando.
2026-05-08 15:09:37,581 [INFO] 
[69/88] Região: 00000000000000000044
2026-05-08 15:09:37,968 [INFO]   Grade: 100 patches (stride 230px = 0.009855° | patch 256px = 0.010970°)
2026-05-08 15:09:37,976 [INFO]   Já no disco: 100/100
2026-05-08 15:09:37,976 [INFO]   Todos os patches já existem. Pulando.
2026-05-08 15:09:37,976 [INFO] 
[70/88] Região: 00000000000000000045
2026-05-08 15:09:38,280 [INFO]   Grade: 252 patches (stride 230px = 0.009855° | patch 256px = 0.010970°)
2026-05-08 15:09:38,290 [INFO]   Já no disco: 252/252
2026-05-08 15:09:38,291 [INFO]   Todos os patches já existem. Pulando.
2026-05-08 15:09:38,291 [INFO] 
[71/88] Região: 00000000000000000046
2026-05-08 15:09:38,600 [INFO]   Grade: 110 patches (stride 230px = 0.009855° | patch 256px = 0.010970°)
2026-05-08 15:09:38,609 [INFO]   Já no disco: 110/110
2026-05-08 15:09:38,609 [INFO]   Todos os patches já existem. Pulando.
2026-05-08 15:09:38,609 [INFO] 
[72/88] Região: 00000000000000000047
2026-05-08 15:09:38,874 [INFO]   Grade: 100 patches (stride 230px = 0.009855° | patch 256px = 0.010970°)
2026-05-08 15:09:38,882 [INFO]   Já no disco: 100/100
2026-05-08 15:09:38,882 [INFO]   Todos os patches já existem. Pulando.
2026-05-08 15:09:38,883 [INFO] 
[73/88] Região: 00000000000000000048
2026-05-08 15:09:39,226 [INFO]   Grade: 100 patches (stride 230px = 0.009855° | patch 256px = 0.010970°)
2026-05-08 15:09:39,234 [INFO]   Já no disco: 100/100
2026-05-08 15:09:39,234 [INFO]   Todos os patches já existem. Pulando.
2026-05-08 15:09:39,234 [INFO] 
[74/88] Região: 00000000000000000049
2026-05-08 15:09:39,531 [INFO]   Grade: 374 patches (stride 230px = 0.009855° | patch 256px = 0.010970°)
2026-05-08 15:09:39,546 [INFO]   Já no disco: 374/374
2026-05-08 15:09:39,546 [INFO]   Todos os patches já existem. Pulando.
2026-05-08 15:09:39,547 [INFO] 
[75/88] Região: 0000000000000000004a
2026-05-08 15:09:39,912 [INFO]   Grade: 132 patches (stride 230px = 0.009855° | patch 256px = 0.010970°)
2026-05-08 15:09:39,921 [INFO]   Já no disco: 132/132
2026-05-08 15:09:39,921 [INFO]   Todos os patches já existem. Pulando.
2026-05-08 15:09:39,922 [INFO] 
[76/88] Região: 0000000000000000004b
2026-05-08 15:09:40,186 [INFO]   Grade: 144 patches (stride 230px = 0.009855° | patch 256px = 0.010970°)
2026-05-08 15:09:40,195 [INFO]   Já no disco: 144/144
2026-05-08 15:09:40,195 [INFO]   Todos os patches já existem. Pulando.
2026-05-08 15:09:40,196 [INFO] 
[77/88] Região: 0000000000000000004c
2026-05-08 15:09:40,500 [INFO]   Grade: 120 patches (stride 230px = 0.009855° | patch 256px = 0.010970°)
2026-05-08 15:09:40,507 [INFO]   Já no disco: 120/120
2026-05-08 15:09:40,508 [INFO]   Todos os patches já existem. Pulando.
2026-05-08 15:09:40,508 [INFO] 
[78/88] Região: 0000000000000000004d
2026-05-08 15:09:40,914 [INFO]   Grade: 132 patches (stride 230px = 0.009855° | patch 256px = 0.010970°)
2026-05-08 15:09:40,923 [INFO]   Já no disco: 132/132
2026-05-08 15:09:40,924 [INFO]   Todos os patches já existem. Pulando.
2026-05-08 15:09:40,924 [INFO] 
[79/88] Região: 0000000000000000004e
2026-05-08 15:09:41,327 [INFO]   Grade: 110 patches (stride 230px = 0.009855° | patch 256px = 0.010970°)
2026-05-08 15:09:41,331 [INFO]   Já no disco: 110/110
2026-05-08 15:09:41,331 [INFO]   Todos os patches já existem. Pulando.
2026-05-08 15:09:41,332 [INFO] 
[80/88] Região: 0000000000000000004f
2026-05-08 15:09:41,643 [INFO]   Grade: 121 patches (stride 230px = 0.009855° | patch 256px = 0.010970°)
2026-05-08 15:09:41,652 [INFO]   Já no disco: 121/121
2026-05-08 15:09:41,652 [INFO]   Todos os patches já existem. Pulando.
2026-05-08 15:09:41,652 [INFO] 
[81/88] Região: 00000000000000000050
2026-05-08 15:09:41,985 [INFO]   Grade: 110 patches (stride 230px = 0.009855° | patch 256px = 0.010970°)
2026-05-08 15:09:41,992 [INFO]   Já no disco: 110/110
2026-05-08 15:09:41,993 [INFO]   Todos os patches já existem. Pulando.
2026-05-08 15:09:41,993 [INFO] 
[82/88] Região: 00000000000000000051
2026-05-08 15:09:42,383 [INFO]   Grade: 121 patches (stride 230px = 0.009855° | patch 256px = 0.010970°)
2026-05-08 15:09:42,391 [INFO]   Já no disco: 121/121
2026-05-08 15:09:42,392 [INFO]   Todos os patches já existem. Pulando.
2026-05-08 15:09:42,392 [INFO] 
[83/88] Região: 00000000000000000052
2026-05-08 15:09:42,811 [INFO]   Grade: 110 patches (stride 230px = 0.009855° | patch 256px = 0.010970°)
2026-05-08 15:09:42,818 [INFO]   Já no disco: 110/110
2026-05-08 15:09:42,819 [INFO]   Todos os patches já existem. Pulando.
2026-05-08 15:09:42,819 [INFO] 
[84/88] Região: 00000000000000000053
2026-05-08 15:09:43,109 [INFO]   Grade: 100 patches (stride 230px = 0.009855° | patch 256px = 0.010970°)
2026-05-08 15:09:43,116 [INFO]   Já no disco: 100/100
2026-05-08 15:09:43,117 [INFO]   Todos os patches já existem. Pulando.
2026-05-08 15:09:43,117 [INFO] 
[85/88] Região: 00000000000000000054
2026-05-08 15:09:43,402 [INFO]   Grade: 224 patches (stride 230px = 0.009855° | patch 256px = 0.010970°)
2026-05-08 15:09:43,413 [INFO]   Já no disco: 224/224
2026-05-08 15:09:43,413 [INFO]   Todos os patches já existem. Pulando.
2026-05-08 15:09:43,413 [INFO] 
[86/88] Região: 00000000000000000055
2026-05-08 15:09:43,710 [INFO]   Grade: 110 patches (stride 230px = 0.009855° | patch 256px = 0.010970°)
2026-05-08 15:09:43,718 [INFO]   Já no disco: 110/110
2026-05-08 15:09:43,719 [INFO]   Todos os patches já existem. Pulando.
2026-05-08 15:09:43,719 [INFO] 
[87/88] Região: 00000000000000000056
2026-05-08 15:09:43,998 [INFO]   Grade: 132 patches (stride 230px = 0.009855° | patch 256px = 0.010970°)
2026-05-08 15:09:44,006 [INFO]   Já no disco: 132/132
2026-05-08 15:09:44,006 [INFO]   Todos os patches já existem. Pulando.
2026-05-08 15:09:44,006 [INFO] 
[88/88] Região: 00000000000000000057
2026-05-08 15:09:44,435 [INFO]   Grade: 120 patches (stride 230px = 0.009855° | patch 256px = 0.010970°)
2026-05-08 15:09:44,444 [INFO]   Já no disco: 120/120
2026-05-08 15:09:44,444 [INFO]   Todos os patches já existem. Pulando.
2026-05-08 15:09:44,444 [INFO] 
============================================================
2026-05-08 15:09:44,444 [INFO] --- Ano 2019 ---
2026-05-08 15:09:44,750 [INFO] 
[1/88] Região: 00000000000000000000
2026-05-08 15:09:45,193 [INFO]   Grade: 121 patches (stride 230px = 0.009855° | patch 256px = 0.010970°)
2026-05-08 15:09:45,200 [INFO]   Já no disco: 121/121
2026-05-08 15:09:45,201 [INFO]   Todos os patches já existem. Pulando.
2026-05-08 15:09:45,201 [INFO] 
[2/88] Região: 00000000000000000001
2026-05-08 15:09:45,484 [INFO]   Grade: 120 patches (stride 230px = 0.009855° | patch 256px = 0.010970°)
2026-05-08 15:09:45,491 [INFO]   Já no disco: 120/120
2026-05-08 15:09:45,491 [INFO]   Todos os patches já existem. Pulando.
2026-05-08 15:09:45,491 [INFO] 
[3/88] Região: 00000000000000000002
2026-05-08 15:09:45,981 [INFO]   Grade: 132 patches (stride 230px = 0.009855° | patch 256px = 0.010970°)
2026-05-08 15:09:45,989 [INFO]   Já no disco: 132/132
2026-05-08 15:09:45,989 [INFO]   Todos os patches já existem. Pulando.
2026-05-08 15:09:45,989 [INFO] 
[4/88] Região: 00000000000000000003
2026-05-08 15:09:46,407 [INFO]   Grade: 63 patches (stride 230px = 0.009855° | patch 256px = 0.010970°)
2026-05-08 15:09:46,413 [INFO]   Já no disco: 63/63
2026-05-08 15:09:46,414 [INFO]   Todos os patches já existem. Pulando.
2026-05-08 15:09:46,414 [INFO] 
[5/88] Região: 00000000000000000004
2026-05-08 15:09:46,815 [INFO]   Grade: 9 patches (stride 230px = 0.009855° | patch 256px = 0.010970°)
2026-05-08 15:09:46,820 [INFO]   Já no disco: 9/9
2026-05-08 15:09:46,820 [INFO]   Todos os patches já existem. Pulando.
2026-05-08 15:09:46,820 [INFO] 
[6/88] Região: 00000000000000000005
2026-05-08 15:09:47,182 [INFO]   Grade: 90 patches (stride 230px = 0.009855° | patch 256px = 0.010970°)
2026-05-08 15:09:47,189 [INFO]   Já no disco: 90/90
2026-05-08 15:09:47,189 [INFO]   Todos os patches já existem. Pulando.
2026-05-08 15:09:47,189 [INFO] 
[7/88] Região: 00000000000000000006
2026-05-08 15:09:48,254 [INFO]   Grade: 238 patches (stride 230px = 0.009855° | patch 256px = 0.010970°)
2026-05-08 15:09:48,264 [INFO]   Já no disco: 238/238
2026-05-08 15:09:48,264 [INFO]   Todos os patches já existem. Pulando.
2026-05-08 15:09:48,265 [INFO] 
[8/88] Região: 00000000000000000007
2026-05-08 15:09:48,585 [INFO]   Grade: 110 patches (stride 230px = 0.009855° | patch 256px = 0.010970°)
2026-05-08 15:09:48,593 [INFO]   Já no disco: 110/110
2026-05-08 15:09:48,593 [INFO]   Todos os patches já existem. Pulando.
2026-05-08 15:09:48,593 [INFO] 
[9/88] Região: 00000000000000000008
2026-05-08 15:09:48,972 [INFO]   Grade: 132 patches (stride 230px = 0.009855° | patch 256px = 0.010970°)
2026-05-08 15:09:48,980 [INFO]   Já no disco: 132/132
2026-05-08 15:09:48,980 [INFO]   Todos os patches já existem. Pulando.
2026-05-08 15:09:48,981 [INFO] 
[10/88] Região: 00000000000000000009
2026-05-08 15:09:49,290 [INFO]   Grade: 121 patches (stride 230px = 0.009855° | patch 256px = 0.010970°)
2026-05-08 15:09:49,298 [INFO]   Já no disco: 121/121
2026-05-08 15:09:49,298 [INFO]   Todos os patches já existem. Pulando.
2026-05-08 15:09:49,298 [INFO] 
[11/88] Região: 0000000000000000000a
2026-05-08 15:09:49,738 [INFO]   Grade: 156 patches (stride 230px = 0.009855° | patch 256px = 0.010970°)
2026-05-08 15:09:49,746 [INFO]   Já no disco: 156/156
2026-05-08 15:09:49,746 [INFO]   Todos os patches já existem. Pulando.
2026-05-08 15:09:49,746 [INFO] 
[12/88] Região: 0000000000000000000b
2026-05-08 15:09:50,079 [INFO]   Grade: 240 patches (stride 230px = 0.009855° | patch 256px = 0.010970°)
2026-05-08 15:09:50,089 [INFO]   Já no disco: 240/240
2026-05-08 15:09:50,089 [INFO]   Todos os patches já existem. Pulando.
2026-05-08 15:09:50,089 [INFO] 
[13/88] Região: 0000000000000000000c
2026-05-08 15:09:50,368 [INFO]   Grade: 120 patches (stride 230px = 0.009855° | patch 256px = 0.010970°)
2026-05-08 15:09:50,376 [INFO]   Já no disco: 120/120
2026-05-08 15:09:50,376 [INFO]   Todos os patches já existem. Pulando.
2026-05-08 15:09:50,377 [INFO] 
[14/88] Região: 0000000000000000000d
2026-05-08 15:09:50,751 [INFO]   Grade: 156 patches (stride 230px = 0.009855° | patch 256px = 0.010970°)
2026-05-08 15:09:50,759 [INFO]   Já no disco: 156/156
2026-05-08 15:09:50,760 [INFO]   Todos os patches já existem. Pulando.
2026-05-08 15:09:50,760 [INFO] 
[15/88] Região: 0000000000000000000e
2026-05-08 15:09:51,082 [INFO]   Grade: 121 patches (stride 230px = 0.009855° | patch 256px = 0.010970°)
2026-05-08 15:09:51,089 [INFO]   Já no disco: 121/121
2026-05-08 15:09:51,090 [INFO]   Todos os patches já existem. Pulando.
2026-05-08 15:09:51,090 [INFO] 
[16/88] Região: 0000000000000000000f
2026-05-08 15:09:51,446 [INFO]   Grade: 121 patches (stride 230px = 0.009855° | patch 256px = 0.010970°)
2026-05-08 15:09:51,453 [INFO]   Já no disco: 121/121
2026-05-08 15:09:51,453 [INFO]   Todos os patches já existem. Pulando.
2026-05-08 15:09:51,453 [INFO] 
[17/88] Região: 00000000000000000010
2026-05-08 15:09:51,747 [INFO]   Grade: 120 patches (stride 230px = 0.009855° | patch 256px = 0.010970°)
2026-05-08 15:09:51,755 [INFO]   Já no disco: 120/120
2026-05-08 15:09:51,755 [INFO]   Todos os patches já existem. Pulando.
2026-05-08 15:09:51,755 [INFO] 
[18/88] Região: 00000000000000000011
2026-05-08 15:09:52,749 [INFO]   Grade: 110 patches (stride 230px = 0.009855° | patch 256px = 0.010970°)
2026-05-08 15:09:52,756 [INFO]   Já no disco: 110/110
2026-05-08 15:09:52,756 [INFO]   Todos os patches já existem. Pulando.
2026-05-08 15:09:52,756 [INFO] 
[19/88] Região: 00000000000000000012
2026-05-08 15:09:53,114 [INFO]   Grade: 110 patches (stride 230px = 0.009855° | patch 256px = 0.010970°)
2026-05-08 15:09:53,121 [INFO]   Já no disco: 110/110
2026-05-08 15:09:53,121 [INFO]   Todos os patches já existem. Pulando.
2026-05-08 15:09:53,121 [INFO] 
[20/88] Região: 00000000000000000013
2026-05-08 15:09:53,406 [INFO]   Grade: 576 patches (stride 230px = 0.009855° | patch 256px = 0.010970°)
2026-05-08 15:09:53,422 [INFO]   Já no disco: 576/576
2026-05-08 15:09:53,422 [INFO]   Todos os patches já existem. Pulando.
2026-05-08 15:09:53,422 [INFO] 
[21/88] Região: 00000000000000000014
2026-05-08 15:09:53,812 [INFO]   Grade: 130 patches (stride 230px = 0.009855° | patch 256px = 0.010970°)
2026-05-08 15:09:53,820 [INFO]   Já no disco: 130/130
2026-05-08 15:09:53,821 [INFO]   Todos os patches já existem. Pulando.
2026-05-08 15:09:53,821 [INFO] 
[22/88] Região: 00000000000000000015
2026-05-08 15:09:54,158 [INFO]   Grade: 357 patches (stride 230px = 0.009855° | patch 256px = 0.010970°)
2026-05-08 15:09:54,170 [INFO]   Já no disco: 357/357
2026-05-08 15:09:54,170 [INFO]   Todos os patches já existem. Pulando.
2026-05-08 15:09:54,171 [INFO] 
[23/88] Região: 00000000000000000016
2026-05-08 15:09:54,553 [INFO]   Grade: 182 patches (stride 230px = 0.009855° | patch 256px = 0.010970°)
2026-05-08 15:09:54,562 [INFO]   Já no disco: 182/182
2026-05-08 15:09:54,562 [INFO]   Todos os patches já existem. Pulando.
2026-05-08 15:09:54,563 [INFO] 
[24/88] Região: 00000000000000000017
2026-05-08 15:09:54,950 [INFO]   Grade: 140 patches (stride 230px = 0.009855° | patch 256px = 0.010970°)
2026-05-08 15:09:54,959 [INFO]   Já no disco: 140/140
2026-05-08 15:09:54,959 [INFO]   Todos os patches já existem. Pulando.
2026-05-08 15:09:54,959 [INFO] 
[25/88] Região: 00000000000000000018
2026-05-08 15:09:55,300 [INFO]   Grade: 156 patches (stride 230px = 0.009855° | patch 256px = 0.010970°)
2026-05-08 15:09:55,307 [INFO]   Já no disco: 156/156
2026-05-08 15:09:55,308 [INFO]   Todos os patches já existem. Pulando.
2026-05-08 15:09:55,308 [INFO] 
[26/88] Região: 00000000000000000019
2026-05-08 15:09:55,576 [INFO]   Grade: 100 patches (stride 230px = 0.009855° | patch 256px = 0.010970°)
2026-05-08 15:09:55,584 [INFO]   Já no disco: 100/100
2026-05-08 15:09:55,584 [INFO]   Todos os patches já existem. Pulando.
2026-05-08 15:09:55,584 [INFO] 
[27/88] Região: 0000000000000000001a
2026-05-08 15:09:55,933 [INFO]   Grade: 110 patches (stride 230px = 0.009855° | patch 256px = 0.010970°)
2026-05-08 15:09:55,940 [INFO]   Já no disco: 110/110
2026-05-08 15:09:55,940 [INFO]   Todos os patches já existem. Pulando.
2026-05-08 15:09:55,940 [INFO] 
[28/88] Região: 0000000000000000001b
2026-05-08 15:09:56,238 [INFO]   Grade: 594 patches (stride 230px = 0.009855° | patch 256px = 0.010970°)
2026-05-08 15:09:56,255 [INFO]   Já no disco: 594/594
2026-05-08 15:09:56,256 [INFO]   Todos os patches já existem. Pulando.
2026-05-08 15:09:56,256 [INFO] 
[29/88] Região: 0000000000000000001c
2026-05-08 15:09:56,603 [INFO]   Grade: 255 patches (stride 230px = 0.009855° | patch 256px = 0.010970°)
2026-05-08 15:09:56,613 [INFO]   Já no disco: 255/255
2026-05-08 15:09:56,614 [INFO]   Todos os patches já existem. Pulando.
2026-05-08 15:09:56,614 [INFO] 
[30/88] Região: 0000000000000000001d
2026-05-08 15:09:57,585 [INFO]   Grade: 100 patches (stride 230px = 0.009855° | patch 256px = 0.010970°)
2026-05-08 15:09:57,593 [INFO]   Já no disco: 100/100
2026-05-08 15:09:57,593 [INFO]   Todos os patches já existem. Pulando.
2026-05-08 15:09:57,593 [INFO] 
[31/88] Região: 0000000000000000001e
2026-05-08 15:09:57,993 [INFO]   Grade: 100 patches (stride 230px = 0.009855° | patch 256px = 0.010970°)
2026-05-08 15:09:58,000 [INFO]   Já no disco: 117/100
2026-05-08 15:09:58,000 [INFO]   Todos os patches já existem. Pulando.
2026-05-08 15:09:58,001 [INFO] 
[32/88] Região: 0000000000000000001f
2026-05-08 15:09:58,398 [INFO]   Grade: 238 patches (stride 230px = 0.009855° | patch 256px = 0.010970°)
2026-05-08 15:09:58,408 [INFO]   Já no disco: 238/238
2026-05-08 15:09:58,408 [INFO]   Todos os patches já existem. Pulando.
2026-05-08 15:09:58,408 [INFO] 
[33/88] Região: 00000000000000000020
2026-05-08 15:09:58,772 [INFO]   Grade: 225 patches (stride 230px = 0.009855° | patch 256px = 0.010970°)
2026-05-08 15:09:58,784 [INFO]   Já no disco: 225/225
2026-05-08 15:09:58,784 [INFO]   Todos os patches já existem. Pulando.
2026-05-08 15:09:58,784 [INFO] 
[34/88] Região: 00000000000000000021
2026-05-08 15:09:59,104 [INFO]   Grade: 100 patches (stride 230px = 0.009855° | patch 256px = 0.010970°)
2026-05-08 15:09:59,112 [INFO]   Já no disco: 100/100
2026-05-08 15:09:59,113 [INFO]   Todos os patches já existem. Pulando.
2026-05-08 15:09:59,113 [INFO] 
[35/88] Região: 00000000000000000022
2026-05-08 15:09:59,439 [INFO]   Grade: 221 patches (stride 230px = 0.009855° | patch 256px = 0.010970°)
2026-05-08 15:09:59,449 [INFO]   Já no disco: 221/221
2026-05-08 15:09:59,449 [INFO]   Todos os patches já existem. Pulando.
2026-05-08 15:09:59,450 [INFO] 
[36/88] Região: 00000000000000000023
2026-05-08 15:09:59,765 [INFO]   Grade: 195 patches (stride 230px = 0.009855° | patch 256px = 0.010970°)
2026-05-08 15:09:59,776 [INFO]   Já no disco: 195/195
2026-05-08 15:09:59,776 [INFO]   Todos os patches já existem. Pulando.
2026-05-08 15:09:59,776 [INFO] 
[37/88] Região: 00000000000000000024
2026-05-08 15:10:00,032 [INFO]   Grade: 100 patches (stride 230px = 0.009855° | patch 256px = 0.010970°)
2026-05-08 15:10:00,041 [INFO]   Já no disco: 100/100
2026-05-08 15:10:00,041 [INFO]   Todos os patches já existem. Pulando.
2026-05-08 15:10:00,041 [INFO] 
[38/88] Região: 00000000000000000025
2026-05-08 15:10:00,456 [INFO]   Grade: 143 patches (stride 230px = 0.009855° | patch 256px = 0.010970°)
2026-05-08 15:10:00,464 [INFO]   Já no disco: 143/143
2026-05-08 15:10:00,465 [INFO]   Todos os patches já existem. Pulando.
2026-05-08 15:10:00,465 [INFO] 
[39/88] Região: 00000000000000000026
2026-05-08 15:10:00,817 [INFO]   Grade: 156 patches (stride 230px = 0.009855° | patch 256px = 0.010970°)
2026-05-08 15:10:00,827 [INFO]   Já no disco: 156/156
2026-05-08 15:10:00,827 [INFO]   Todos os patches já existem. Pulando.
2026-05-08 15:10:00,828 [INFO] 
[40/88] Região: 00000000000000000027
2026-05-08 15:10:01,195 [INFO]   Grade: 100 patches (stride 230px = 0.009855° | patch 256px = 0.010970°)
2026-05-08 15:10:01,203 [INFO]   Já no disco: 100/100
2026-05-08 15:10:01,203 [INFO]   Todos os patches já existem. Pulando.
2026-05-08 15:10:01,204 [INFO] 
[41/88] Região: 00000000000000000028
2026-05-08 15:10:01,598 [INFO]   Grade: 100 patches (stride 230px = 0.009855° | patch 256px = 0.010970°)
2026-05-08 15:10:01,605 [INFO]   Já no disco: 100/100
2026-05-08 15:10:01,606 [INFO]   Todos os patches já existem. Pulando.
2026-05-08 15:10:01,606 [INFO] 
[42/88] Região: 00000000000000000029
2026-05-08 15:10:01,963 [INFO]   Grade: 121 patches (stride 230px = 0.009855° | patch 256px = 0.010970°)
2026-05-08 15:10:01,971 [INFO]   Já no disco: 121/121
2026-05-08 15:10:01,971 [INFO]   Todos os patches já existem. Pulando.
2026-05-08 15:10:01,971 [INFO] 
[43/88] Região: 0000000000000000002a
2026-05-08 15:10:02,249 [INFO]   Grade: 100 patches (stride 230px = 0.009855° | patch 256px = 0.010970°)
2026-05-08 15:10:02,257 [INFO]   Já no disco: 100/100
2026-05-08 15:10:02,258 [INFO]   Todos os patches já existem. Pulando.
2026-05-08 15:10:02,258 [INFO] 
[44/88] Região: 0000000000000000002b
2026-05-08 15:10:02,660 [INFO]   Grade: 144 patches (stride 230px = 0.009855° | patch 256px = 0.010970°)
2026-05-08 15:10:02,669 [INFO]   Já no disco: 144/144
2026-05-08 15:10:02,669 [INFO]   Todos os patches já existem. Pulando.
2026-05-08 15:10:02,669 [INFO] 
[45/88] Região: 0000000000000000002c
2026-05-08 15:10:02,965 [INFO]   Grade: 100 patches (stride 230px = 0.009855° | patch 256px = 0.010970°)
2026-05-08 15:10:02,973 [INFO]   Já no disco: 100/100
2026-05-08 15:10:02,973 [INFO]   Todos os patches já existem. Pulando.
2026-05-08 15:10:02,974 [INFO] 
[46/88] Região: 0000000000000000002d
2026-05-08 15:10:04,252 [INFO]   Grade: 182 patches (stride 230px = 0.009855° | patch 256px = 0.010970°)
2026-05-08 15:10:04,262 [INFO]   Já no disco: 182/182
2026-05-08 15:10:04,262 [INFO]   Todos os patches já existem. Pulando.
2026-05-08 15:10:04,262 [INFO] 
[47/88] Região: 0000000000000000002e
2026-05-08 15:10:04,591 [INFO]   Grade: 182 patches (stride 230px = 0.009855° | patch 256px = 0.010970°)
2026-05-08 15:10:04,601 [INFO]   Já no disco: 182/182
2026-05-08 15:10:04,602 [INFO]   Todos os patches já existem. Pulando.
2026-05-08 15:10:04,602 [INFO] 
[48/88] Região: 0000000000000000002f
2026-05-08 15:10:04,895 [INFO]   Grade: 100 patches (stride 230px = 0.009855° | patch 256px = 0.010970°)
2026-05-08 15:10:04,904 [INFO]   Já no disco: 100/100
2026-05-08 15:10:04,904 [INFO]   Todos os patches já existem. Pulando.
2026-05-08 15:10:04,904 [INFO] 
[49/88] Região: 00000000000000000030
2026-05-08 15:10:05,243 [INFO]   Grade: 144 patches (stride 230px = 0.009855° | patch 256px = 0.010970°)
2026-05-08 15:10:05,251 [INFO]   Já no disco: 144/144
2026-05-08 15:10:05,252 [INFO]   Todos os patches já existem. Pulando.
2026-05-08 15:10:05,252 [INFO] 
[50/88] Região: 00000000000000000031
2026-05-08 15:10:05,575 [INFO]   Grade: 100 patches (stride 230px = 0.009855° | patch 256px = 0.010970°)
2026-05-08 15:10:05,583 [INFO]   Já no disco: 100/100
2026-05-08 15:10:05,583 [INFO]   Todos os patches já existem. Pulando.
2026-05-08 15:10:05,584 [INFO] 
[51/88] Região: 00000000000000000032
2026-05-08 15:10:05,846 [INFO]   Grade: 100 patches (stride 230px = 0.009855° | patch 256px = 0.010970°)
2026-05-08 15:10:05,854 [INFO]   Já no disco: 100/100
2026-05-08 15:10:05,854 [INFO]   Todos os patches já existem. Pulando.
2026-05-08 15:10:05,854 [INFO] 
[52/88] Região: 00000000000000000033
2026-05-08 15:10:06,128 [INFO]   Grade: 100 patches (stride 230px = 0.009855° | patch 256px = 0.010970°)
2026-05-08 15:10:06,135 [INFO]   Já no disco: 100/100
2026-05-08 15:10:06,136 [INFO]   Todos os patches já existem. Pulando.
2026-05-08 15:10:06,136 [INFO] 
[53/88] Região: 00000000000000000034
2026-05-08 15:10:06,508 [INFO]   Grade: 100 patches (stride 230px = 0.009855° | patch 256px = 0.010970°)
2026-05-08 15:10:06,517 [INFO]   Já no disco: 100/100
2026-05-08 15:10:06,517 [INFO]   Todos os patches já existem. Pulando.
2026-05-08 15:10:06,517 [INFO] 
[54/88] Região: 00000000000000000035
2026-05-08 15:10:06,800 [INFO]   Grade: 100 patches (stride 230px = 0.009855° | patch 256px = 0.010970°)
2026-05-08 15:10:06,808 [INFO]   Já no disco: 100/100
2026-05-08 15:10:06,808 [INFO]   Todos os patches já existem. Pulando.
2026-05-08 15:10:06,808 [INFO] 
[55/88] Região: 00000000000000000036
2026-05-08 15:10:07,085 [INFO]   Grade: 132 patches (stride 230px = 0.009855° | patch 256px = 0.010970°)
2026-05-08 15:10:07,093 [INFO]   Já no disco: 132/132
2026-05-08 15:10:07,093 [INFO]   Todos os patches já existem. Pulando.
2026-05-08 15:10:07,093 [INFO] 
[56/88] Região: 00000000000000000037
2026-05-08 15:10:07,408 [INFO]   Grade: 168 patches (stride 230px = 0.009855° | patch 256px = 0.010970°)
2026-05-08 15:10:07,418 [INFO]   Já no disco: 168/168
2026-05-08 15:10:07,418 [INFO]   Todos os patches já existem. Pulando.
2026-05-08 15:10:07,419 [INFO] 
[57/88] Região: 00000000000000000038
2026-05-08 15:10:07,750 [INFO]   Grade: 234 patches (stride 230px = 0.009855° | patch 256px = 0.010970°)
2026-05-08 15:10:07,762 [INFO]   Já no disco: 234/234
2026-05-08 15:10:07,762 [INFO]   Todos os patches já existem. Pulando.
2026-05-08 15:10:07,762 [INFO] 
[58/88] Região: 00000000000000000039
2026-05-08 15:10:08,070 [INFO]   Grade: 100 patches (stride 230px = 0.009855° | patch 256px = 0.010970°)
2026-05-08 15:10:08,078 [INFO]   Já no disco: 100/100
2026-05-08 15:10:08,079 [INFO]   Todos os patches já existem. Pulando.
2026-05-08 15:10:08,079 [INFO] 
[59/88] Região: 0000000000000000003a
2026-05-08 15:10:08,390 [INFO]   Grade: 100 patches (stride 230px = 0.009855° | patch 256px = 0.010970°)
2026-05-08 15:10:08,396 [INFO]   Já no disco: 100/100
2026-05-08 15:10:08,396 [INFO]   Todos os patches já existem. Pulando.
2026-05-08 15:10:08,396 [INFO] 
[60/88] Região: 0000000000000000003b
2026-05-08 15:10:08,704 [INFO]   Grade: 361 patches (stride 230px = 0.009855° | patch 256px = 0.010970°)
2026-05-08 15:10:08,717 [INFO]   Já no disco: 361/361
2026-05-08 15:10:08,717 [INFO]   Todos os patches já existem. Pulando.
2026-05-08 15:10:08,717 [INFO] 
[61/88] Região: 0000000000000000003c
2026-05-08 15:10:09,065 [INFO]   Grade: 165 patches (stride 230px = 0.009855° | patch 256px = 0.010970°)
2026-05-08 15:10:09,075 [INFO]   Já no disco: 165/165
2026-05-08 15:10:09,075 [INFO]   Todos os patches já existem. Pulando.
2026-05-08 15:10:09,076 [INFO] 
[62/88] Região: 0000000000000000003d
2026-05-08 15:10:09,342 [INFO]   Grade: 169 patches (stride 230px = 0.009855° | patch 256px = 0.010970°)
2026-05-08 15:10:09,351 [INFO]   Já no disco: 169/169
2026-05-08 15:10:09,352 [INFO]   Todos os patches já existem. Pulando.
2026-05-08 15:10:09,352 [INFO] 
[63/88] Região: 0000000000000000003e
2026-05-08 15:10:09,716 [INFO]   Grade: 272 patches (stride 230px = 0.009855° | patch 256px = 0.010970°)
2026-05-08 15:10:09,730 [INFO]   Já no disco: 272/272
2026-05-08 15:10:09,730 [INFO]   Todos os patches já existem. Pulando.
2026-05-08 15:10:09,730 [INFO] 
[64/88] Região: 0000000000000000003f
2026-05-08 15:10:10,082 [INFO]   Grade: 100 patches (stride 230px = 0.009855° | patch 256px = 0.010970°)
2026-05-08 15:10:10,091 [INFO]   Já no disco: 100/100
2026-05-08 15:10:10,091 [INFO]   Todos os patches já existem. Pulando.
2026-05-08 15:10:10,091 [INFO] 
[65/88] Região: 00000000000000000040
2026-05-08 15:10:10,448 [INFO]   Grade: 132 patches (stride 230px = 0.009855° | patch 256px = 0.010970°)
2026-05-08 15:10:10,456 [INFO]   Já no disco: 132/132
2026-05-08 15:10:10,456 [INFO]   Todos os patches já existem. Pulando.
2026-05-08 15:10:10,456 [INFO] 
[66/88] Região: 00000000000000000041
2026-05-08 15:10:10,766 [INFO]   Grade: 352 patches (stride 230px = 0.009855° | patch 256px = 0.010970°)
2026-05-08 15:10:10,780 [INFO]   Já no disco: 352/352
2026-05-08 15:10:10,780 [INFO]   Todos os patches já existem. Pulando.
2026-05-08 15:10:10,780 [INFO] 
[67/88] Região: 00000000000000000042
2026-05-08 15:10:11,047 [INFO]   Grade: 255 patches (stride 230px = 0.009855° | patch 256px = 0.010970°)
2026-05-08 15:10:11,059 [INFO]   Já no disco: 255/255
2026-05-08 15:10:11,059 [INFO]   Todos os patches já existem. Pulando.
2026-05-08 15:10:11,059 [INFO] 
[68/88] Região: 00000000000000000043
2026-05-08 15:10:11,339 [INFO]   Grade: 132 patches (stride 230px = 0.009855° | patch 256px = 0.010970°)
2026-05-08 15:10:11,348 [INFO]   Já no disco: 132/132
2026-05-08 15:10:11,348 [INFO]   Todos os patches já existem. Pulando.
2026-05-08 15:10:11,348 [INFO] 
[69/88] Região: 00000000000000000044
2026-05-08 15:10:11,648 [INFO]   Grade: 100 patches (stride 230px = 0.009855° | patch 256px = 0.010970°)
2026-05-08 15:10:11,656 [INFO]   Já no disco: 100/100
2026-05-08 15:10:11,656 [INFO]   Todos os patches já existem. Pulando.
2026-05-08 15:10:11,657 [INFO] 
[70/88] Região: 00000000000000000045
2026-05-08 15:10:12,062 [INFO]   Grade: 252 patches (stride 230px = 0.009855° | patch 256px = 0.010970°)
2026-05-08 15:10:12,073 [INFO]   Já no disco: 252/252
2026-05-08 15:10:12,073 [INFO]   Todos os patches já existem. Pulando.
2026-05-08 15:10:12,074 [INFO] 
[71/88] Região: 00000000000000000046
2026-05-08 15:10:12,421 [INFO]   Grade: 110 patches (stride 230px = 0.009855° | patch 256px = 0.010970°)
2026-05-08 15:10:12,430 [INFO]   Já no disco: 110/110
2026-05-08 15:10:12,430 [INFO]   Todos os patches já existem. Pulando.
2026-05-08 15:10:12,430 [INFO] 
[72/88] Região: 00000000000000000047
2026-05-08 15:10:12,770 [INFO]   Grade: 100 patches (stride 230px = 0.009855° | patch 256px = 0.010970°)
2026-05-08 15:10:12,778 [INFO]   Já no disco: 100/100
2026-05-08 15:10:12,778 [INFO]   Todos os patches já existem. Pulando.
2026-05-08 15:10:12,779 [INFO] 
[73/88] Região: 00000000000000000048
2026-05-08 15:10:13,055 [INFO]   Grade: 100 patches (stride 230px = 0.009855° | patch 256px = 0.010970°)
2026-05-08 15:10:13,063 [INFO]   Já no disco: 100/100
2026-05-08 15:10:13,063 [INFO]   Todos os patches já existem. Pulando.
2026-05-08 15:10:13,063 [INFO] 
[74/88] Região: 00000000000000000049
2026-05-08 15:10:13,328 [INFO]   Grade: 374 patches (stride 230px = 0.009855° | patch 256px = 0.010970°)
2026-05-08 15:10:13,343 [INFO]   Já no disco: 374/374
2026-05-08 15:10:13,343 [INFO]   Todos os patches já existem. Pulando.
2026-05-08 15:10:13,343 [INFO] 
[75/88] Região: 0000000000000000004a
2026-05-08 15:10:13,671 [INFO]   Grade: 132 patches (stride 230px = 0.009855° | patch 256px = 0.010970°)
2026-05-08 15:10:13,679 [INFO]   Já no disco: 132/132
2026-05-08 15:10:13,680 [INFO]   Todos os patches já existem. Pulando.
2026-05-08 15:10:13,680 [INFO] 
[76/88] Região: 0000000000000000004b
2026-05-08 15:10:14,007 [INFO]   Grade: 144 patches (stride 230px = 0.009855° | patch 256px = 0.010970°)
2026-05-08 15:10:14,016 [INFO]   Já no disco: 144/144
2026-05-08 15:10:14,016 [INFO]   Todos os patches já existem. Pulando.
2026-05-08 15:10:14,016 [INFO] 
[77/88] Região: 0000000000000000004c
2026-05-08 15:10:14,350 [INFO]   Grade: 120 patches (stride 230px = 0.009855° | patch 256px = 0.010970°)
2026-05-08 15:10:14,359 [INFO]   Já no disco: 120/120
2026-05-08 15:10:14,359 [INFO]   Todos os patches já existem. Pulando.
2026-05-08 15:10:14,359 [INFO] 
[78/88] Região: 0000000000000000004d
2026-05-08 15:10:14,618 [INFO]   Grade: 132 patches (stride 230px = 0.009855° | patch 256px = 0.010970°)
2026-05-08 15:10:14,635 [INFO]   Já no disco: 132/132
2026-05-08 15:10:14,635 [INFO]   Todos os patches já existem. Pulando.
2026-05-08 15:10:14,635 [INFO] 
[79/88] Região: 0000000000000000004e
2026-05-08 15:10:14,950 [INFO]   Grade: 110 patches (stride 230px = 0.009855° | patch 256px = 0.010970°)
2026-05-08 15:10:14,959 [INFO]   Já no disco: 110/110
2026-05-08 15:10:14,960 [INFO]   Todos os patches já existem. Pulando.
2026-05-08 15:10:14,960 [INFO] 
[80/88] Região: 0000000000000000004f
2026-05-08 15:10:15,262 [INFO]   Grade: 121 patches (stride 230px = 0.009855° | patch 256px = 0.010970°)
2026-05-08 15:10:15,270 [INFO]   Já no disco: 121/121
2026-05-08 15:10:15,270 [INFO]   Todos os patches já existem. Pulando.
2026-05-08 15:10:15,270 [INFO] 
[81/88] Região: 00000000000000000050
2026-05-08 15:10:15,598 [INFO]   Grade: 110 patches (stride 230px = 0.009855° | patch 256px = 0.010970°)
2026-05-08 15:10:15,607 [INFO]   Já no disco: 110/110
2026-05-08 15:10:15,607 [INFO]   Todos os patches já existem. Pulando.
2026-05-08 15:10:15,607 [INFO] 
[82/88] Região: 00000000000000000051
2026-05-08 15:10:15,931 [INFO]   Grade: 121 patches (stride 230px = 0.009855° | patch 256px = 0.010970°)
2026-05-08 15:10:15,939 [INFO]   Já no disco: 121/121
2026-05-08 15:10:15,939 [INFO]   Todos os patches já existem. Pulando.
2026-05-08 15:10:15,939 [INFO] 
[83/88] Região: 00000000000000000052
2026-05-08 15:10:16,265 [INFO]   Grade: 110 patches (stride 230px = 0.009855° | patch 256px = 0.010970°)
2026-05-08 15:10:16,273 [INFO]   Já no disco: 110/110
2026-05-08 15:10:16,273 [INFO]   Todos os patches já existem. Pulando.
2026-05-08 15:10:16,274 [INFO] 
[84/88] Região: 00000000000000000053
2026-05-08 15:10:16,655 [INFO]   Grade: 100 patches (stride 230px = 0.009855° | patch 256px = 0.010970°)
2026-05-08 15:10:16,662 [INFO]   Já no disco: 100/100
2026-05-08 15:10:16,663 [INFO]   Todos os patches já existem. Pulando.
2026-05-08 15:10:16,663 [INFO] 
[85/88] Região: 00000000000000000054
2026-05-08 15:10:17,016 [INFO]   Grade: 224 patches (stride 230px = 0.009855° | patch 256px = 0.010970°)
2026-05-08 15:10:17,027 [INFO]   Já no disco: 224/224
2026-05-08 15:10:17,027 [INFO]   Todos os patches já existem. Pulando.
2026-05-08 15:10:17,027 [INFO] 
[86/88] Região: 00000000000000000055
2026-05-08 15:10:17,335 [INFO]   Grade: 110 patches (stride 230px = 0.009855° | patch 256px = 0.010970°)
2026-05-08 15:10:17,342 [INFO]   Já no disco: 110/110
2026-05-08 15:10:17,343 [INFO]   Todos os patches já existem. Pulando.
2026-05-08 15:10:17,343 [INFO] 
[87/88] Região: 00000000000000000056
2026-05-08 15:10:17,692 [INFO]   Grade: 132 patches (stride 230px = 0.009855° | patch 256px = 0.010970°)
2026-05-08 15:10:17,700 [INFO]   Já no disco: 132/132
2026-05-08 15:10:17,701 [INFO]   Todos os patches já existem. Pulando.
2026-05-08 15:10:17,701 [INFO] 
[88/88] Região: 00000000000000000057
2026-05-08 15:10:18,012 [INFO]   Grade: 120 patches (stride 230px = 0.009855° | patch 256px = 0.010970°)
2026-05-08 15:10:18,020 [INFO]   Já no disco: 120/120
2026-05-08 15:10:18,020 [INFO]   Todos os patches já existem. Pulando.
2026-05-08 15:10:18,020 [INFO] 
============================================================
2026-05-08 15:10:18,021 [INFO] --- Ano 2020 ---
2026-05-08 15:10:18,424 [INFO] 
[1/88] Região: 00000000000000000000
2026-05-08 15:10:18,727 [INFO]   Grade: 121 patches (stride 230px = 0.009855° | patch 256px = 0.010970°)
2026-05-08 15:10:18,736 [INFO]   Já no disco: 121/121
2026-05-08 15:10:18,736 [INFO]   Todos os patches já existem. Pulando.
2026-05-08 15:10:18,736 [INFO] 
[2/88] Região: 00000000000000000001
2026-05-08 15:10:19,096 [INFO]   Grade: 120 patches (stride 230px = 0.009855° | patch 256px = 0.010970°)
2026-05-08 15:10:19,104 [INFO]   Já no disco: 120/120
2026-05-08 15:10:19,104 [INFO]   Todos os patches já existem. Pulando.
2026-05-08 15:10:19,104 [INFO] 
[3/88] Região: 00000000000000000002
2026-05-08 15:10:19,378 [INFO]   Grade: 132 patches (stride 230px = 0.009855° | patch 256px = 0.010970°)
2026-05-08 15:10:19,388 [INFO]   Já no disco: 132/132
2026-05-08 15:10:19,388 [INFO]   Todos os patches já existem. Pulando.
2026-05-08 15:10:19,388 [INFO] 
[4/88] Região: 00000000000000000003
2026-05-08 15:10:19,666 [INFO]   Grade: 63 patches (stride 230px = 0.009855° | patch 256px = 0.010970°)
2026-05-08 15:10:19,672 [INFO]   Já no disco: 63/63
2026-05-08 15:10:19,672 [INFO]   Todos os patches já existem. Pulando.
2026-05-08 15:10:19,673 [INFO] 
[5/88] Região: 00000000000000000004
2026-05-08 15:10:19,990 [INFO]   Grade: 9 patches (stride 230px = 0.009855° | patch 256px = 0.010970°)
2026-05-08 15:10:19,996 [INFO]   Já no disco: 9/9
2026-05-08 15:10:19,996 [INFO]   Todos os patches já existem. Pulando.
2026-05-08 15:10:19,996 [INFO] 
[6/88] Região: 00000000000000000005
2026-05-08 15:10:20,399 [INFO]   Grade: 90 patches (stride 230px = 0.009855° | patch 256px = 0.010970°)
2026-05-08 15:10:20,406 [INFO]   Já no disco: 90/90
2026-05-08 15:10:20,407 [INFO]   Todos os patches já existem. Pulando.
2026-05-08 15:10:20,407 [INFO] 
[7/88] Região: 00000000000000000006
2026-05-08 15:10:20,731 [INFO]   Grade: 238 patches (stride 230px = 0.009855° | patch 256px = 0.010970°)
2026-05-08 15:10:20,742 [INFO]   Já no disco: 238/238
2026-05-08 15:10:20,742 [INFO]   Todos os patches já existem. Pulando.
2026-05-08 15:10:20,742 [INFO] 
[8/88] Região: 00000000000000000007
2026-05-08 15:10:20,998 [INFO]   Grade: 110 patches (stride 230px = 0.009855° | patch 256px = 0.010970°)
2026-05-08 15:10:21,007 [INFO]   Já no disco: 110/110
2026-05-08 15:10:21,007 [INFO]   Todos os patches já existem. Pulando.
2026-05-08 15:10:21,007 [INFO] 
[9/88] Região: 00000000000000000008
2026-05-08 15:10:21,332 [INFO]   Grade: 132 patches (stride 230px = 0.009855° | patch 256px = 0.010970°)
2026-05-08 15:10:21,340 [INFO]   Já no disco: 132/132
2026-05-08 15:10:21,340 [INFO]   Todos os patches já existem. Pulando.
2026-05-08 15:10:21,340 [INFO] 
[10/88] Região: 00000000000000000009
2026-05-08 15:10:21,697 [INFO]   Grade: 121 patches (stride 230px = 0.009855° | patch 256px = 0.010970°)
2026-05-08 15:10:21,706 [INFO]   Já no disco: 121/121
2026-05-08 15:10:21,706 [INFO]   Todos os patches já existem. Pulando.
2026-05-08 15:10:21,707 [INFO] 
[11/88] Região: 0000000000000000000a
2026-05-08 15:10:21,989 [INFO]   Grade: 156 patches (stride 230px = 0.009855° | patch 256px = 0.010970°)
2026-05-08 15:10:21,998 [INFO]   Já no disco: 156/156
2026-05-08 15:10:21,999 [INFO]   Todos os patches já existem. Pulando.
2026-05-08 15:10:21,999 [INFO] 
[12/88] Região: 0000000000000000000b
2026-05-08 15:10:22,309 [INFO]   Grade: 240 patches (stride 230px = 0.009855° | patch 256px = 0.010970°)
2026-05-08 15:10:22,320 [INFO]   Já no disco: 240/240
2026-05-08 15:10:22,320 [INFO]   Todos os patches já existem. Pulando.
2026-05-08 15:10:22,320 [INFO] 
[13/88] Região: 0000000000000000000c
2026-05-08 15:10:22,609 [INFO]   Grade: 120 patches (stride 230px = 0.009855° | patch 256px = 0.010970°)
2026-05-08 15:10:22,618 [INFO]   Já no disco: 120/120
2026-05-08 15:10:22,619 [INFO]   Todos os patches já existem. Pulando.
2026-05-08 15:10:22,619 [INFO] 
[14/88] Região: 0000000000000000000d
2026-05-08 15:10:22,876 [INFO]   Grade: 156 patches (stride 230px = 0.009855° | patch 256px = 0.010970°)
2026-05-08 15:10:22,885 [INFO]   Já no disco: 156/156
2026-05-08 15:10:22,886 [INFO]   Todos os patches já existem. Pulando.
2026-05-08 15:10:22,886 [INFO] 
[15/88] Região: 0000000000000000000e
2026-05-08 15:10:23,235 [INFO]   Grade: 121 patches (stride 230px = 0.009855° | patch 256px = 0.010970°)
2026-05-08 15:10:23,244 [INFO]   Já no disco: 121/121
2026-05-08 15:10:23,244 [INFO]   Todos os patches já existem. Pulando.
2026-05-08 15:10:23,244 [INFO] 
[16/88] Região: 0000000000000000000f
2026-05-08 15:10:23,591 [INFO]   Grade: 121 patches (stride 230px = 0.009855° | patch 256px = 0.010970°)
2026-05-08 15:10:23,599 [INFO]   Já no disco: 121/121
2026-05-08 15:10:23,600 [INFO]   Todos os patches já existem. Pulando.
2026-05-08 15:10:23,600 [INFO] 
[17/88] Região: 00000000000000000010
2026-05-08 15:10:23,945 [INFO]   Grade: 120 patches (stride 230px = 0.009855° | patch 256px = 0.010970°)
2026-05-08 15:10:23,953 [INFO]   Já no disco: 120/120
2026-05-08 15:10:23,953 [INFO]   Todos os patches já existem. Pulando.
2026-05-08 15:10:23,953 [INFO] 
[18/88] Região: 00000000000000000011
2026-05-08 15:10:24,294 [INFO]   Grade: 110 patches (stride 230px = 0.009855° | patch 256px = 0.010970°)
2026-05-08 15:10:24,302 [INFO]   Já no disco: 110/110
2026-05-08 15:10:24,303 [INFO]   Todos os patches já existem. Pulando.
2026-05-08 15:10:24,303 [INFO] 
[19/88] Região: 00000000000000000012
2026-05-08 15:10:24,575 [INFO]   Grade: 110 patches (stride 230px = 0.009855° | patch 256px = 0.010970°)
2026-05-08 15:10:24,583 [INFO]   Já no disco: 110/110
2026-05-08 15:10:24,583 [INFO]   Todos os patches já existem. Pulando.
2026-05-08 15:10:24,583 [INFO] 
[20/88] Região: 00000000000000000013
2026-05-08 15:10:24,883 [INFO]   Grade: 576 patches (stride 230px = 0.009855° | patch 256px = 0.010970°)
2026-05-08 15:10:24,904 [INFO]   Já no disco: 576/576
2026-05-08 15:10:24,904 [INFO]   Todos os patches já existem. Pulando.
2026-05-08 15:10:24,904 [INFO] 
[21/88] Região: 00000000000000000014
2026-05-08 15:10:25,193 [INFO]   Grade: 130 patches (stride 230px = 0.009855° | patch 256px = 0.010970°)
2026-05-08 15:10:25,201 [INFO]   Já no disco: 130/130
2026-05-08 15:10:25,202 [INFO]   Todos os patches já existem. Pulando.
2026-05-08 15:10:25,202 [INFO] 
[22/88] Região: 00000000000000000015
2026-05-08 15:10:25,529 [INFO]   Grade: 357 patches (stride 230px = 0.009855° | patch 256px = 0.010970°)
2026-05-08 15:10:25,544 [INFO]   Já no disco: 357/357
2026-05-08 15:10:25,544 [INFO]   Todos os patches já existem. Pulando.
2026-05-08 15:10:25,545 [INFO] 
[23/88] Região: 00000000000000000016
2026-05-08 15:10:25,989 [INFO]   Grade: 182 patches (stride 230px = 0.009855° | patch 256px = 0.010970°)
2026-05-08 15:10:26,000 [INFO]   Já no disco: 182/182
2026-05-08 15:10:26,000 [INFO]   Todos os patches já existem. Pulando.
2026-05-08 15:10:26,000 [INFO] 
[24/88] Região: 00000000000000000017
2026-05-08 15:10:26,307 [INFO]   Grade: 140 patches (stride 230px = 0.009855° | patch 256px = 0.010970°)
2026-05-08 15:10:26,316 [INFO]   Já no disco: 140/140
2026-05-08 15:10:26,316 [INFO]   Todos os patches já existem. Pulando.
2026-05-08 15:10:26,317 [INFO] 
[25/88] Região: 00000000000000000018
2026-05-08 15:10:26,670 [INFO]   Grade: 156 patches (stride 230px = 0.009855° | patch 256px = 0.010970°)
2026-05-08 15:10:26,678 [INFO]   Já no disco: 156/156
2026-05-08 15:10:26,679 [INFO]   Todos os patches já existem. Pulando.
2026-05-08 15:10:26,679 [INFO] 
[26/88] Região: 00000000000000000019
2026-05-08 15:10:27,028 [INFO]   Grade: 100 patches (stride 230px = 0.009855° | patch 256px = 0.010970°)
2026-05-08 15:10:27,036 [INFO]   Já no disco: 100/100
2026-05-08 15:10:27,037 [INFO]   Todos os patches já existem. Pulando.
2026-05-08 15:10:27,037 [INFO] 
[27/88] Região: 0000000000000000001a
2026-05-08 15:10:27,292 [INFO]   Grade: 110 patches (stride 230px = 0.009855° | patch 256px = 0.010970°)
2026-05-08 15:10:27,300 [INFO]   Já no disco: 110/110
2026-05-08 15:10:27,300 [INFO]   Todos os patches já existem. Pulando.
2026-05-08 15:10:27,300 [INFO] 
[28/88] Região: 0000000000000000001b
2026-05-08 15:10:27,599 [INFO]   Grade: 594 patches (stride 230px = 0.009855° | patch 256px = 0.010970°)
2026-05-08 15:10:27,618 [INFO]   Já no disco: 594/594
2026-05-08 15:10:27,618 [INFO]   Todos os patches já existem. Pulando.
2026-05-08 15:10:27,618 [INFO] 
[29/88] Região: 0000000000000000001c
2026-05-08 15:10:28,011 [INFO]   Grade: 255 patches (stride 230px = 0.009855° | patch 256px = 0.010970°)
2026-05-08 15:10:28,023 [INFO]   Já no disco: 255/255
2026-05-08 15:10:28,023 [INFO]   Todos os patches já existem. Pulando.
2026-05-08 15:10:28,024 [INFO] 
[30/88] Região: 0000000000000000001d
2026-05-08 15:10:28,330 [INFO]   Grade: 100 patches (stride 230px = 0.009855° | patch 256px = 0.010970°)
2026-05-08 15:10:28,339 [INFO]   Já no disco: 100/100
2026-05-08 15:10:28,339 [INFO]   Todos os patches já existem. Pulando.
2026-05-08 15:10:28,339 [INFO] 
[31/88] Região: 0000000000000000001e
2026-05-08 15:10:28,730 [INFO]   Grade: 100 patches (stride 230px = 0.009855° | patch 256px = 0.010970°)
2026-05-08 15:10:28,737 [INFO]   Já no disco: 100/100
2026-05-08 15:10:28,737 [INFO]   Todos os patches já existem. Pulando.
2026-05-08 15:10:28,738 [INFO] 
[32/88] Região: 0000000000000000001f
2026-05-08 15:10:29,034 [INFO]   Grade: 238 patches (stride 230px = 0.009855° | patch 256px = 0.010970°)
2026-05-08 15:10:29,045 [INFO]   Já no disco: 238/238
2026-05-08 15:10:29,045 [INFO]   Todos os patches já existem. Pulando.
2026-05-08 15:10:29,046 [INFO] 
[33/88] Região: 00000000000000000020
2026-05-08 15:10:29,365 [INFO]   Grade: 225 patches (stride 230px = 0.009855° | patch 256px = 0.010970°)
2026-05-08 15:10:29,376 [INFO]   Já no disco: 225/225
2026-05-08 15:10:29,376 [INFO]   Todos os patches já existem. Pulando.
2026-05-08 15:10:29,377 [INFO] 
[34/88] Região: 00000000000000000021
2026-05-08 15:10:29,723 [INFO]   Grade: 100 patches (stride 230px = 0.009855° | patch 256px = 0.010970°)
2026-05-08 15:10:29,731 [INFO]   Já no disco: 100/100
2026-05-08 15:10:29,731 [INFO]   Todos os patches já existem. Pulando.
2026-05-08 15:10:29,731 [INFO] 
[35/88] Região: 00000000000000000022
2026-05-08 15:10:30,055 [INFO]   Grade: 221 patches (stride 230px = 0.009855° | patch 256px = 0.010970°)
2026-05-08 15:10:30,065 [INFO]   Já no disco: 221/221
2026-05-08 15:10:30,065 [INFO]   Todos os patches já existem. Pulando.
2026-05-08 15:10:30,065 [INFO] 
[36/88] Região: 00000000000000000023
2026-05-08 15:10:30,436 [INFO]   Grade: 195 patches (stride 230px = 0.009855° | patch 256px = 0.010970°)
2026-05-08 15:10:30,447 [INFO]   Já no disco: 195/195
2026-05-08 15:10:30,447 [INFO]   Todos os patches já existem. Pulando.
2026-05-08 15:10:30,447 [INFO] 
[37/88] Região: 00000000000000000024
2026-05-08 15:10:30,720 [INFO]   Grade: 100 patches (stride 230px = 0.009855° | patch 256px = 0.010970°)
2026-05-08 15:10:30,729 [INFO]   Já no disco: 100/100
2026-05-08 15:10:30,729 [INFO]   Todos os patches já existem. Pulando.
2026-05-08 15:10:30,729 [INFO] 
[38/88] Região: 00000000000000000025
2026-05-08 15:10:31,076 [INFO]   Grade: 143 patches (stride 230px = 0.009855° | patch 256px = 0.010970°)
2026-05-08 15:10:31,085 [INFO]   Já no disco: 143/143
2026-05-08 15:10:31,085 [INFO]   Todos os patches já existem. Pulando.
2026-05-08 15:10:31,085 [INFO] 
[39/88] Região: 00000000000000000026
2026-05-08 15:10:31,392 [INFO]   Grade: 156 patches (stride 230px = 0.009855° | patch 256px = 0.010970°)
2026-05-08 15:10:31,402 [INFO]   Já no disco: 156/156
2026-05-08 15:10:31,402 [INFO]   Todos os patches já existem. Pulando.
2026-05-08 15:10:31,402 [INFO] 
[40/88] Região: 00000000000000000027
2026-05-08 15:10:31,680 [INFO]   Grade: 100 patches (stride 230px = 0.009855° | patch 256px = 0.010970°)
2026-05-08 15:10:31,687 [INFO]   Já no disco: 100/100
2026-05-08 15:10:31,687 [INFO]   Todos os patches já existem. Pulando.
2026-05-08 15:10:31,688 [INFO] 
[41/88] Região: 00000000000000000028
2026-05-08 15:10:32,099 [INFO]   Grade: 100 patches (stride 230px = 0.009855° | patch 256px = 0.010970°)
2026-05-08 15:10:32,108 [INFO]   Já no disco: 100/100
2026-05-08 15:10:32,108 [INFO]   Todos os patches já existem. Pulando.
2026-05-08 15:10:32,108 [INFO] 
[42/88] Região: 00000000000000000029
2026-05-08 15:10:32,397 [INFO]   Grade: 121 patches (stride 230px = 0.009855° | patch 256px = 0.010970°)
2026-05-08 15:10:32,405 [INFO]   Já no disco: 121/121
2026-05-08 15:10:32,405 [INFO]   Todos os patches já existem. Pulando.
2026-05-08 15:10:32,405 [INFO] 
[43/88] Região: 0000000000000000002a
2026-05-08 15:10:32,797 [INFO]   Grade: 100 patches (stride 230px = 0.009855° | patch 256px = 0.010970°)
2026-05-08 15:10:32,805 [INFO]   Já no disco: 100/100
2026-05-08 15:10:32,805 [INFO]   Todos os patches já existem. Pulando.
2026-05-08 15:10:32,805 [INFO] 
[44/88] Região: 0000000000000000002b
2026-05-08 15:10:33,236 [INFO]   Grade: 144 patches (stride 230px = 0.009855° | patch 256px = 0.010970°)
2026-05-08 15:10:33,245 [INFO]   Já no disco: 144/144
2026-05-08 15:10:33,246 [INFO]   Todos os patches já existem. Pulando.
2026-05-08 15:10:33,246 [INFO] 
[45/88] Região: 0000000000000000002c
2026-05-08 15:10:33,571 [INFO]   Grade: 100 patches (stride 230px = 0.009855° | patch 256px = 0.010970°)
2026-05-08 15:10:33,578 [INFO]   Já no disco: 100/100
2026-05-08 15:10:33,578 [INFO]   Todos os patches já existem. Pulando.
2026-05-08 15:10:33,579 [INFO] 
[46/88] Região: 0000000000000000002d
2026-05-08 15:10:33,909 [INFO]   Grade: 182 patches (stride 230px = 0.009855° | patch 256px = 0.010970°)
2026-05-08 15:10:33,919 [INFO]   Já no disco: 182/182
2026-05-08 15:10:33,919 [INFO]   Todos os patches já existem. Pulando.
2026-05-08 15:10:33,919 [INFO] 
[47/88] Região: 0000000000000000002e
2026-05-08 15:10:34,252 [INFO]   Grade: 182 patches (stride 230px = 0.009855° | patch 256px = 0.010970°)
2026-05-08 15:10:34,262 [INFO]   Já no disco: 182/182
2026-05-08 15:10:34,262 [INFO]   Todos os patches já existem. Pulando.
2026-05-08 15:10:34,263 [INFO] 
[48/88] Região: 0000000000000000002f
2026-05-08 15:10:34,569 [INFO]   Grade: 100 patches (stride 230px = 0.009855° | patch 256px = 0.010970°)
2026-05-08 15:10:34,578 [INFO]   Já no disco: 100/100
2026-05-08 15:10:34,578 [INFO]   Todos os patches já existem. Pulando.
2026-05-08 15:10:34,578 [INFO] 
[49/88] Região: 00000000000000000030
2026-05-08 15:10:34,899 [INFO]   Grade: 144 patches (stride 230px = 0.009855° | patch 256px = 0.010970°)
2026-05-08 15:10:34,909 [INFO]   Já no disco: 144/144
2026-05-08 15:10:34,909 [INFO]   Todos os patches já existem. Pulando.
2026-05-08 15:10:34,909 [INFO] 
[50/88] Região: 00000000000000000031
2026-05-08 15:10:35,184 [INFO]   Grade: 100 patches (stride 230px = 0.009855° | patch 256px = 0.010970°)
2026-05-08 15:10:35,191 [INFO]   Já no disco: 100/100
2026-05-08 15:10:35,191 [INFO]   Todos os patches já existem. Pulando.
2026-05-08 15:10:35,191 [INFO] 
[51/88] Região: 00000000000000000032
2026-05-08 15:10:35,517 [INFO]   Grade: 100 patches (stride 230px = 0.009855° | patch 256px = 0.010970°)
2026-05-08 15:10:35,525 [INFO]   Já no disco: 100/100
2026-05-08 15:10:35,525 [INFO]   Todos os patches já existem. Pulando.
2026-05-08 15:10:35,525 [INFO] 
[52/88] Região: 00000000000000000033
2026-05-08 15:10:35,805 [INFO]   Grade: 100 patches (stride 230px = 0.009855° | patch 256px = 0.010970°)
2026-05-08 15:10:35,813 [INFO]   Já no disco: 100/100
2026-05-08 15:10:35,813 [INFO]   Todos os patches já existem. Pulando.
2026-05-08 15:10:35,813 [INFO] 
[53/88] Região: 00000000000000000034
2026-05-08 15:10:36,104 [INFO]   Grade: 100 patches (stride 230px = 0.009855° | patch 256px = 0.010970°)
2026-05-08 15:10:36,112 [INFO]   Já no disco: 100/100
2026-05-08 15:10:36,112 [INFO]   Todos os patches já existem. Pulando.
2026-05-08 15:10:36,112 [INFO] 
[54/88] Região: 00000000000000000035
2026-05-08 15:10:36,403 [INFO]   Grade: 100 patches (stride 230px = 0.009855° | patch 256px = 0.010970°)
2026-05-08 15:10:36,411 [INFO]   Já no disco: 100/100
2026-05-08 15:10:36,411 [INFO]   Todos os patches já existem. Pulando.
2026-05-08 15:10:36,412 [INFO] 
[55/88] Região: 00000000000000000036
2026-05-08 15:10:36,767 [INFO]   Grade: 132 patches (stride 230px = 0.009855° | patch 256px = 0.010970°)
2026-05-08 15:10:36,775 [INFO]   Já no disco: 132/132
2026-05-08 15:10:36,775 [INFO]   Todos os patches já existem. Pulando.
2026-05-08 15:10:36,776 [INFO] 
[56/88] Região: 00000000000000000037
2026-05-08 15:10:37,071 [INFO]   Grade: 168 patches (stride 230px = 0.009855° | patch 256px = 0.010970°)
2026-05-08 15:10:37,082 [INFO]   Já no disco: 168/168
2026-05-08 15:10:37,082 [INFO]   Todos os patches já existem. Pulando.
2026-05-08 15:10:37,082 [INFO] 
[57/88] Região: 00000000000000000038
2026-05-08 15:10:37,353 [INFO]   Grade: 234 patches (stride 230px = 0.009855° | patch 256px = 0.010970°)
2026-05-08 15:10:37,364 [INFO]   Já no disco: 234/234
2026-05-08 15:10:37,364 [INFO]   Todos os patches já existem. Pulando.
2026-05-08 15:10:37,364 [INFO] 
[58/88] Região: 00000000000000000039
2026-05-08 15:10:37,635 [INFO]   Grade: 100 patches (stride 230px = 0.009855° | patch 256px = 0.010970°)
2026-05-08 15:10:37,643 [INFO]   Já no disco: 100/100
2026-05-08 15:10:37,643 [INFO]   Todos os patches já existem. Pulando.
2026-05-08 15:10:37,644 [INFO] 
[59/88] Região: 0000000000000000003a
2026-05-08 15:10:37,926 [INFO]   Grade: 100 patches (stride 230px = 0.009855° | patch 256px = 0.010970°)
2026-05-08 15:10:37,933 [INFO]   Já no disco: 100/100
2026-05-08 15:10:37,934 [INFO]   Todos os patches já existem. Pulando.
2026-05-08 15:10:37,934 [INFO] 
[60/88] Região: 0000000000000000003b
2026-05-08 15:10:38,205 [INFO]   Grade: 361 patches (stride 230px = 0.009855° | patch 256px = 0.010970°)
2026-05-08 15:10:38,220 [INFO]   Já no disco: 361/361
2026-05-08 15:10:38,220 [INFO]   Todos os patches já existem. Pulando.
2026-05-08 15:10:38,220 [INFO] 
[61/88] Região: 0000000000000000003c
2026-05-08 15:10:38,560 [INFO]   Grade: 165 patches (stride 230px = 0.009855° | patch 256px = 0.010970°)
2026-05-08 15:10:38,571 [INFO]   Já no disco: 165/165
2026-05-08 15:10:38,571 [INFO]   Todos os patches já existem. Pulando.
2026-05-08 15:10:38,571 [INFO] 
[62/88] Região: 0000000000000000003d
2026-05-08 15:10:38,904 [INFO]   Grade: 169 patches (stride 230px = 0.009855° | patch 256px = 0.010970°)
2026-05-08 15:10:38,914 [INFO]   Já no disco: 169/169
2026-05-08 15:10:38,915 [INFO]   Todos os patches já existem. Pulando.
2026-05-08 15:10:38,915 [INFO] 
[63/88] Região: 0000000000000000003e
2026-05-08 15:10:39,283 [INFO]   Grade: 272 patches (stride 230px = 0.009855° | patch 256px = 0.010970°)
2026-05-08 15:10:39,295 [INFO]   Já no disco: 272/272
2026-05-08 15:10:39,295 [INFO]   Todos os patches já existem. Pulando.
2026-05-08 15:10:39,295 [INFO] 
[64/88] Região: 0000000000000000003f
2026-05-08 15:10:40,421 [INFO]   Grade: 100 patches (stride 230px = 0.009855° | patch 256px = 0.010970°)
2026-05-08 15:10:40,430 [INFO]   Já no disco: 100/100
2026-05-08 15:10:40,430 [INFO]   Todos os patches já existem. Pulando.
2026-05-08 15:10:40,430 [INFO] 
[65/88] Região: 00000000000000000040
2026-05-08 15:10:40,757 [INFO]   Grade: 132 patches (stride 230px = 0.009855° | patch 256px = 0.010970°)
2026-05-08 15:10:40,765 [INFO]   Já no disco: 132/132
2026-05-08 15:10:40,765 [INFO]   Todos os patches já existem. Pulando.
2026-05-08 15:10:40,765 [INFO] 
[66/88] Região: 00000000000000000041
2026-05-08 15:10:41,108 [INFO]   Grade: 352 patches (stride 230px = 0.009855° | patch 256px = 0.010970°)
2026-05-08 15:10:41,122 [INFO]   Já no disco: 352/352
2026-05-08 15:10:41,122 [INFO]   Todos os patches já existem. Pulando.
2026-05-08 15:10:41,122 [INFO] 
[67/88] Região: 00000000000000000042
2026-05-08 15:10:41,469 [INFO]   Grade: 255 patches (stride 230px = 0.009855° | patch 256px = 0.010970°)
2026-05-08 15:10:41,481 [INFO]   Já no disco: 255/255
2026-05-08 15:10:41,481 [INFO]   Todos os patches já existem. Pulando.
2026-05-08 15:10:41,481 [INFO] 
[68/88] Região: 00000000000000000043
2026-05-08 15:10:41,833 [INFO]   Grade: 132 patches (stride 230px = 0.009855° | patch 256px = 0.010970°)
2026-05-08 15:10:41,842 [INFO]   Já no disco: 132/132
2026-05-08 15:10:41,842 [INFO]   Todos os patches já existem. Pulando.
2026-05-08 15:10:41,843 [INFO] 
[69/88] Região: 00000000000000000044
2026-05-08 15:10:42,145 [INFO]   Grade: 100 patches (stride 230px = 0.009855° | patch 256px = 0.010970°)
2026-05-08 15:10:42,153 [INFO]   Já no disco: 100/100
2026-05-08 15:10:42,153 [INFO]   Todos os patches já existem. Pulando.
2026-05-08 15:10:42,153 [INFO] 
[70/88] Região: 00000000000000000045
2026-05-08 15:10:42,437 [INFO]   Grade: 252 patches (stride 230px = 0.009855° | patch 256px = 0.010970°)
2026-05-08 15:10:42,448 [INFO]   Já no disco: 252/252
2026-05-08 15:10:42,449 [INFO]   Todos os patches já existem. Pulando.
2026-05-08 15:10:42,449 [INFO] 
[71/88] Região: 00000000000000000046
2026-05-08 15:10:42,768 [INFO]   Grade: 110 patches (stride 230px = 0.009855° | patch 256px = 0.010970°)
2026-05-08 15:10:42,777 [INFO]   Já no disco: 110/110
2026-05-08 15:10:42,777 [INFO]   Todos os patches já existem. Pulando.
2026-05-08 15:10:42,777 [INFO] 
[72/88] Região: 00000000000000000047
2026-05-08 15:10:43,093 [INFO]   Grade: 100 patches (stride 230px = 0.009855° | patch 256px = 0.010970°)
2026-05-08 15:10:43,100 [INFO]   Já no disco: 100/100
2026-05-08 15:10:43,100 [INFO]   Todos os patches já existem. Pulando.
2026-05-08 15:10:43,101 [INFO] 
[73/88] Região: 00000000000000000048
2026-05-08 15:10:43,509 [INFO]   Grade: 100 patches (stride 230px = 0.009855° | patch 256px = 0.010970°)
2026-05-08 15:10:43,517 [INFO]   Já no disco: 100/100
2026-05-08 15:10:43,517 [INFO]   Todos os patches já existem. Pulando.
2026-05-08 15:10:43,517 [INFO] 
[74/88] Região: 00000000000000000049
2026-05-08 15:10:43,774 [INFO]   Grade: 374 patches (stride 230px = 0.009855° | patch 256px = 0.010970°)
2026-05-08 15:10:43,788 [INFO]   Já no disco: 374/374
2026-05-08 15:10:43,789 [INFO]   Todos os patches já existem. Pulando.
2026-05-08 15:10:43,789 [INFO] 
[75/88] Região: 0000000000000000004a
2026-05-08 15:10:44,053 [INFO]   Grade: 132 patches (stride 230px = 0.009855° | patch 256px = 0.010970°)
2026-05-08 15:10:44,061 [INFO]   Já no disco: 132/132
2026-05-08 15:10:44,062 [INFO]   Todos os patches já existem. Pulando.
2026-05-08 15:10:44,062 [INFO] 
[76/88] Região: 0000000000000000004b
2026-05-08 15:10:44,400 [INFO]   Grade: 144 patches (stride 230px = 0.009855° | patch 256px = 0.010970°)
2026-05-08 15:10:44,410 [INFO]   Já no disco: 144/144
2026-05-08 15:10:44,410 [INFO]   Todos os patches já existem. Pulando.
2026-05-08 15:10:44,410 [INFO] 
[77/88] Região: 0000000000000000004c
2026-05-08 15:10:44,721 [INFO]   Grade: 120 patches (stride 230px = 0.009855° | patch 256px = 0.010970°)
2026-05-08 15:10:44,730 [INFO]   Já no disco: 120/120
2026-05-08 15:10:44,730 [INFO]   Todos os patches já existem. Pulando.
2026-05-08 15:10:44,730 [INFO] 
[78/88] Região: 0000000000000000004d
2026-05-08 15:10:45,059 [INFO]   Grade: 132 patches (stride 230px = 0.009855° | patch 256px = 0.010970°)
2026-05-08 15:10:45,068 [INFO]   Já no disco: 132/132
2026-05-08 15:10:45,068 [INFO]   Todos os patches já existem. Pulando.
2026-05-08 15:10:45,068 [INFO] 
[79/88] Região: 0000000000000000004e
2026-05-08 15:10:45,460 [INFO]   Grade: 110 patches (stride 230px = 0.009855° | patch 256px = 0.010970°)
2026-05-08 15:10:45,468 [INFO]   Já no disco: 110/110
2026-05-08 15:10:45,468 [INFO]   Todos os patches já existem. Pulando.
2026-05-08 15:10:45,468 [INFO] 
[80/88] Região: 0000000000000000004f
2026-05-08 15:10:45,768 [INFO]   Grade: 121 patches (stride 230px = 0.009855° | patch 256px = 0.010970°)
2026-05-08 15:10:45,777 [INFO]   Já no disco: 121/121
2026-05-08 15:10:45,777 [INFO]   Todos os patches já existem. Pulando.
2026-05-08 15:10:45,777 [INFO] 
[81/88] Região: 00000000000000000050
2026-05-08 15:10:46,084 [INFO]   Grade: 110 patches (stride 230px = 0.009855° | patch 256px = 0.010970°)
2026-05-08 15:10:46,091 [INFO]   Já no disco: 110/110
2026-05-08 15:10:46,092 [INFO]   Todos os patches já existem. Pulando.
2026-05-08 15:10:46,092 [INFO] 
[82/88] Região: 00000000000000000051
2026-05-08 15:10:46,430 [INFO]   Grade: 121 patches (stride 230px = 0.009855° | patch 256px = 0.010970°)
2026-05-08 15:10:46,438 [INFO]   Já no disco: 121/121
2026-05-08 15:10:46,439 [INFO]   Todos os patches já existem. Pulando.
2026-05-08 15:10:46,439 [INFO] 
[83/88] Região: 00000000000000000052
2026-05-08 15:10:46,733 [INFO]   Grade: 110 patches (stride 230px = 0.009855° | patch 256px = 0.010970°)
2026-05-08 15:10:46,741 [INFO]   Já no disco: 110/110
2026-05-08 15:10:46,741 [INFO]   Todos os patches já existem. Pulando.
2026-05-08 15:10:46,741 [INFO] 
[84/88] Região: 00000000000000000053
2026-05-08 15:10:47,119 [INFO]   Grade: 100 patches (stride 230px = 0.009855° | patch 256px = 0.010970°)
2026-05-08 15:10:47,127 [INFO]   Já no disco: 100/100
2026-05-08 15:10:47,127 [INFO]   Todos os patches já existem. Pulando.
2026-05-08 15:10:47,127 [INFO] 
[85/88] Região: 00000000000000000054
2026-05-08 15:10:47,397 [INFO]   Grade: 224 patches (stride 230px = 0.009855° | patch 256px = 0.010970°)
2026-05-08 15:10:47,408 [INFO]   Já no disco: 224/224
2026-05-08 15:10:47,408 [INFO]   Todos os patches já existem. Pulando.
2026-05-08 15:10:47,408 [INFO] 
[86/88] Região: 00000000000000000055
2026-05-08 15:10:47,776 [INFO]   Grade: 110 patches (stride 230px = 0.009855° | patch 256px = 0.010970°)
2026-05-08 15:10:47,784 [INFO]   Já no disco: 110/110
2026-05-08 15:10:47,784 [INFO]   Todos os patches já existem. Pulando.
2026-05-08 15:10:47,784 [INFO] 
[87/88] Região: 00000000000000000056
2026-05-08 15:10:48,064 [INFO]   Grade: 132 patches (stride 230px = 0.009855° | patch 256px = 0.010970°)
2026-05-08 15:10:48,078 [INFO]   Já no disco: 132/132
2026-05-08 15:10:48,078 [INFO]   Todos os patches já existem. Pulando.
2026-05-08 15:10:48,078 [INFO] 
[88/88] Região: 00000000000000000057
2026-05-08 15:10:48,446 [INFO]   Grade: 120 patches (stride 230px = 0.009855° | patch 256px = 0.010970°)
2026-05-08 15:10:48,454 [INFO]   Já no disco: 120/120
2026-05-08 15:10:48,455 [INFO]   Todos os patches já existem. Pulando.
2026-05-08 15:10:48,455 [INFO] 
============================================================
2026-05-08 15:10:48,455 [INFO] --- Ano 2021 ---
2026-05-08 15:10:48,762 [INFO] 
[1/88] Região: 00000000000000000000
2026-05-08 15:10:49,280 [INFO]   Grade: 121 patches (stride 230px = 0.009855° | patch 256px = 0.010970°)
2026-05-08 15:10:49,286 [INFO]   Já no disco: 0/121
2026-05-08 15:17:17,117 [INFO]   Baixados: 121 | Pulados (já existiam): 0 | Falhas: 0
2026-05-08 15:17:17,117 [INFO] 
[2/88] Região: 00000000000000000001
2026-05-08 15:17:17,511 [INFO]   Grade: 120 patches (stride 230px = 0.009855° | patch 256px = 0.010970°)
2026-05-08 15:17:17,512 [INFO]   Já no disco: 0/120
2026-05-08 15:23:56,740 [INFO]   Baixados: 120 | Pulados (já existiam): 0 | Falhas: 0
2026-05-08 15:23:56,741 [INFO] 
[3/88] Região: 00000000000000000002
2026-05-08 15:23:57,197 [INFO]   Grade: 132 patches (stride 230px = 0.009855° | patch 256px = 0.010970°)
2026-05-08 15:23:57,197 [INFO]   Já no disco: 0/132
